id,victim,domain,tld,posted_utc,posted_date,posted_month,countdown_hours,release_utc,revenue_usd_m,claimed_volume_gb,published_flag,pinned,hidden,has_media,has_report,description,country,industry,data_types,rl_discovered,rl_attackdate,rl_match,first_seen,first_seen_month,date_gap_days,timer_reset_suspected,country_check,needs_review,group
ftapisoft,FTAPI Software,ftapi.com,com,2026-09-25 09:30,2026-09-25,2026-09,239,2026-10-05 08:30,,,False,False,False,False,False,"ftapi.com zoominfo.com/c/ftapi-software/346927067 FTAPI (founded 2010, Munich, Germany) is a software company offering a secure, GDPR-compliant platform for exchanging sensitive business data and automating workflows — encrypted email and file transfer, virtual data rooms, digital forms and no-code process automation. It serves 2,000+ organizations and over a million users, mainly in public administration, healthcare, insurance and industry, with all data hosted exclusively in Germany under strict certifications (ISO 27001, BSI C5, SOC 2) and optional zero-knowledge encryption. Its core selling point is European digital sovereignty — a compliant alternative to US cloud tools like Dropbox under GDPR, NIS-2 and DORA regulations. In 2025 it raised €65 million from PE investors Armira and Tikehau Capital, which took control to fund EU expansion and acquisitions. The company employs around 150 people and targets becoming a leading European player in secure data exchange by 2028–29.",US,Technology,,2026-09-26,2026-09-25,domain,2026-09-25,2026-09,1.0,False,False,False,TheGentlemen
enkeiam,ENKEI*******,,,2026-09-24 08:21,2026-09-24,2026-09,239,2026-10-04 07:21,,,False,False,False,False,False,"This company specializes in manufacturing light-alloy aluminum wheels for automakers — that is, it supplies factory rims for new cars rather than selling to retail consumers. It is the U.S. production arm of a major Japanese group, a global leader in this industry, with a casting plant in the American Midwest and its own in-house die-making capability. Its main clients are large car manufacturers (mass-market Japanese brands and new EV makers), with products going straight to vehicle assembly lines. The business is currently undergoing restructuring: part of its capacity is being shut down due to labor shortages and high operating costs, with production being consolidated at a single plant.",,Manufacturing,,2026-09-26,2026-09-24,name,2026-09-24,2026-09,2.0,False,False,True,TheGentlemen
charleskeith,Charles Keith,charleskeith.com,com,2026-09-24 04:39,2026-09-24,2026-09,239,2026-10-04 03:39,,,False,False,False,False,False,"charleskeith.com zoominfo.com/c/charles--keith-pte-ltd/347827969 CHARLES & KEITH Singapore-based fashion brand founded in 1996 by brothers Charles and Keith Wong, selling women's shoes, bags, wallets and accessories. Its model is vertical integration: own designs, direct Asian factories and a fast-fashion pace of 20–30 new styles a week, delivering a ""luxury look at an affordable price"" (shoes ~$40–220, bags ~$30–190). Today it runs about 700 stores across 30+ countries with revenue of roughly US$1 billion. Marketing is driven by K-pop ambassadors (ITZY, Han So Hee, Kim You Jung) and Met Gala appearances, plus lines like L'INITIAL and PEDRO. Fully family-owned (it bought back LVMH's 20% stake in 2016), it is one of Asia's biggest fashion exporters. Main weak spots: paid/slow online returns and average durability of PU-leather products.",SG,Retail & E-Commerce,,2026-09-26,2026-09-24,domain,2026-09-24,2026-09,2.0,False,False,False,TheGentlemen
yapimerkezi,Yapı Merkezi,ym.com.tr,tr,2026-09-24 04:30,2026-09-24,2026-09,238,2026-10-04 02:30,,,False,False,False,False,False,"ym.com.tr rocketreach.co/yapi-merkezi-profile_b5c7f2fff42e0db7 YM Group is a Turkish family-owned manufacturing and brand house founded in 1986 in Istanbul by Yüksel Mehmet Yıldırım, built on a flexible-packaging plant in Çorlu (Halal-certified, exporting to Europe/MENA). Its crown jewel: it owns and operates the legendary American trail-running brand Ultimate Direction (the 1935 inventor of the hydration pack) — designing, manufacturing in Turkey and distributing it worldwide — plus its own jewelry line Ela by YM and investment arm YM Capital. The group follows the classic ladder: manufacturing → own brands → capital, with Halal certification as a niche edge for Gulf/Asian markets. Small core team (~110), private, low-profile, no public financials. Bottom line: a quiet Turkish industrial family that turned commodity packaging profits into ownership of an iconic American outdoor brand.",TR,Manufacturing,,2026-09-07,2026-09-07,domain,2026-09-07,2026-09,-17.0,True,False,False,TheGentlemen
aptekimareshki,Apteki Mareshki,mareshki.com,com,2026-09-24 04:29,2026-09-24,2026-09,238,2026-10-04 02:29,494.8,,False,False,False,False,False,"mareshki.com Apteki Mareshki Bulgaria's largest pharmacy chain by outlet count — 294 pharmacies in 120+ towns (2025), built since 1991–92 by Veselin Mareshki, the Varna businessman, founder of the Volya party and former deputy speaker of parliament. Because Bulgarian law caps one company at 4 pharmacies, the chain runs as dozens of legal entities (owned by his mother Veska, relatives and their children) under the MARESHKI HOLD AD umbrella, franchising the brand from Varnafarma-M and supplied through his own wholesaler Farmnet AD (bought from Actavis in 2010; 2016 revenue 494.8M leva, top-4 drug distributor — together with Sofarma Trading, Phoenix and Sting handling ~80% of national distribution)",BG,Healthcare,,2026-09-15,2026-09-14,domain,2026-09-15,2026-09,-9.0,True,False,False,TheGentlemen
liguesgrupo,Ligue se Grupo,grupoligue-se.pt,pt,2026-09-24 04:18,2026-09-24,2026-09,239,2026-10-04 03:18,,,False,False,False,False,False,"grupoligue-se.pt Ligue-se Grupo is a Portuguese IT and business-services group founded in 2009 in Funchal, Madeira (born from the merger of accounting firm Contatlântico and IT company Enterformatic). It runs several businesses: Chip7 retail computer stores (Madeira + Lisbon) selling PCs, laptops and accessories with repair services; GoClick, a B2B IT arm handling infrastructure, cybersecurity, cloud/Microsoft 365, ERP software (Sage, PHC, ZoneSoft) and hotel-tech solutions; and Ligue.Gest, offering accounting, payroll and tax consulting. Led by CEO Ivo Herculano Caires and CFO Élia Caires, it targets SMEs and private clients across Madeira and mainland Portugal. In short: one group covering everything from hardware sales and repairs to IT management and bookkeeping.",PT,Other,,2026-09-26,2026-09-24,domain,2026-09-24,2026-09,2.0,False,False,False,TheGentlemen
pajuhti,Pajulahti,pajulahti.com,com,2026-09-21 18:14,2026-09-21,2026-09,239,2026-10-01 17:14,,,False,False,False,False,False,"pajulahti.com zoominfo.com/c/pajulahti/369113600 Pajulahti Sports Institute is one of Finland's oldest and largest sports institutes, founded in 1929 and located on 110 hectares by Lake Iso-Kukkanen in Nastola (Lahti), about an hour from Helsinki. It is Finland's only official Olympic and Paralympic Training Center, known for its focus on endurance sports and paralympic athletics. Since January 2025, Pajulahti has been merged with Kisakallio and the Helsinki-based Urhea campus into Kolmen kampuksen urheiluopisto — the largest sports institute in Finland, with 3 campuses, ~200 employees, 73,000 m² of sports facilities, 320,000 visitors per year, and ~500 students in professional sports education. The merged group generates about €26 million in annual revenue, operates on a non-profit basis (owned by foundations)",FI,Manufacturing,,2026-09-26,2026-09-21,domain,2026-09-21,2026-09,5.0,False,False,False,TheGentlemen
crystalglasseess,Crystal Glass,crystalglassltd.co.uk,uk,2026-09-21 18:07,2026-09-21,2026-09,239,2026-10-01 17:07,,,False,False,False,False,False,"crystalglassltd.co.uk Crystal Glass (Leeds) Ltd is a family-owned glass company based in Leeds, West Yorkshire, UK, founded in 1962 and officially registered as a limited company in 1974. It operates 5 branches — Leeds (HQ), Bradford, Harrogate, Wakefield, and Castleford — covering all of West Yorkshire. Its core services are 24/7/365 emergency glazing, double glazing replacement, and custom glasswork (shower screens, shopfronts, mirrors, partitions, and commercial facades). The company runs a lean family-managed SME model with roughly 10–25 employees and estimated revenue of £1–3 million per year",GB,Manufacturing,,2026-09-26,2026-09-21,domain,2026-09-21,2026-09,5.0,False,False,False,TheGentlemen
craissa,Craisa,craisa.com,com,2026-09-21 18:04,2026-09-21,2026-09,239,2026-10-01 17:04,,,False,False,False,False,False,"craisa.com zoominfo.com/c/craisa/345610542 CRAISA S.A. is a Costa Rican distributor of agricultural, construction, and industrial machinery, founded in 1981 and headquartered in Heredia. It is the official exclusive dealer of CASE IH (agriculture) and CASE Construction Equipment in Costa Rica, covering the entire country through branches in Heredia, San Carlos, Guápiles, and Cartago. The company also distributes specialty brands including Antonio Carraro (Italian specialty tractors), Hangcha (forklifts), XAG agricultural drones, and precision farming systems (Raven/Trimble), while offering in-house service workshops, genuine parts supply, and equipment financing. It employs around 43 people with a highly loyal management core (many directors with 15–22 years of tenure), operates under SAP Business One, and holds official ""Carbono Neutral"" certification from the Costa Rican government.",,Not Found,,2026-09-26,2026-09-21,domain,2026-09-21,2026-09,5.0,False,False,True,TheGentlemen
brancoptica,Brancoptica,brancoptica.pt,pt,2026-09-21 17:54,2026-09-21,2026-09,239,2026-10-01 16:54,,,False,False,False,False,False,"brancoptica.pt Brancóptica, Lda is a family-owned optical retail chain founded in 1961 in Cartaxo, Portugal (Ribatejo region) by José Francisco Branco de Oliveira, originally as ""Oculista do Cartaxo."" Now led by the founder's son Rui Oliveira, the company operates 20+ stores across three districts — Santarém, Lisbon, and Leiria — under the banner of the international Opticalia alliance (part of EssilorLuxottica). Beyond selling eyewear (Ray-Ban, Gucci, and designer brands), it provides professional optometry and orthoptics services with a team of 20+ qualified specialists, and runs its own e-commerce store on Shopify. The company employs roughly 31–51 people with estimated revenue in the €2–10 million range. It is a rare example of a family optical chain that has survived and grown amid the mass decline of independent opticians in Portugal, winning the ÓpticaPro 2024 Social Responsibility Award.",PT,Other,,2026-09-26,2026-09-21,domain,2026-09-21,2026-09,5.0,False,False,False,TheGentlemen
puroclean,PuroClean,puroclean.com,com,2026-09-21 17:52,2026-09-21,2026-09,239,2026-10-01 16:52,,,False,False,False,False,False,"puroclean.com purocleanfranchise.com PuroClean is North America's largest privately owned property damage restoration franchise, known as ""The Paramedics of Property Damage®"", with 500+ franchise locations across the U.S., Canada, and Puerto Rico, headquartered in Tamarac, Florida. It provides 24/7 emergency services — water damage mitigation, fire and smoke restoration, mold remediation, biohazard cleanup, and reconstruction — responding within two hours, and is a preferred provider for 3 of the top 5 U.S. insurance carriers. The brand was launched in 2001 under the legal entity PuroSystems, LLC; in 2015 it was acquired by Mark W. Davis (former co-founder/CEO of Belfor North America) and Frank Torre, who grew the network from 222 to 500+ locations. The franchisor's audited revenue is $31.8 million (FY2025), while system-wide franchise sales exceed $400 million, with an average franchise unit generating ~$942K per year.",US,Other,,2026-09-26,2026-09-21,domain,2026-09-21,2026-09,5.0,False,False,False,TheGentlemen
trifecta,Trifecta Software,trifectasoftware.com,com,2026-09-21 17:45,2026-09-21,2026-09,239,2026-10-01 16:45,,,False,False,False,False,False,"trifectasoftware.com zoominfo.com/c/trifecta-software/464122642 Trifecta Software is a small Costa Rican software development company based in San José, founded in 2011 by Joseph Phillips, a Costa Rican engineer and entrepreneur. The company provides custom software development for U.S. clients (mostly under NDA), plus CRM implementation based on open-source vTiger (branded CostaRicaCRM), and operates within a family of related businesses including a digital marketing agency (Mercadeo Asertivo) and an e-invoicing SaaS (Facturero.com). Its founder previously co-founded a health-tech startup that was acquired by Huli Health in 2018. The team is small — around 6 people — with revenue estimated between $250K and $1.5 million annually. In November 2025, the company registered a new legal entity in Panama, and in 2026 repositioned itself with an ""AI-first"" custom software branding.",US,Technology,,2026-09-26,2026-09-21,domain,2026-09-21,2026-09,5.0,False,False,False,TheGentlemen
markisol,Markisol,markisol.se,se,2026-09-21 17:43,2026-09-21,2026-09,239,2026-10-01 16:43,,,False,False,False,False,False,"markisol.se zoominfo.com/c/markisol-ab/357807356 Markisol Group is a Swedish family-owned manufacturer of window blinds (roller, venetian, pleated, roman, and panel) headquartered in Ronneby, Sweden, founded in the late 1960s by Bo Persson, who started making blinds at age 6 alongside his father and built the company into one of the world's leading blind producers. The company has been a supplier to IKEA since 1983 and is fully vertically integrated — it designs and builds its own patented assembly machines (up to 400 blinds per hour), produces its own components, and weaves and prints its own fabrics at its textile plant in Narva, Estonia (in the historic Krenholm factory).",SE,Manufacturing,,2026-09-26,2026-09-21,domain,2026-09-21,2026-09,5.0,False,False,False,TheGentlemen
agrocampo,Agrocampo,agrocampo.com.co,co,2026-09-21 17:40,2026-09-21,2026-09,239,2026-10-01 16:40,,,False,False,False,False,False,"agrocampo.com.co zoominfo.com/c/agrocampo/433785602 Agrocampo S.A.S. is Colombia's first and only veterinary hypermarket, founded in 1979 by veterinarian Alfonso Villa and headquartered in Bogotá, serving as the country's leading distributor of veterinary drugs and agricultural supplies for over 45 years. The company operates one flagship hypermarket in Bogotá plus a 24/7 distribution center of ~8,000 m² in Cota, delivering 15,000+ products to ~980 municipalities (99% of Colombia's territory) through e-commerce, call center, and a network of partner veterinary stores it deliberately does not compete with. It generates around COP 164 billion (~USD 40 million) in annual revenue with a team of ~270–300 employees, and also operates in Panama, Guatemala, and Costa Rica.",CO,Agriculture and Food Production,,2026-09-26,2026-09-21,domain,2026-09-21,2026-09,5.0,False,False,False,TheGentlemen
grupoarsani,Grupo MARSAN,grupomarsan.com,com,2026-09-21 17:34,2026-09-21,2026-09,239,2026-10-01 16:34,,,False,False,False,False,False,"grupomarsan.com zoominfo.com/c/grupo-marsan/460771135 Grupo Marsan is a Spanish Tier 2 automotive supplier founded in 1951 in Vigo, Spain, specializing in industrial surface coatings — cataphoresis (e-coating), powder and liquid painting — plus metal stamping, assembly, and JIT logistics, with a capacity of 300,000 parts per day. The company operates plants in Spain (Vigo, Zaragoza), Portugal, and Mexico, and also builds and runs dedicated in-house coating lines inside clients' facilities, supported by its own technology center M-Tech. It works under IATF automotive quality standards within supply chains of major OEMs and Tier 1 suppliers. After a liquidity crisis in 2024, the group was recapitalized with private and Galician public funds (~47.5% held by Xesgalicia and Vigo Activo), and Marcos Oubiña was appointed CEO. FY2024 revenue exceeded €28 million with ~450 employees, and in 2025 the company acquired KATA Aragón, growing to ~500 employees",MX,Manufacturing,,2026-09-26,2026-09-21,domain,2026-09-21,2026-09,5.0,False,False,False,TheGentlemen
progeny,Progeny,progenyag.com,com,2026-09-21 17:31,2026-09-21,2026-09,239,2026-10-01 16:31,,,False,False,False,False,False,"progenyag.com zoominfo.com/c/progeny-ag/351504348 Erwin-Keith, Inc. (Progeny Ag Products) is a family-owned seed and grain company founded in 1984 in the Arkansas Delta (Wynne, Arkansas, USA), operating under the Progeny brand since 1997. The company develops and markets its own varieties of soybeans, corn, wheat, and rice, selling across 10–11 Southern U.S. states. Its rice brand ProGold is licensed from the University of Arkansas — and ProGold L4 and M3 varieties are now included in the university's official 2026 recommended planting list. Beyond seeds, the company runs grain elevators (including a rail facility), a trucking fleet across 9 states, and grain marketing programs (HTA, basis-only, and average pricing contracts). Estimated revenue is around $26 million with roughly 100+ employees (seasonal workforce included), and the business remains led by the founding Erwin and Keith families.",AG,Technology,,2026-09-26,2026-09-21,domain,2026-09-21,2026-09,5.0,False,False,False,TheGentlemen
anphlath,ANP Health,anphealthsolutions.com,com,2026-09-21 17:28,2026-09-21,2026-09,239,2026-10-01 16:28,,,False,False,False,False,False,"anphealthsolutions.com ANP Health Services Inc. is a Florida-based recruitment agency specializing in placing foreign-trained nurses into U.S. hospitals, with a strong focus on Latin America (especially Venezuela). Founded in 2019 by Nelson Hurtado, a Venezuelan immigrant and registered nurse, the company provides an end-to-end service: credential validation, NCLEX exam preparation, English training, direct-hire placement with 150+ partner hospitals, and visa sponsorship (EB-3 Green Card for the nurse and family). It has helped over 2,000 nurses from 28 countries, with candidates typically earning $70–100K per year plus sign-on bonuses. The company is a Certified Ethical Recruiter (CGFNS Alliance) — one of only about 16 accredited firms in the U.S. — and employs roughly 30–50 people across 9 countries. Estimated revenue is $10–50 million annually.",BR,Healthcare,,2026-09-26,2026-09-21,domain,2026-09-21,2026-09,5.0,False,False,False,TheGentlemen
mmagneetos,Magnetos y Refacciones,magnetos.com.mx,mx,2026-09-21 17:24,2026-09-21,2026-09,239,2026-10-01 16:24,,,False,False,False,False,False,"magnetos.com.mx zoominfo.com/c/magnetos-y-refacciones-sa-de-cv/1288761434 Magnetos y Refacciones, S.A. de C.V. is a Mexican trading and service company founded in 1977 and headquartered in Guadalajara, Jalisco. Its core business is supplying magnet wire, bearings, insulating varnishes, electric motors, and spare parts for motor repair — wholesale and retail, serving customers across all 32 Mexican states. Its second key business is a nationwide network of authorized service centers performing warranty and post-warranty repair for Groupe SEB brands (Krups, T-Fal, Rowenta, Moulinex) and Taurus in 8–10 Mexican cities. The company employs around 129 people and is part of a small group operated by Corporación Rodaja. It also exports to Central America (mainly El Salvador), with about US$4.2 million in shipments over the last five years. Despite nearly 50 years on the market, it has virtually no digital presence — its website is an empty placeholder.",MX,Manufacturing,,2026-09-26,2026-09-21,domain,2026-09-21,2026-09,5.0,False,False,False,TheGentlemen
centremedical,Centre Medical Crowley,crowleymd.ca,ca,2026-09-21 17:16,2026-09-21,2026-09,239,2026-10-01 16:16,,,False,False,False,False,False,"crowleymd.ca zoominfo.com/c/centre-médical-crowley/1340359581 Centre Médical Crowley is a private multidisciplinary medical clinic and medical business center in Montreal, Canada, opened in 2019 by founder and CEO Myrlande Tropnas. Located just steps from the McGill University Health Centre (MUHC) — one of the world's leading research hospitals — the clinic serves as a convenient satellite for its patients and specialists. It offers family medicine for adults, pediatric dermatology and allergy (including rare services like oral immunotherapy), rheumatology, gynecology, ophthalmology, and a private aesthetic clinic, with a Dynacare lab and pharmacy on site. The business model is twofold: running its own clinic while also renting space to independent doctors, specialists, and healthcare businesses. The team of about 13 people is growing rapidly, with new services such as private ultrasound being added.",CA,Healthcare,,2026-06-15,2026-06-15,domain,2026-06-15,2026-06,-98.0,True,False,False,TheGentlemen
hellhelut,Hell Helmut GmbH,fachhandel-hell.at,at,2026-09-21 17:10,2026-09-21,2026-09,239,2026-10-01 16:10,,,False,False,False,False,False,"fachhandel-hell.at Hell Helmut GmbH is a small family-owned B2B wholesale company based in Hall in Tirol, Austria, operating for over 20 years and specialized in sanitary and heating supplies. The company positions itself as a system supplier for underfloor heating, serving professional installers across Tyrol, Vorarlberg, and Salzburg. It sources directly from leading manufacturers — primarily IMI Heimeier (thermostatic and balancing valves) and Uponor (underfloor heating and drinking water systems) — guaranteeing original quality. Its key differentiator is in-house prefabrication: ready-made manifold stations and water metering stations built exclusively from IMI and Uponor components. The business is 100% owned and personally managed by its founder Helmut Hell, with a lean team of about 5–6 people. Overall, it is a classic regional specialist wholesaler: small, owner-run, and focused on system-based project supply rather than retail.",AT,Manufacturing,,2026-09-26,2026-09-21,domain,2026-09-21,2026-09,5.0,False,False,False,TheGentlemen
stmii,StMicroelectronics,st.com,com,2026-09-21 17:06,2026-09-21,2026-09,239,2026-10-01 16:06,13100.0,,False,False,False,False,False,"st.com zoominfo.com/c/stmicroelectronics/114508234 Revenue $13.1 Billion STMicroelectronics (ST) is one of the world's largest semiconductor companies and Europe's biggest chipmaker, headquartered in Geneva, Switzerland. Formed in 1987 through the merger of Italian and French state-owned chip companies, it is a fully integrated manufacturer — it designs, produces, and sells its own chips. Its core products are microcontrollers (the flagship STM32 family), sensors, analog and power chips, silicon carbide devices for electric vehicles, and chips for data centers and satellites. The company serves over 200,000 customers worldwide — including Apple, Tesla, Bosch, Samsung, and SpaceX — supplying components for cars, smartphones, industrial equipment, and data centers. It operates 14 manufacturing plants across Europe and Asia, employs about 49,000 people, and invests roughly 17% of its revenue in R&D.",IT,Technology,,2026-09-26,2026-09-21,domain,2026-09-21,2026-09,5.0,False,False,False,TheGentlemen
metalware,Metalware Corporation,metalware.ca,ca,2026-09-21 16:54,2026-09-21,2026-09,239,2026-10-01 15:54,,,False,False,False,False,False,"metalware.ca zoominfo.com/c/metalware-corp/57640606 Metalware Corporation is a Canadian manufacturer of industrial steel shelving and storage systems, based in Montreal, Quebec, and in business since the early 1950s. The company is best known as the inventor of boltless (""No-Bolt"") shelving, patented in 1954 by founders Irving and Ben Levitt — a design that became the industry standard for order-picking warehouses. Still family-owned and led by second/third-generation owners (President Mark Levitt), Metalware produces its flagship Interlok No-Bolt line, E-Series widespan shelving, multi-tier/high-bay systems, shelf-supported mezzanines, and modular drawer solutions at its Montreal plant, selling through a network of authorized distributors across North America. Its reference clients include the Government of Canada (Canada Revenue Agency, Department of National Defence), Porsche, and Walmart",CA,Manufacturing,,2026-09-26,2026-09-21,domain,2026-09-21,2026-09,5.0,False,False,False,TheGentlemen
guardisk,Guardrisk,guardrisk.co.za,za,2026-09-21 16:50,2026-09-21,2026-09,239,2026-10-01 15:50,,,False,False,False,False,False,"guardrisk.co.za rocketreach.co/guardrisk-insurance-company-ltd-profile_b5a52494f9c62c8e Guardrisk is a South African specialist insurance group, founded in 1993 and widely recognized as the pioneer and market leader of cell captive insurance in Africa — a model that allows companies to run their own ""branded"" insurance business under Guardrisk's licensed infrastructure instead of building a full insurer themselves. Headquartered in Sandton, Johannesburg, the group operates licensed insurers for life, non-life, and microinsurance, plus international cells in Mauritius and Gibraltar, and employs around 530 people. It has been wholly owned since 2013–14 by Momentum Group (JSE: MTN-listed MTM), which acquired it for R1.6 billion. For the financial year ended 30 June 2025, Guardrisk managed total assets of R68 billion and over 240 active cells, generating net revenue of ~R2 billion and pre-tax trading profit of ~R1 billion",ZA,Financial Services,,2026-09-26,2026-09-21,domain,2026-09-21,2026-09,5.0,False,False,False,TheGentlemen
grupolider,Grupolider,grupolider-ao.com,com,2026-09-21 07:44,2026-09-21,2026-09,239,2026-10-01 06:44,,,False,False,False,False,False,"grupolider-ao.com zoominfo.com/c/grupolider/429885445 Grupolider is an Angolan diversified holding company founded in 1999, headquartered in Catete (Luanda province). The group operates in agriculture, logistics, freight forwarding, construction, and furniture manufacturing, with its flagship business being Novagrolider — the largest agricultural producer in Angola. Novagrolider farms around 20,000 hectares of land and produces roughly 150,000 tons of food per year (bananas, vegetables, fruit, and dairy), while the group employs over 3,200 direct staff. The company exports to Portugal, Spain, France, Belgium, Russia, South Africa, and Morocco, and was the first farm in Africa to receive GlobalGAP certification. Estimated annual revenue is around USD 13–15 million (Novagrolider alone), though reliable consolidated figures for the private group are not publicly disclosed. Since 2021, after the death of co-founder João Macedo, the group has been led by his brother and partner José Macedo.",AO,Other,,2026-09-21,2026-09-21,domain,2026-09-21,2026-09,0.0,False,False,False,TheGentlemen
hollard,Hollard Insurance Group,hollard.co.za,za,2026-09-17 13:16,2026-09-17,2026-09,3,2026-09-17 16:16,,,False,False,False,False,False,"hollard.co.za zoominfo.com/c/the-hollard-insurance-company-ltd/56019572 Hollard is South Africa's largest independent, privately-owned insurance group, founded in 1980 by the Enthoven family, HQ'd in Johannesburg, 4,000+ employees, 6M+ policyholders. Ownership: Enthoven family 57%, B-BBEE group Bushwillow 20%, Tokio Marine ~22.5% (2018, ~$327M); GCR AA(za). Operates in 18 countries on 4 continents via 100+ partnership ventures: Hollard Insure (corporate/broker), Hollard Life Solutions (mass market, prepaid ""starter packs"" sold like airtime), Hollard International (8 African countries + Philippines). Landmark deals: CommInsure Australia A$625M (2022 — top-5 insurer there, 15-year exclusive bancassurance deal with Commonwealth Bank), and in 2025 Global Alliance Seguros (Mozambique) + Absa Life Botswana. Innovations: HUGinsure (world's first social-impact insurer), insurtech bets (Naked, dotsure).",ZA,Financial Services,,2026-09-07,2026-06-14,domain,2026-09-07,2026-09,-10.0,True,False,False,TheGentlemen
chipp,Chip7,chip7.pt,pt,2026-09-16 16:28,2026-09-16,2026-09,69,2026-09-19 13:28,,,False,False,False,False,False,"chip7.pt zoominfo.com/c/chip7/507351948 We have downloaded your company's data: Confidential personal data and customer information, Financial Documents and Accounting, Business correspondence and legal documents, your databases, e-mails, IT infrastructure information, Accesses and credentials, Technical documentation and other data about you company. Chip7 is Portugal's largest IT & gaming retail franchise network — born in 1994 as a tiny Porto PC-assembler, crashed with its holding's 2010 bankruptcy, had its brand seized and sold by state bank CGD, then reborn as a franchise federation run by master franchisor Strongpage (just ~9 employees owning only the brand, website and buying power). Today: 90+ independent franchised stores covering all of Portugal, ~€32M network billing (2023, +23%), 70,000+ products, 1,100+ brands online, ~$10.6M e-commerce sales.",PT,Technology,,2026-09-07,2026-09-07,domain,2026-09-07,2026-09,-9.0,True,False,False,TheGentlemen
medskin,MedSkin Solutions Dr. Suwelack AG,medskin-suwelack.com,com,2026-09-14 18:02,2026-09-14,2026-09,239,2026-09-24 17:02,,,False,False,False,False,False,"medskin-suwelack.com rocketreach.co/medskin-solutions-dr-suwelack-ag-profile_b44a3a45fd136bbb MedSkin Solutions Dr. Suwelack AG MedSkin Solutions Dr Suwelack AG is a German biotechnology company. It was founded in 1997 and is based in Billerbeck near Münster. DATA Finance Accounting Core Quality Management System QMS Validation Manufacturing Production Operations Corporate Controlling Financial Planning Health, Safety Environmental Compliance AUM Corporate Identity Marketing Assets Supply Chain Vendor Management Legal Intercompany Contracts IT Infrastructure Data Repositories Human Resources Personnel Records US Subsidiaries International Taxation Construction Facility Projects Regulatory Affairs Medical Device Registration Executive Communications Email Archives Archived Confectioning Procedures",DE,Healthcare,,2026-09-15,2026-09-14,domain,2026-09-14,2026-09,1.0,False,False,False,TheGentlemen
tmiii,TMI Tecnicas Mecanicas Ilerdenses,tmipal.com,com,2026-09-14 17:36,2026-09-14,2026-09,239,2026-09-24 16:36,,,False,False,False,False,False,"tmipal.com zoominfo.com/c/tmi-técnicas-mecánicas-ilerdenses-sl/372767545 TMI Tecnicas Mecanicas Ilerdenses Spanish machining and metal-casting factory from Lleida, Catalonia — founded 1991, producing and repairing components for agricultural machinery and industrial customers (custom parts made to customer drawings; ""Ilerdenses"" refers to Ilerda, the Roman name of Lleida). Classic quiet Catalan workshop serving Spain's fruit-growing capital, where farm equipment wears out fast and OEM replacement parts aren't always available.",ES,Manufacturing,,2026-09-15,2026-09-14,domain,2026-09-14,2026-09,1.0,False,False,False,TheGentlemen
safeware,Safeware,safewareinc.com,com,2026-09-14 17:29,2026-09-14,2026-09,239,2026-09-24 16:29,,,False,False,False,False,False,"safewareinc.com Safeware Inc. is a national leader providing safety and security solutions for first responders, schools, and government agencies. For over 40 years, they have supplied advanced protective equipment and public preparedness training across the United States. The company simplifies government purchasing by offering specialized gear through competitive cooperative contract pricing.",US,Technology,,2026-08-13,2026-08-12,domain,2026-08-13,2026-08,-32.0,True,False,False,TheGentlemen
libreriasantafe,Librería Santa Fe,santafelibros.com.ar,ar,2026-09-14 17:28,2026-09-14,2026-09,239,2026-09-24 16:28,,,False,False,False,False,False,"santafelibros.com.ar Librería Santa Fe APS S.R.L. is an Argentine book retailer and distributor from Buenos Aires — founded 1996 (SIC 5942 Book Stores, Active status), operating a chain of bookstores (named after Avenida Santa Fe, the city's legendary book district in Barrio Norte) plus B2B book/stationery distribution to schools and institutions across Argentina, with traces in Italian business aggregators (export/Italy-linked operations). Classic family bookselling business — pre-Amazon era model: retail + distribution. Bottom line: a Buenos Aires book chain riding the avenue that made the city UNESCO's 2011 World Book Capital.",AR,Retail & E-Commerce,,2026-09-15,2026-09-14,domain,2026-09-14,2026-09,1.0,False,False,False,TheGentlemen
aforpa,Aforpa,aforpa.fr,fr,2026-09-14 16:44,2026-09-14,2026-09,239,2026-09-24 15:44,,,False,False,False,False,False,"aforpa.fr zoominfo.com/c/aforpa/427085810 Aforpa French electrical engineering & installation contractor based in Roissy-en-France (next to Paris-CDG airport) — founded 1965 (current SAS registered 1978), specializing in high-power electrical works (HTA/BT networks, lighting) and industrial automation for airports, power plants, tunnels, telecom and residential towers. Its verified credentials: RATP certificate Q19 (electrical works for Paris transport — tunnels/stations) and registration on SFR's contractor registry (telecom power infrastructure). Headcount ~100–250, revenue est. €30–60M (private, undisclosed).",FR,Not Found,,2026-09-15,2026-09-14,domain,2026-09-14,2026-09,1.0,False,False,True,TheGentlemen
"wadafar,s",Wada Farms,wadafarms.com,com,2026-09-14 16:42,2026-09-14,2026-09,239,2026-09-24 15:42,,,False,False,False,False,False,"wadafarms.com Wada Farms third-generation family potato empire from Idaho — founded 1945 by Japanese-American farmer Albert Wada (whose family was interned at Minidoka camp during WWII, then returned and bought 160 acres near Pocatello); today run by the third generation (~10,000 acres in Magic Valley growing Idaho® Russet potatoes, onions and sweet potatoes) with its own climate-controlled storage, packing shed and three brands: Potato King™, Wada Farms® and Wada Farms Organic® — selling into national grocery chains, processors and export channels. Vertical integration from field to branded shelf; revenue undisclosed (est. $50–100M+); 50–150 seasonal/permanent staff",JP,Agriculture and Food Production,,2026-09-15,2026-09-14,domain,2026-09-14,2026-09,1.0,False,False,False,TheGentlemen
somit,Somit,somit.com,com,2026-09-14 16:40,2026-09-14,2026-09,239,2026-09-24 15:40,,,False,False,False,False,False,"somit.com zoominfo.com/c/somit/372548242 Guatemalan IT systems integrator founded in 1994 — designing, deploying and maintaining data networks, telecommunications, security systems, data-center engineering (power/cooling) and telemedicine & distance-learning interactive platforms for Guatemala's corporate and government sectors. In-house certified engineering staff; anchor clients include banks, universities and government institutions. A classic invisible Central-American integrator: 30+ years in the market, stable demand from banks and the state, near-zero international digital footprint",FI,Technology,,2026-09-15,2026-09-14,domain,2026-09-14,2026-09,1.0,False,False,False,TheGentlemen
multiplaa,Multipla Contabilidade Empresarial,contabilmultipla.com.br,br,2026-09-14 16:36,2026-09-14,2026-09,239,2026-09-24 15:36,,,False,False,False,False,False,"contabilmultipla.com.br Multipla Contabilidade Empresarial family accounting firm from Piracicaba, São Paulo state, operating since 1990 — legal entity MULTIPLA CONTABILIDADE EMPRESARIAL S/S LTDA (CNPJ 05.145.683/0001-99, founded 01/07/2002, capital R$700,000, Simples taxpayer), owned and run by husband-and-wife team Renata Nunes Albino Semmler (accounting director, 35+ years in the profession) and Charles Semmler, with the second generation (Beatriz & Eduardo Albino Semmler) joining family firms in 2026. Services: industry-specialized accounting (services, commerce, industry, healthcare, construction, agribusiness), BPO financial outsourcing (spun into Multipla Gestão Financeira, 2022), company formation & legalization, tax planning & revision, and full payroll/HR (eSocial, DCTFWeb). Team of ~15–20",BR,Professional Services,,2026-09-15,2026-09-14,domain,2026-09-14,2026-09,1.0,False,False,False,TheGentlemen
techasiaa,Technical Asia,technicalasia.com,com,2026-09-14 16:35,2026-09-14,2026-09,239,2026-09-24 15:35,,,False,False,False,False,False,"technicalasia.com zoominfo.com/c/technical-asia-pte-ltd/347370168 Technical Asia Thai-Japanese JV (founded 1990, HQ Samut Prakan/Bangkok) — the leading engineering-plastics distributor and fabricator in Thailand & Southeast Asia, importing materials from Japan's Sankyo Kasei and processing them locally: UHMW-PE, MC-Nylon, POM, PA6G, HDPE, PEEK, PVC-C, PVDF, PET, PTFE — sold as cut-to-size sheets/rods/tubes and CNC-machined custom parts for automotive, food & packaging, semiconductors, chemicals, oil & gas, robotics and water treatment across SEA. Model: local warehouse stock (days vs. months from Japan) + cut-to-size service + CNC fabrication + engineering material consultation; ISO 9001 certified. ~50–100 staff, revenue est. 100–500M THB (private JV, not disclosed)",TH,Technology,,2026-09-15,2026-09-14,domain,2026-09-14,2026-09,1.0,False,False,False,TheGentlemen
eilot,Ardom Eilot,ardomeilot.com,com,2026-09-14 16:28,2026-09-14,2026-09,239,2026-09-24 15:28,,,False,False,False,False,False,"ardomeilot.com Ardom Eilot transport & logistics arm of the Ardom Group — the southern-Arava (Israel) kibbutz conglomerate owned by 9 kibbutzim + the Hevel Eilot Regional Council (founded 1978 as a cooperative). It hauls the region's entire output — dates (80,000+ palms, ~7,000 t/yr via Ardom Dates), vegetables (~10,000 t/yr via Ardom Marketing), mail, materials and equipment for the owner-kibbutzim — across Israel, running on the group's own VIA CARGO / EITAM logistics software (Israel's leading transport ERP, acquired 2008). The domain is one branch of the same cooperative ecosystem that also owns Ardom Dates Factories, Ardom Marketing, Ardom Water Association, Ardom Telecomputing (ICT) and Eilat-Eilot Renewable Energy (104 MW solar, target 400 MW by 2040, green hydrogen with H2PRO/Doral). Bottom line: the internal hauler of a kibbutz-built desert economy — and yes, this is definitely them.",IL,Not Found,,2026-09-15,2026-09-14,domain,2026-09-14,2026-09,1.0,False,False,True,TheGentlemen
danginvestgroup,Dang Invest Group,danginvestgroup.com,com,2026-09-14 16:10,2026-09-14,2026-09,239,2026-09-24 15:10,,,False,False,False,False,False,"danginvestgroup.com Dang Invest Group zech family restaurant group from Ostrava, founded in 1998 by Vietnamese immigrants — the force behind the country's biggest Asian fast-food network: brands GUTY (""Taste of Modern Asia"" — bánh mì, bao, rice bowls), Multifood (the original, 1998), Rakki Sushi, Tuk Tuk and Amart cafés, running 70+ company-owned outlets across Czechia, Slovakia and Germany, mostly on shopping-mall food courts, with a central kitchen and no franchise/PE money. The Vietnamese-diaspora ladder: one stall in 1998 → mall standard in the 2000s → sub-brands in the 2010s → three countries in the 2020s, with the GUTY trademark registered at EUIPO/UKIPO for future European expansion.",VN,Financial Services,,2026-09-15,2026-09-14,domain,2026-09-14,2026-09,1.0,False,False,False,TheGentlemen
domegoldminees,Dome Gold Mines,,,2026-09-14 16:02,2026-09-14,2026-09,239,2026-09-24 15:02,,,False,False,False,False,False,"Dome Gold Mines (ASX: DOM) is an Australian pre-revenue explorer with a stalled copper-gold project in Fiji — incorporated 1992 in Perth, it holds the Sigatoka Ironsands Project: unique coastal dune + offshore heavy-mineral sands (Fe-Ti-V-TREO + Au-Cu), with a ready design: modular wet plant, US$38M CAPEX, US$103M NPV, 33% IRR — but zero revenue in 34 years. Why stuck: 87% of Fiji's land belongs to indigenous mataqali clans (land-use deals take years), coastal/fisheries opposition, COVID freeze 2020–22, and repeated dilution from capital raises. Shares now trade off-market via PrimaryMarkets (a sign of suspension/possible delisting) at an implied cap of A$20–30M. Bottom line: a textbook ""sleeping asset"" — perfect on paper, stuck on land tenure and financing — the classic case of why 90% of exploration companies never build a mine.",,Manufacturing,,2026-09-15,2026-09-14,name,2026-09-14,2026-09,1.0,False,False,True,TheGentlemen
tentac,Tentac,tentac.co.jp,jp,2026-09-14 16:01,2026-09-14,2026-09,239,2026-09-24 15:01,,,False,False,False,False,False,"tentac.co.jp zoominfo.com/c/tentac-co-ltd/458253608 TENTAC Co., Ltd world's leading maker of robotic tool changers — automatic docking systems that let industrial robots swap end-of-arm tools (welding torch → gripper → spray gun → grinder) mid-production without stopping the line. Founded 1968 as a Kobe Steel division, spun off independent in 1985; HQ in Kobe, Japan; ~35–40 employees, ~¥1.5–2B revenue — yet claims up to 80% global market share in robot docking systems. Technology: micron-level positioning repeatability, safety locks (tool stays attached even on pressure loss), and media-passing (electricity, pneumatics, hydraulics, water, signals) through the joint — payload classes from a few kilos to automotive body-welding weights; embedded as the de-facto standard by Japanese (Fanuc, Kawasaki, Yaskawa) and European (ABB, KUKA) robot integrators. Diversification from the same precision-mechanics core: inertial gyro sensors (marine, construction) ISO 9001/14001 certified.",JP,Technology,,2026-09-15,2026-09-14,domain,2026-09-14,2026-09,1.0,False,False,False,TheGentlemen
highokakpr,High Oakham Primary School,highoakham.co.uk,uk,2026-09-14 15:55,2026-09-14,2026-09,239,2026-09-24 14:55,,,False,False,False,False,False,"highoakham.co.uk zoominfo.com/c/high-oakham-primary-school/345650404 High Oakham Primary School community primary school in Mansfield, Nottinghamshire — opened September 2001 through the amalgamation of schools during Mansfield's education reorganisation; URN 133278, maintained by Nottinghamshire County Council (not an academy). Size: 464 pupils aged 3–11 (nursery to Year 6, mixed) against a capacity of 428 — over-subscribed, with just 9% free-school-meal eligibility (a relatively affluent intake for Mansfield). Headteacher Stephanie Astle (since 2019); chair of governors Lisa Vann; leadership includes a deputy, assistant head, SENCO (Michelle Pollard's inclusion team) and early-years lead. Ofsted (May 2022): ""a good school"" — English and maths standards above average by Year 6, an excellent start in Reception, teaching ""consistently good, some outstanding."" Culture: ""Be true to yourself,""",GB,Education,,2026-09-15,2026-09-14,domain,2026-09-14,2026-09,1.0,False,False,False,TheGentlemen
humboldt,Humboldt,humboldt.com.br,br,2026-09-14 15:51,2026-09-14,2026-09,239,2026-09-24 14:51,,300.0,False,False,False,False,False,"humboldt.com.br zoominfo.com/c/humboldt/372537346 Colegio Humboldt 300gb DATA Germany's official school in São Paulo — founded in 1916 by German immigrants (first class: 41 students, May 1, 1916), now a non-profit bilingual school of ~1,200–1,300 students (ages 2–18, ~295 staff) on a 60,000 m² Interlagos campus built with German government funding (opened 1999), maintained by the parents' association SEBRB. Its dramatic history: closed twice by world wars — 1917 (WWI) and 1942 (WWII, when all assets were confiscated and took a 10-year legal battle to recover) — before parents rebuilt it into a top institution. Programs: two tracks (Bilingual — 40% German; International German — 80% German leading to the Abitur, with 100% pass rate and direct entry to German/European universities), plus DSD I/II, Cambridge, DELE certifications, and its crown jewel — the largest German dual vocational training center outside Germany (since 1982: 2-year technical programs in Administration, Logistics, IT.",BR,Other,,2026-09-15,2026-09-14,domain,2026-09-14,2026-09,1.0,False,False,False,TheGentlemen
iveta,Iveta,iveta.hr,hr,2026-09-14 15:47,2026-09-14,2026-09,239,2026-09-24 14:47,,,False,False,False,False,False,"iveta.hr rocketreach.co/iveta-doo-windows-and-doors-profile_b58bc102f9eb0201 Iveta Croatian family confectionery & bakery from Split — traditions since 1985 — producing Dalmatian classics: Splitska torta (Split cake), mandulato, zabac, kroštule, bajamini and custom celebration cakes. Distribution: own cafés in Split and Trogir, B2B supply to Dalmatian hotels and restaurants, online orders; tourist-souvenir channel for the summer season. Digital: 24,000+ Facebook followers (the local 35–65 demographic lives there), active Meta ad campaigns since 2018, modest Instagram. Small family business (2nd generation), minimal public registry data (verify OIB/capital/revenue via sudreg.hr).",HR,Not Found,,2026-09-15,2026-09-14,domain,2026-09-14,2026-09,1.0,False,False,True,TheGentlemen
neffdrexel,Neff Drexel,neff-drexel.ch,ch,2026-09-14 15:44,2026-09-14,2026-09,239,2026-09-24 14:44,,,False,False,False,False,False,"neff-drexel.ch zoominfo.com/c/neff--drexel/431534427 Neff & Drexel AG Swiss multimedia retailer and integrator founded in 1967 in Gais (Appenzell) as a family Radio-TV shop — today operating as 1xRichtig (""once, correctly"") from Gaiserstrasse 46, Appenzell (AG, UID CHE-105.772.429, capital CHF 100,000 after a June 2026 capital reduction from CHF 400,000). It sells, installs and repairs consumer and professional audio/video tech — home Hi-Fi and home cinema (with room-calibration via its own measurement system), plus pro-AV integration for churches, school halls, swimming pools, restaurants and boardrooms — and retails through the European Expert buying cooperative to match marketplace pricing. Run by Jakob Sutter (board president) and Markus Wetter — a 32-year multimedia veteran and former president of the Swiss radio/TV retailers' association for Eastern Switzerland + Liechtenstein — it's also an accredited apprenticeship company (Multimediaelektroniker EFZ, 4-year program).",CH,Manufacturing,,2026-09-15,2026-09-14,domain,2026-09-14,2026-09,1.0,False,False,False,TheGentlemen
downrite,Downrite Engineering,downrite.com,com,2026-09-14 15:41,2026-09-14,2026-09,239,2026-09-24 14:41,,,False,False,False,False,False,"downrite.com zoominfo.com/c/downrite-engineering-corp/354082568 Downrite Engineering 1983-founded, family-owned Florida specialty contractor (Flaxman family, now led by 2nd-generation Brandon Flaxman, ~200 employees, ~$40–50M revenue est., HQ Coconut Creek) covering the full ""site infrastructure"" stack: underground utilities (water/sewer/storm), unlimited-license electrical, traffic signals/ITS, fiber optics — and its signature niche, sports lighting, where it's the default design-build contractor for municipal athletic complexes, schools and parks across South Florida. Moats: vertical integration (one contract, one PM for fields + parking + signals + fiber), a 100+ vehicle fleet (40+ digger derricks, 20+ bucket trucks), hurricane-restoration demand, FDOT prequalification and 40-year municipal relationships; new ~9–10k sq ft HQ opened 2023. Bottom line: a quiet Florida infrastructure dynasty — digging, wiring and lighting the state since 1983, profiting every storm season.",US,Manufacturing,,2026-09-15,2026-09-14,domain,2026-09-14,2026-09,1.0,False,False,False,TheGentlemen
agenziaaa,Agenzia Vittoria Assicurazioni,assicurazionilodi.it,it,2026-09-14 15:38,2026-09-14,2026-09,239,2026-09-24 14:38,,,False,False,False,False,False,"assicurazionilodi.it zoominfo.com/c/agenzia-vittoria-assicurazioni-lodi-stazione/1342235416 Vittoria Assicurazioni ""Lodi Stazione"" agency (#393 in the network) — a private insurance agency owned by Massimo Garati in Lodi, Lombardy (Via Nino dall'Oro 28/30, RUI A000169373, registered 30.11.2010, Section A agent under IVASS supervision). Garati's story: he ran an ITAS agency for years, then in 2016 executed a full portfolio transfer (travaso di portafoglio) from ITAS to Vittoria Assicurazioni — a rare mandate switch carrying his entire client base — and built an unusual digital edge for provincial Italy: a generic city domain (""assicurazioni Lodi"" = local SEO gold), Google Ads/My Business management and a content-rich FAQ site. He sells the full Vittoria line: auto/mobility, home, family, pets, savings, pensions, legal protection, agriculture, crafts, offices/hotels, transport. Behind it stands the parent — Vittoria Assicurazioni S.p.A. (Milan, founded 1921 )",IT,Financial Services,,2026-09-15,2026-09-14,domain,2026-09-14,2026-09,1.0,False,False,False,TheGentlemen
ceedars,Cedars Foods,cedarsfoods.com,com,2026-09-14 15:34,2026-09-14,2026-09,239,2026-09-24 14:34,,,False,False,False,False,False,"cedarsfoods.com zoominfo.com/c/cedars-mediterranean-foods-inc/22189641 Cedars Foods America's #1 hummus & falafel brand — a 1981-founded Dearborn, Michigan family company (the Hamady family, in the heart of the Arab-American community) that made Mediterranean food mainstream in the US. Products: hummus, falafel, baba ghanoush, taboule, dolmas, pita chips, kibbeh, tzatziki, toum — in retail formats (8–10 oz) and foodservice 10-lb boxes for US Foods, Sysco and Shamrock; clients: Costco, Kroger, Walmart, Whole Foods, Meijer — national reach from a Dearborn plant with ~110–140 staff",US,Agriculture and Food Production,,2026-09-15,2026-09-14,domain,2026-09-14,2026-09,1.0,False,False,False,TheGentlemen
balkanpol,Balkan Polymers,balkanpolymers.com,com,2026-09-14 15:32,2026-09-14,2026-09,239,2026-09-24 14:32,,,False,False,False,False,False,"balkanpolymers.com zoominfo.com/c/balkan-polymers/397725276 Balkan Polymers Serbian polymer recycling group founded in 2011 in Zrenjanin by Aleksandar Nikolić — a German-trained chemical engineer who returned home after careers at BASF and Nike — now running 4 plants (3 Serbia + 1 Slovakia) processing 26,000 tons of polymers per year (~$20–25M revenue est.). Full vertical integration: collection → optical sorting → shredding → hot washing → extrusion → compounding, producing rPP, rPE (LDPE/HDPE) and rPS granules for packaging, automotive and construction manufacturers across 10+ CE markets (Germany, Austria, Italy, Poland, Czechia...). Certified EuCertPlast — the EU traceability standard that unlocks ""recycled content"" claims; environmental math: ~52,000 tons CO₂-equivalent saved and ~1.3 billion PET bottles rescued annually. Backed by state-level recognition (President Vučić cites it as a model diaspora business) and riding EU recycled-content directives (25% rPET by 2025, 30% by 2030",BG,Manufacturing,,2026-09-15,2026-09-14,domain,2026-09-14,2026-09,1.0,False,False,False,TheGentlemen
gelarti,Gelarti,gelarti.com.pe,pe,2026-09-14 15:30,2026-09-14,2026-09,239,2026-09-24 14:30,,,False,False,False,False,False,"gelarti.com.pe zoominfo.com/c/gelarti/459647742 Gelarti Peru's leading gourmet ice-cream parlor chain — 39 shops & cafés in the country's top malls — operating since 2013 through Franquicias Unidas del Perú S.A.C. (RUC 20548498181). The twist: Gelarti is the international alias of Colombia's legendary Popsy (Danesi Cantagali Group, founded 1981 by UN-economist-turned-entrepreneur Álvaro Londoño and his wife Elena) — the Popsy name couldn't be registered abroad, so exports run under Gelarti (""gelato + arte""): Panama since 2003 (with its own plant, now claims #1 there) and Peru since 2013 (a $20M/50-store plan with local flavors lúcuma & pisco sour). Menu: copas (~S/19.90), milkshakes, frapps, 1L family tubs, crepes, pastries and coffee — a gelateria-café format with delivery via Rappi and its own site (ratings 4.1–4.4). The group behind it runs the full vertical: plants, cold chain, B2B distribution (Tottus, Tambo) and 200+ Popsy stores in 46 Colombian cities (~12M ice creams/year).",PE,Other,,2026-09-15,2026-09-14,domain,2026-09-14,2026-09,1.0,False,False,False,TheGentlemen
alchinn,Alchin Long Group,alchinlong.com,com,2026-09-14 15:28,2026-09-14,2026-09,239,2026-09-24 14:28,,,False,False,False,False,False,"alchinlong.com zoominfo.com/c/alchin-long-group/1158898894 Alchin Long Group Australian hardware conglomerate founded in 1969, when Ray Long and Roy Alchin started a dormant sand-casting foundry out of an old racehorse stable in Annandale, Sydney — today HQ'd in a purpose-built 12,000 m² Wetherill Park campus with ~250 staff, ~$50–100M revenue, and manufacturing across Australia, NZ, Malaysia, Taiwan and China. Its portfolio covers the whole door & window hardware value chain: flagship Doric (award-winning locks, rollers, chainwinders, multi-point systems + new Sparq smart automation), heritage Cowdroy (est. 1890 — tracks & seals), Colonial Castings (world's largest cast-aluminium outdoor furniture maker), government-endorsed security brand AMS, and repair franchise Lock & Roll — plus its own NATA-accredited testing lab (Azuma Design), a rare in-house compliance moat. Second-generation family leadership (Nigel Long, Mike Alchin), 80+ patents, in-house 3D printing/CNC",AU,Other,,2026-09-15,2026-09-14,domain,2026-09-14,2026-09,1.0,False,False,False,TheGentlemen
gtggg,Goteborgsregionens Tekniska Gymnasium,gtg.se,se,2026-09-14 15:18,2026-09-14,2026-09,239,2026-09-24 14:18,,,False,False,False,False,False,"gtg.se zoominfo.com/c/göteborgsregionens-tekniska-gymnasium/458572877 GTG technical upper-secondary school (gymnasium) owned by 13 Gothenburg-area municipalities (via the Göteborgsregionens kommunalförbund) — founded in 2006 specifically to solve the region's engineering talent shortage, the first inter-municipal school of its kind in Sweden. Located inside Lindholmen Science Park next to Chalmers, Volvo, SKF and Saab — a genuine ""school inside an industrial cluster"" with guest lectures, real projects, internships and equipment from industry partners. Programs: Teknikprogrammet (design & product development, production, IT/media tech) and El- och energiprogrammet (automation, electricity, energy) — ~700–900 students, tuition-free, with graduates feeding directly into Chalmers engineering programs or industrial apprenticeships.",SE,Education,,2026-09-15,2026-09-14,domain,2026-09-14,2026-09,1.0,False,False,False,TheGentlemen
aurorateech,Aurora Technologies,ati-1.com,com,2026-09-14 15:07,2026-09-14,2026-09,239,2026-09-24 14:07,,,False,False,False,False,False,"ati-1.com zoominfo.com/c/aurora-technologies-inc/1151986102 Aurora Technologies / ATI orth America's largest fabricator and stocking distributor of thermosets, thermoplastics and other non-metallic materials — founded in 1988 by Tom C. White in a barn in Ballwin, Missouri, now run with his son Thomas White III, with ~200 employees, ~$24M revenue, 7 locations across the US and Mexico (Pacific MO HQ, Spartanburg SC, Grand Haven MI, El Paso TX, Apodaca Mexico) and 300,000+ sq ft of manufacturing/warehouse space. Capabilities: compression molding (SMC/BMC — 16 presses at its Polyply division), CNC machining of engineering plastics (30% glass-filled PEEK down to UHMW), thermoforming, waterjet and punch-press work — with an inventory moat that means days, not weeks, of lead time. Markets: electrical (a certified manufacturer of insulating components for arc furnaces — a rare, high-barrier niche), oil & gas, medical/lab, materials handling; ISO 9001 since 2003",,Technology,,2026-09-15,2026-09-14,domain,2026-09-14,2026-09,1.0,False,False,True,TheGentlemen
indic,Indic,indicelectronics.com,com,2026-09-14 15:01,2026-09-14,2026-09,239,2026-09-24 14:01,,,False,False,False,False,False,"indicelectronics.com zoominfo.com/c/indic/353907783 INDiC Electronic Solutions Houston-based manufacturer's rep firm founded in 2001 by Jim Nussrallah, covering 6 industrial states — Texas, Louisiana, Arkansas, Oklahoma, New Mexico and West Tennessee. It represents 70+ non-competing manufacturers of industrial electronics: power supplies, sensors, industrial PCs/HMIs, enclosures, thermal management, test equipment, relays and connectors — selling to OEMs, machine builders and system integrators.",IN,Technology,,2026-09-15,2026-09-14,domain,2026-09-14,2026-09,1.0,False,False,False,TheGentlemen
hattiesteyeb,Hattiesburg Eye Clinic,hattiesburgeyeclinic.com,com,2026-09-14 14:51,2026-09-14,2026-09,239,2026-09-24 13:51,,,False,False,False,False,False,"hattiesburgeyeclinic.com zoominfo.com/c/hattiesburg-eye-clinic-pa/46138946 1974-founded family ophthalmology practice in Hattiesburg, Mississippi — started by Dr. David Richardson and now run by his son Dr. Ben Richardson, making it the region's oldest and largest eye clinic (8 ophthalmologists + 1 optometrist, on-site surgery center and optical shop). Full-stack eye care under one roof: cataract surgery — including the first Light Adjustable Lens (RxSight LAL) in south Mississippi — LASIK, glaucoma (MIGS), retina injections, oculoplastics, pediatric and diabetic eye care.",US,Healthcare,,2026-09-15,2026-09-14,domain,2026-09-14,2026-09,1.0,False,False,False,TheGentlemen
peachtreegroup,Peachtree Group,peachtreegroup.com,com,2026-09-14 14:50,2026-09-14,2026-09,239,2026-09-24 13:50,,,False,False,False,False,False,"peachtreegroup.com zoominfo.com/c/peachtree-group/5000000011 Peachtree Group Atlanta-based, vertically integrated CRE investment firm founded in 2007 by Greg Friedman, Mitul Patel and Jatin Desai — 100% privately held, 820 employees, and now $16.6B in real estate asset value with $11B committed capital (Jan 2026), nearly triple its size since 2020. Its DNA is ""buy dislocation"": 47 distressed hotels bought in the GFC, $3B executed and 180+ mortgage notes acquired during COVID, and a $250M Special Situations Fund (2025) buying distressed hotels off banks. Three engines: credit/lending (762 deals, $12.1B — incl. the US's top C-PACE franchise, which crossed $1B cumulative and set a record $538M in 2025, incl. $176.5M for the Rio Hotel & Casino Las Vegas), acquisitions ($2.4B, expanded from hotels to multifamily/industrial/storage) and development ($2.1B, 49 projects — its biggest ever: a $240M, 30-story dual-brand tower in Austin). Ranked the #7 investor-driven CRE lender in America (MBA)",US,Other,,2026-07-31,2026-07-31,domain,2026-07-31,2026-07,-45.0,True,False,False,TheGentlemen
ixaystems,Ixa Systems,ixasystems.ch,ch,2026-09-14 14:24,2026-09-14,2026-09,140,2026-09-20 10:24,,,False,False,False,False,False,"ixasystems.ch rocketreach.co/ixa-systems-sa-profile_b40f7faaffd19ede Ixa Systems SA is a Swiss security systems company founded in 2007, headquartered in Crissier (canton Vaud, near Lausanne). A small family-run firm of ~9–10 staff with revenue of about CHF 3.5 million, it designs and integrates surveillance solutions: video surveillance (IP/CCTV), anti-intrusion systems, intercom, access control, perimeter detection, technical building supervision (GTC) and evacuation PA systems. Since 1 April 2022 it has been majority-owned by the D.E.S Systèmes de sécurité SA group, with Marc Barraud as director. Its clients include police, banks, museums, schools, hospitals, prisons and railways, and it offers 24/7 maintenance contracts.",CH,Technology,,2026-08-30,2026-08-28,domain,2026-08-30,2026-08,-15.0,True,False,False,TheGentlemen
canopy,Canopy Support Services,canopysupport.ca,ca,2026-09-14 14:24,2026-09-14,2026-09,140,2026-09-20 10:24,,,False,False,False,False,False,"canopysupport.ca zoominfo.com/c/canopy-support-services/347650822 Canopy Support Services is a community-based organization in Peterborough, Ontario, dedicated to supporting individuals with intellectual and developmental disabilities. They provide a safe, welcoming environment for people, including those with Autism Spectrum Disorder, to learn new skills and achieve their personal goals. The organization empowers its clients to overcome everyday barriers, build self-confidence, and lead more independent lives",CA,Professional Services,,2026-08-10,2026-08-09,domain,2026-08-10,2026-08,-35.0,True,False,False,TheGentlemen
acapeescara,ACA Pescara,aca.pescara.it,it,2026-09-14 14:22,2026-09-14,2026-09,239,2026-09-24 13:22,,,False,False,False,False,False,"aca.pescara.it zoominfo.com/c/aca-spa-in-house-providing/458761917 ACA Pescara public housing agency of the Province of Pescara (Abruzzo, Italy) — an ente pubblico economico created under Abruzzo's regional housing law (LR 39/1989, successor to the old IACP public-housing institutes), owned by the province and member municipalities. Its job: building, allocating and managing public/social housing (ERP) — social-rent apartments allocated by points system (family size, income, disability, eviction risk), below-market ""canone moderato"" housing, and residences for elderly and disabled residents. Typical ACA functions include rent collection, maintenance, public tenders/PPPs with developers, and post-earthquake reconstruction programs (a core Abruzzo role after L'Aquila 2009 and Amatrice 2016). It's a small regional body (~20–60 staff, minimal digital footprint, no public financials) — the kind of quiet public utility that runs the invisible housing layer of a mid-sized Italian province.",IT,Energy & Utilities,,2026-09-15,2026-09-14,domain,2026-09-14,2026-09,1.0,False,False,False,TheGentlemen
zdrowittt,Zdrowit,karierazdrowit.pl,pl,2026-09-11 12:28,2026-09-11,2026-09,122,2026-09-16 14:28,,,False,False,False,False,False,"karierazdrowit.pl zoominfo.com/c/zdrowit/535531700 Zdrowit S.A. is a family-owned Polish pharmacy chain with 100% Polish capital, operating since 2004 and headquartered in Bytom, Silesia, with over 1,000 employees across 40+ cities in southern and central Poland, aiming to become the largest pharmacy network in the region. The business is growing extremely fast, with 2024 net sales revenue up +83.5%, though its net profit margin fell 10.3% due to the costs of rapid expansion. The company is structured as a holding: individual pharmacies operate as separate Sp. z o.o. entities under Zdrowit S.A., which is registered under KRS 0000704305 with a share capital of 1,197,432.00 PLN. Its core workforce consists of pharmacists and pharmacy technicians hired across dozens of locations, supported by a small modern HQ team in Bytom covering data, IT, controlling and marketing. A key strength is its internship pipeline, offering a 2-year program for technicians and a 6-month program for pharmacis",PL,Healthcare,,2026-09-05,2026-09-04,domain,2026-09-05,2026-09,-6.0,False,False,False,TheGentlemen
aircanada,Air Canada,aircanada.com,com,2026-09-09 16:10,2026-09-09,2026-09,239,2026-09-19 15:10,16500.0,,False,True,False,False,False,"aircanada.com zoominfo.com/c/air-canada/3937344 Revenue $16.5 Billion Air Canada We have taken 51409 critical files! Canada's flag carrier and largest airline — founded in 1937 as Trans-Canada Air Lines, HQ'd in Montréal, ~37,000 employees, 45.3M passengers in 2025, and a founding Star Alliance member. Record revenue: $22.37B CAD in 2025 ($6.27B in Q2 2026 alone, +11%), but a fuel shock (+50.8% per litre) and $388M one-off charges pushed Q2 2026 to a $178M net loss — guidance cut, though load factor (87.5%) and Aeroplan (10M+ members), Cargo (+29%) and Sixth Freedom traffic stay strong. Its moat: the most aggressive fleet renewal in its history — A321XLRs with Canada's first lie-flat seats on a narrowbody, 787-10s and A350-1000s — unlocking ""thin"" long-haul routes no widebody could fly (Oslo, Shannon, Basel, Dubrovnik, Guangzhou) ahead of Super Bowl 2027 and the LA 2028 Olympics.",CA,Transportation,,2026-09-09,2023-09-19,domain,2026-09-09,2026-09,0.0,False,False,False,TheGentlemen
superstore,Superstore,superstore.ge,ge,2026-09-07 16:58,2026-09-07,2026-09,239,2026-09-17 15:58,,,False,False,False,False,False,"superstore.ge zoominfo.com/c/super-toys/430496236 We have Emails,passwords,passports,driving licenses,dates/places of birth,client bank names,tax IDs,client cards,phones, addresses Superstore Georgia's first zero-waste supermarket, founded in 2020 in Tbilisi by a couple inspired by European bulk shops. Its model: ~500 SKUs sold loose, without packaging — grains, nuts, spices, coffee, tea, honey, dried fruit, oils, pasta, detergents, cosmetics — with customers bringing their own containers, weighing goods and paying by weight (""Shop without packaging""). Categories span food (grains & baking, nuts & dried fruit, spices & tea) and refill liquids (oils, vinegar, honey, detergents, shampoo) plus compostable eco-goods. A small, low-profile pioneer eco-retailer with a minimal digital footprint — public data on owners and revenue is scarce, so verify current status. Bottom line: a niche manifesto-store that made package-free shopping a lifestyle in Georgia.",GE,Retail & E-Commerce,,2026-09-07,2026-09-07,domain,2026-09-07,2026-09,0.0,False,False,False,TheGentlemen
elcarriel,El Carriel,elcarriel.com.co,co,2026-09-07 16:08,2026-09-07,2026-09,239,2026-09-17 15:08,,,False,False,False,False,False,"elcarriel.com.co Productos Alimenticios El Carriel S.A.S. Colombian family food company and dominant leader of Bogotá's arepa market (~70% share) — founded Aug 17, 1992 by two brothers from Sonson, Antioquia (Luis Alberto & Luis Alfonso Valencia) and their wives, who started selling handmade arepas from bicycles via a consignment model. Today: 9 plants in Bogotá & Medellín, 1M+ arepas/day, full vertical integration — 2,000 ha of own corn (Pioneer seeds), own mill, 400+ employees, ~$8M revenue (31.3B COP, 2023), no external investors. Exporter to the US (since 1999), Australia and England; state-recognized ESG model: 578 solar panels, 30% electric fleet. Tragedy: Nov 2024 — co-founder Luis Alfonso was murdered at his ranch by an insider who had spent 2 months profiling the property; both killers got 36 years in 2025, and the business never stopped. Bottom line: two uneducated brothers on bicycles became a vertically integrated agro-industrial champion that survived even its founder's",CO,Agriculture and Food Production,,2026-09-07,2026-09-07,domain,2026-09-07,2026-09,0.0,False,False,False,TheGentlemen
abacoviaggi,AbacoViaggi,abacoviaggi.it,it,2026-09-07 16:01,2026-09-07,2026-09,239,2026-09-17 15:01,,,False,False,False,False,False,"abacoviaggi.it zoominfo.com/c/abacoviaggi-srl/467818111 We have downloaded abacoviaggi company's data: Confidential personal data and customer information, Financial Documents and Accounting, Business correspondence and legal documents, e-mails, IT infrastructure information, Accesses and credentials. Abaco Viaggi family-run travel agency and tour operator founded in 1997 in Bologna by Alberto Scipione (P.IVA 02686751203), part of the Gruppo Abaco ecosystem (Viaggi + Meeting & Incentive + Servizi). Its signature niche: senior/third-age group travel — packages for 60+ travelers (slow pace, medical support, no-surprise pricing), plus the trademark move of chartering entire trains for group excursions across Emilia-Romagna.",IT,Hospitality,,2026-09-07,2026-09-07,domain,2026-09-07,2026-09,0.0,False,False,False,TheGentlemen
cominsac,Comin Sac,comin.pe,pe,2026-09-07 15:56,2026-09-07,2026-09,239,2026-09-17 14:56,,,False,False,False,False,False,"comin.pe zoominfo.com/c/comin-sac/509891136 Buenaventura Peru's largest publicly-traded precious metals miner — founded in 1953 by Alberto Benavides, now run by the third generation of the family (CEO Leopoldo Benavides), and the first Peruvian company ever listed on the NYSE (BVN, 1996). Its portfolio: underground gold-silver mines (founding Julcani, Yumpag silver star ramping to 10.5M oz/yr, Orcopampa with its new 920m ""La Capitana"" incline), the ramping open-pit El Agrepión (~200 koz gold-equivalent/yr from 2026), and 71.95% of El Brocal — Peru's largest underground mine, whose Transteki expansion ($250M) doubled its copper output. It also holds 33.75% of Cerro Verde, one of the world's top-10 copper mines (operated by Freeport). Pipeline: option on 40% of Michiquillay (with Anglo American) and Los Chancas JV (Newmont). 2025–26 results are the best in company history: record gold ($3,300/oz) and silver ($36/oz) prices, near-zero debt (0.3x), $1.2B liquidity, dividends restored ~4%",PE,Not Found,,2026-09-07,2026-09-07,domain,2026-09-07,2026-09,0.0,False,False,True,TheGentlemen
biotipo,Biotipo Jeans,biotipo.com.br,br,2026-09-07 15:35,2026-09-07,2026-09,239,2026-09-17 14:35,,,False,False,False,False,False,"biotipo.com.br zoominfo.com/c/biotipo-jeans/431018059 Biotipo Brazil's largest ready-stock (""pronta-entrega"") jeans manufacturers — an Akkari-family company (Confecções Alta Moda Ltda, CNPJ 04.273.385/0001-11) founded in 2001, with the brand active in jeanswear since 1980, HQ'd in the legendary Brás wholesale district of São Paulo plus an industrial plant in Itapevi. Its model: B2B wholesale at fashion-week speed — weekly collections, minimum orders of just one ""grade"" (10–12 pieces), 15,000+ m² of production/logistics space (70% outsourced), and distribution to 15,000+ retail points across Brazil (women's, men's, teen and plus-size lines). 10+ consecutive years in Top of Mind as one of Brazil's most-remembered jeans brands; R$30M+ share capital, 1,001–5,000 employees by registry classification. Bottom line: the quiet volume king of Brazilian denim — no D2C glamour, just industrial speed, perfect fit and a brand that ""sells itself"" in more stores than almost any local competitor.",BR,Retail & E-Commerce,,2026-09-07,2026-09-07,domain,2026-09-07,2026-09,0.0,False,False,False,TheGentlemen
domis,Domis,domis.dk,dk,2026-09-07 15:16,2026-09-07,2026-09,239,2026-09-17 14:16,,,False,False,False,False,False,"domis.dk zoominfo.com/c/domis/456416204 DOMIS is a Danish cleaning company with a social mission, founded in 2003 by John Møller Rasmussen, HQ'd in Odense with a branch in Copenhagen. Its signature: combining professional cleaning services with actively hiring people outside the labour market — the long-term unemployed, those on sickness benefits and early retirees — under the slogan ""Rengøring med mennesker"" (""Cleaning with people""). Legally lean setup (CVR 17 69 44 19), with the staffing agency Flex Job Randers under the same group umbrella, enabling emergency cleaning on short notice for clients. Bottom line: a small, quietly principled Danish services firm that turned social inclusion into its business model — a rare ""cleaning with a conscience"" operator.",DK,Retail & E-Commerce,,2026-09-07,2026-09-07,domain,2026-09-07,2026-09,0.0,False,False,False,TheGentlemen
zanini,Zanini,zanini.com,com,2026-09-07 15:12,2026-09-07,2026-09,239,2026-09-17 14:12,,,False,False,False,False,False,"zanini.com zoominfo.com/c/zanini/359207305 Zanini is the global market leader in automotive wheel trim — a Spanish family firm founded in 1965 in Barcelona, owned by the Torras family since 1976, with 1,800 employees across 12 plants on 3 continents. It makes 1 in 4 wheel covers sold worldwide (~100M units/year) for virtually every major OEM, plus grilles, emblems, EV charge-port covers and pedestrian airbag parts. Its strategic pivot: radar-transparent, heated & illuminated front emblems (radomes) — first launched on VW Atlas, now featured on the new Mercedes CLA (2025) — the key sensor window for the autonomous-driving era. Proprietary tech: ZANICHROME® metallization (chrome-look without chrome, ""night & day"" effects, electromagnetic transparency) + 17 patent families and TactoTek IMSE license (2024). Funded privately (€81.5M debt raise, Oct 2025), chairman Joan Miquel Torras, CEO Jordi Torras (twice a Dakar Rally racer).",BR,Manufacturing,,2026-09-07,2026-09-07,domain,2026-09-07,2026-09,0.0,False,False,False,TheGentlemen
sonidwarkadas,Soni Dwarkadas Virchand,dwarkadasjewellers.com,com,2026-09-07 14:59,2026-09-07,2026-09,239,2026-09-17 13:59,,,False,False,False,False,False,"dwarkadasjewellers.com zoominfo.com/c/soni-dwarkadas-virchand/562586193 We have downloaded company's data: Confidential personal data and customer information, Financial Documents and Accounting, Business correspondence and legal documents, your databases, IT infrastructure information, Accesses and credentials, Technical documentation Soni Dwarkadas Virchand is a 110-year-old family jewellery house from Bhavnagar, Gujarat — founded in 1915 with a shop rented for just ₹7, carrying a freedom-fighter legacy (founder left the shop to join India's independence movement) and a dramatic heir story (a 16-year-old son with ₹22 saved the dynasty). Now in its 5th generation, it runs Bhavnagar's biggest jewellery mall (6,100 sq ft) plus a ""House of Bangles"" and tech-powered ""Bridal Studio"" with virtual try-on. Product scale: 25,000+ designs, signature collections (Bikaneri Treasure, Sara, Menaments), Trust moat: BIS hallmark, IGI/GIA certified diamonds,4.9/5 from 1,350+ Google reviews.",IN,Other,,2026-09-07,2026-09-07,domain,2026-09-07,2026-09,0.0,False,False,False,TheGentlemen
sachile,S A Chile,syachile.cl,cl,2026-09-07 14:44,2026-09-07,2026-09,239,2026-09-17 13:44,,,False,False,False,False,False,"syachile.cl zoominfo.com/c/sa-chile/372625700 S&A Chile is a Chilean mission-critical IT integrator founded in 1989 by Peruvian-Palestinian immigrant Edward Seleme Chávez from his home dining room — today run by his daughters (2nd generation) after his death in 2024, HQ named after him in Providencia, Santiago. Its two moats: a 35+ year IBM Premier/Gold partnership (multiple IBM awards, incl. ""Top Infrastructure Sales 2024"") and its own Tier III datacenter — 100% uptime for 5+ consecutive years, triple ISO-certified (9001/20000/27001), 2 MW power, running on certified renewable energy (Colbún, 2026). Core services: colocation/hosting, cybersecurity (Fortinet SOC), backup/DR, private cloud, plus a new AI vertical on IBM watsonx (2025). Anchor client: Correos de Chile (national postal service) has outsourced its infrastructure to S&A since 2002. Bottom line: a quiet 37-year-old family survivor of the Chilean IT market — trusted infrastructure for the state, now pivoting to agentic AI.",CL,Energy & Utilities,,2026-09-07,2026-09-07,domain,2026-09-07,2026-09,0.0,False,False,False,TheGentlemen
sharpofficcee,Sharp Office,sharpoffice.com.au,au,2026-09-07 14:39,2026-09-07,2026-09,239,2026-09-17 13:39,,,False,False,False,False,False,"sharpoffice.com.au zoominfo.com/c/sharp-office/1306869482 Sharp Office is one of Australia's longest-running B2B office suppliers — heritage dating to 1935 (John Sharp Business Systems, Sydney), merged with Stafford Menser in 2011 into Sharp Office Systems Pty Ltd, HQ in Ingleburn NSW, serving clients Australia-wide. It's a one-stop B2B platform: 25,000+ stationery SKUs, office furniture, print & copy (HP, Canon, Ricoh, Kyocera), laptops/tech, plus Managed Print Services and managed IT — ""one bill, one delivery, one invoice"" for businesses. Its moats: ISO 9001:2015 + EcoVadis certification, NSW government supplier status, credit accounts with 14-day terms and personal account managers. Not related to Japan's Sharp Corporation — a fully independent Australian house. Bottom line: a 90-year-old quiet institutional survivor that evolved from typewriters to managed IT, winning government and club contracts through reliability rather than flash.",AU,Professional Services,,2026-09-07,2026-09-07,domain,2026-09-07,2026-09,0.0,False,False,False,TheGentlemen
nileprojects,Nile Projects Trading,nileprojects.com,com,2026-09-07 14:22,2026-09-07,2026-09,239,2026-09-17 13:22,,,False,False,False,False,False,"nileprojects.com zoominfo.com/c/nile-projects--trading-co/357370722 Nile Projects & Trading is a private Egyptian holding founded in 1972 by Ossama El-Naggar, HQ'd in Giza/Cairo with 3,000+ employees, 750,000+ customers and 6 offices across Egypt and Jordan. It's Egypt's exclusive Bridgestone importer (since 1990) running 50+ Fit & Fix service centers plus unique mobile tire vans — and the country's luxury fashion franchise king: Burberry, Ferragamo, BOSS, Calvin Klein, Polo Ralph Lauren, Sandro, Maje (launched Jordan), Kenzo, plus Matalan for mass market and Amorino/Eichholtz/TIMEVALLÉE in F&B, furniture and watches. Over 50+ years it has introduced 80+ international brands to Egypt and the Middle East, pioneering retail after the 2004 import opening. Key strengths: fully self-financed (no external debt), its own ERP software, owns the malls it anchors (Katameya Downtown), and a 2bn+ EGP credit line — recently winning Bridgestone's global Toolbox award 2025.",EG,Other,,2026-09-07,2026-09-07,domain,2026-09-07,2026-09,0.0,False,False,False,TheGentlemen
mutant,Mutant,mutant.com.br,br,2026-09-07 14:13,2026-09-07,2026-09,239,2026-09-17 13:13,,,False,False,False,False,False,"mutant.com.br zoominfo.com/c/mutant/452328184 Mutant is one of Latin America's largest CX & AI companies, founded in 2016 as a spin-off from Genesys Brazil, HQ'd in São Paulo with 4,000+ employees across 14 countries. Backed by Permira, GIC and TCV, its holding ""Clash"" raised $75M from BlackRock in 2025 for M&A and AI. It runs 3.5 billion AI-driven interactions per year for 100+ enterprise clients — including the world's largest corporate WhatsApp operation (Caixa) — with clients like Itaú, Vivo, Santander, Claro and iFood. Built through 8+ acquisitions (Interaxa, GRB, Intervalor...), it projects ~R$1B revenue in 2026 and pours R$100M+/year into its proprietary generative AI ecosystem (IAM/Xavier/PALI). Bottom line: the quiet AI-giant of Brazilian customer experience — ""Artificial Intelligence, Human Experiences"" — now repositioning as the enterprise AI-intelligence layer of LatAm.",BR,Other,,2026-09-07,2026-09-07,domain,2026-09-07,2026-09,0.0,False,False,False,TheGentlemen
drogueria,Drogueria Saporiti Sacifia,drogueria-saporiti.com.ar,ar,2026-09-07 14:09,2026-09-07,2026-09,239,2026-09-17 13:09,,100.0,False,False,False,False,False,"drogueria-saporiti.com.ar zoominfo.com/c/drogueria-saporiti-sacifia/462786110 100GB data stolen! Droguería Saporiti is a century-old Argentine pharmaceutical wholesaler and manufacturer, founded in 1901 in Buenos Aires, now run by the Otero Pose family with ~110 employees and 8,700 m² of facilities. It's the silent ""backbone"" of Argentine pharmacies: 3,500+ products, 7,000+ pharmacy clients, wholesale distribution plus imports/exports of raw materials. Its flagship is the legendary Parafarm brand (""orange line"" of galenic essentials — vaseline, Pasta Lassar, Agua de Dalibour, hydrogen peroxide) sold nationwide since the 1960s, alongside Sweet Rose, Home Test, Wild Skin and Well Being. It survived a devastating fire in the 1990s and a rough 2014–15 ANMAT season (interjurisdictional trade ban + Parafarm lot withdrawal). Bottom line: a low-profile family institution with huge brand equity — Argentina's reference house for pharmacy-grade essentials.",AR,Retail & E-Commerce,,2026-09-07,2026-09-07,domain,2026-09-07,2026-09,0.0,False,False,False,TheGentlemen
lideraviacao,Lider Aviacao,lideraviacao.com.br,br,2026-09-05 15:58,2026-09-05,2026-09,239,2026-09-15 14:58,,,False,False,False,False,False,"lideraviacao.com.br zoominfo.com/c/líder-aviação/372493800 Líder Aviação is Latin America's largest business aviation company, founded in 1958 in Belo Horizonte, Brazil, as an air taxi with a single Cessna 170. Today: ~R$1.2B revenue, 1,300+ staff, 50+ aircraft, 22 own bases; 42.5% owned by US Bristow Group, run by the founder's third generation (President: Junia Hermont). A one-stop shop: charters (first booking app in Brazil), the region's largest FBO network, aircraft sales (exclusive HondaJet dealer, 1,000+ sold), a top MRO (authorized for Bell, HondaJet, Gulfstream) and offshore helicopter ops for Petrobras since 1973 (1M+ flight hours). Key edge: safety — the only Brazilian company with IS-BAO Stage 3, plus Argus Platinum and 5× Petrobras Peotram wins. First SAF flight in Brazilian business aviation (2024), now expanding into agribusiness and electric aviation. Bottom line: a 67-year-old family giant controlling South American business aviation end-to-end.",BR,Transportation,,2026-09-05,2026-09-05,domain,2026-09-05,2026-09,0.0,False,False,False,TheGentlemen
veradigm,Veradigm,veradigm.com,com,2026-09-04 17:26,2026-09-04,2026-09,150,2026-09-10 23:26,,,False,False,False,False,False,"veradigm.com zoominfo.com/c/veradigm-llc/471134180 3.5+ million personal patient records with PII full name, address, social security number, email, address, phone number,guarantors PII ,Score Veradigm Inc. is a publicly traded American healthcare technology and data analytics company (OTC: MDRX), the former Allscripts, founded in 1986 and renamed Veradigm in January 2023, headquartered in Chicago with about 2,300–2,600 employees. Its core asset is one of the largest multi-EHR data networks in US healthcare — over 450,000 connected providers and 200M+ patient records — which it monetizes through three segments: Provider (EHR, practice management, revenue cycle: $473M in 2024), Payer (quality and risk adjustment analytics: $67.3M) and Life Sciences (real-world data and AI-driven evidence: $54M).",US,Healthcare,,2026-09-05,2026-09-04,domain,2026-09-04,2026-09,1.0,False,False,False,TheGentlemen
ghardfiend,The Garfield County Sheriff Office,garcosheriff.com,com,2026-09-03 09:34,2026-09-03,2026-09,238,2026-09-13 07:34,,,False,False,False,False,False,"garcosheriff.com The Garfield County Sheriff's Office is the primary law enforcement agency serving Garfield County, Colorado. Its mission is to deliver exceptional service and problem-solving solutions to the community through professional, ethical, and compassionate conduct. The office provides comprehensive public safety services, including patrol, detentions, criminal investigations, and community outreach programs like ""Shop with a Cop"" and emergency mass notifications",US,Government & Defense,,2026-07-30,2026-07-29,domain,2026-07-30,2026-07,-35.0,True,False,False,TheGentlemen
leoschrafter,Leo Schachter Diamonds,leoschachter.com,com,2026-09-02 15:11,2026-09-02,2026-09,239,2026-09-12 14:11,,,False,False,False,False,False,"leoschachter.com Leo Schachter Diamonds (USA/Global) Family diamond house since 1952, four generations; De Beers sightholder for 60+ years. Invented the branded diamond (THE LEO at Kay/Jared, ~2,000 stores) — a diamond sold like a Nike sneaker. Owns one of Botswana's largest cutting factories: 90% women, trained from scratch, plus its own doctor when 60% of staff were HIV-positive. Crisis context: lab-grown diamonds are squeezing the whole natural industry — the moat is now brand + story, not just stones.",US,Retail & E-Commerce,,2026-09-05,2026-09-02,domain,2026-09-02,2026-09,3.0,False,False,False,TheGentlemen
seasia,Seasia Infotech,seasiainfotech.com,com,2026-09-01 13:08,2026-09-01,2026-09,239,2026-09-11 12:08,,,False,False,False,False,False,"seasiainfotech.com zoominfo.com/c/seasia-infotech/353879170 Seasia Infotech — global IT services company, founded in 2000 in California, USA. Delivery centers in India (Mohali/Chandigarh); offices in UK, Australia, UAE, Canada. 25+ years in business; completed 50,000+ projects in 36+ countries for 500+ clients. Clients include HP, Harley-Davidson, Mahindra, Flipkart, Adani, NEC, Canon. Holds CMMI Level 5 — the highest software process certification; also ISO 27001 and Microsoft Gold. Services: custom software, web/mobile apps, AI & Generative AI, cloud, cybersecurity, QA, UI/UX. 2026 focus: ""AI Pods"" — ready-made expert teams with AI tools for HealthTech, FinTech, LegalTech. Scale: ~300–680 employees, est. revenue $100–150M, fully bootstrapped — no external funding. Risks: shrinking headcount (-9% YoY), unaudited revenue figures, too small for giant enterprise deals.",IN,Technology,,2026-09-02,2026-09-01,domain,2026-09-01,2026-09,1.0,False,False,False,TheGentlemen
thesole,The Sole,thesole.com,com,2026-08-31 18:56,2026-08-31,2026-08,239,2026-09-10 17:56,,,False,False,False,False,False,"thesole.com zoominfo.com/c/the-sole-proprietor/94159619 The Sole Supplier — UK sneaker and streetwear platform, founded in 2013 by George Sullivan in London. Started as a £100 blog in his parents' house — no investors, fully bootstrapped for 12+ years. Model: media content (release dates, reviews) + affiliate links to 50+ retailers — earns commission, holds no stock. Works with 30+ brands including Nike, adidas, UGG, Dr. Martens; claims to be Nike's top UK media partner. Scale: 4.5M monthly users, £400M+ lifetime sales driven for brands, with only ~35 staff. In 2026 relaunched its app as a ""micro-social"" shopping community for sneaker culture. Risks: thin margins, UK-only focus, and dependence on affiliate rates and brand budgets.",GB,Retail & E-Commerce,,2026-09-01,2026-08-31,domain,2026-08-31,2026-08,1.0,False,False,False,TheGentlemen
nutex,Nutex Health,nutexhealth.com,com,2026-08-31 18:52,2026-08-31,2026-08,239,2026-09-10 17:52,,,False,True,False,False,False,"nutexhealth.com zoominfo.com/c/nutex-health-inc/372032478 (NUTX, Nasdaq) — US healthcare company, based in Houston, Texas, founded in 2011 by Dr. Thomas Vo. It runs 27 small ""micro-hospitals"" in 12 states — small hospitals with full 24/7 emergency rooms. Model: fast, cheaper ER care between urgent care and giant hospitals; most revenue comes from Texas. Q2 2026: net income $65.8M (vs loss a year ago), EBITDA $90M, cash $205M, debt only $31M. Profit exploded because it wins 85%+ of insurance arbitrations (IDR) and got paid at higher out-of-network rates. Plans: 7 new hospitals by 2027 plus two share buyback programs. Main risk: the whole profit engine depends on the arbitration system — new regulation could cut it. Cheap-looking: P/E around 6, but volatile small-cap with thin analyst coverage.",US,Healthcare,,2026-09-01,2026-08-24,domain,2026-08-31,2026-08,1.0,False,False,False,TheGentlemen
careersourcepbc,CareerSource Palm Beach County,www.careersourcepbc.com,com,2026-08-31 15:46,2026-08-31,2026-08,239,2026-09-10 14:46,,,False,False,False,False,False,www.careersourcepbc.com https://www.zoominfo.com/c/careersource-palm-beach-county/359202628 Headquartered in West Palm Beach Florida. CareerSource Palm Beach County is a nonprofit organization chartered by the state to lead workforce development in the United States.,US,Professional Services,,2026-09-01,2026-08-31,domain,2026-08-31,2026-08,1.0,False,False,False,TheGentlemen
saudconsult,Saudi Consulting Services SAUD CONSULT,saudconsult.com,com,2026-08-31 11:50,2026-08-31,2026-08,239,2026-09-10 10:50,,,False,False,False,False,False,"saudconsult.com zoominfo.com/c/saudi-consulting-services---saud-consult/348812396 SaudConsult — Saudi Arabia's oldest and largest privately owned engineering consultancy, founded in 1965 by Eng. Dr. Tarek M. A. Al Shawaf. The first Saudi engineering consulting firm — 100% Saudi privately owned, headquartered in Riyadh with branches in Jeddah, Khobar, Medina, Abha, plus offices in Bahrain and Egypt. Employs 2,800+ professionals (engineers, architects, designers); completed 3,500+ projects over six decades. Full-cycle services: feasibility studies, design, project management, construction supervision, procurement, commissioning, O&M. Sectors: infrastructure, oil & gas (clients include Saudi Aramco, SABIC, SADARA, MAADEN), power, hospitals, airports, defense & aviation, master planning. Actively participates in Saudi Vision 2030; in 2026 formed a partnership with Canada's Dokainish & Company for full EPCM capability.",SA,Professional Services,,2026-08-31,2026-08-31,domain,2026-08-31,2026-08,0.0,False,False,False,TheGentlemen
epmanfuf,EP Manufacturing Bhd,epmb.com.my,my,2026-08-31 11:48,2026-08-31,2026-08,239,2026-09-10 10:48,,,False,False,False,False,False,"epmb.com.my zoominfo.com/c/ep-manufacturing-bhd/372140192 EPMB (7773, Bursa Malaysia) — Malaysian auto manufacturer, operating since 1982. Formerly made parts for Proton, Perodua, Honda, Toyota. Now assembles complete cars in Melaka for Chinese brands: GWM, BAIC, XPENG, MG. Capacity raised to 30,000 vehicles/year; in 2026 output exceeds 1,000 cars/month. Q2 2026: net profit RM5.15m (19× up), revenue RM212.7m (+67%) — 10-year record. Share price ~RM0.44, market cap ~RM125m, dividend ~1.2%; risks — debt and low liquidity.",MY,Manufacturing,,2026-08-31,2026-08-31,domain,2026-08-31,2026-08,0.0,False,False,False,TheGentlemen
awjjholding,AWJ Holding,awjholding.com,com,2026-08-31 08:39,2026-08-31,2026-08,120,2026-09-05 08:39,,,False,False,False,False,False,"awjholding.com zoominfo.com/c/awj-holding-co/448239448 AWJ Holding Company is a prominent Saudi-based single-family office and investment firm established in 2016. Headquartered in Riyadh, the company specializes in real estate development, property management, and strategic investment management. It focuses on high-impact developments and operates dynamic subsidiaries across retail, hospitality, and infrastructure sectors.",AE,Not Found,,2026-08-21,2026-08-21,domain,2026-08-21,2026-08,-10.0,True,False,True,TheGentlemen
saeeeeeee,Servicios Aereos Estrella,sae.com.mx,mx,2026-08-28 17:43,2026-08-28,2026-08,239,2026-09-07 16:43,,,False,False,False,False,False,"sae.com.mx zoominfo.com/c/servicios-aéreos-estrella-s-a/457170292 Servicios Aéreos Estrella, S.A. de C.V. (SAE) is a Mexican business-aviation company and pioneer of executive aviation in Mexico with 30+ years of experience, based at Toluca International Airport — the main private-aviation gateway to Mexico City. It claims to be Latin America's largest FBO, with 12,000 m² of apron, 10,000 m² of hangar storage, four VIP lounges, a café/bar, VIP ground transport and an office next to immigration. Services include private jet charter and rental (from piston aircraft to long-range jets, plus discounted ""Empty Legs""), aircraft management and administration, full handling/dispatch (permits, catering, documents, flight closures), aircraft storage and pet-friendly flights, operating 24/7 year-round.",MX,Transportation,,2026-08-30,2026-08-28,domain,2026-08-28,2026-08,2.0,False,False,False,TheGentlemen
exactooo,Exacta Optech Labcenter,exactaoptech.com,com,2026-08-28 17:42,2026-08-28,2026-08,239,2026-09-07 16:42,,,False,False,False,False,False,"exactaoptech.com zoominfo.com/c/exactaoptech-labcenter-spa/426158257 Exacta + Optech Labcenter S.p.A. is an Italian one-stop distributor of instruments, consumables and reagents for scientific laboratories, founded in 1974/75 by Gian Amico Alessandrini and headquartered at Via Bosco 21, San Prospero (Modena). It supplies lab optics and instruments under its own Optech brand (biological/stereo/inverted microscopes, spectrophotometers, refractometers, polarimeters, micropipettes, cuvettes), chemicals, lab furniture, and designs turnkey laboratories; market segments include pharma, food, petrochemical/Oil&Gas, environment, education and oenology — where it is Hach-Lange's worldwide official partner. Its 1,500-page catalogue and e-shop list ~100,000 items; the team of ~35–45 includes 7 dedicated service technicians, backed by agreements with Avantor, Honeywell and LLG and the acquisitions of Ing. C. Bullio (2006) and Alkimia (2022). In 2024 the company rebranded from EXA",BR,Healthcare,,2026-08-30,2026-08-28,domain,2026-08-28,2026-08,2.0,False,False,False,TheGentlemen
mbasasoc,MB Associates,mbassociates.org,org,2026-08-28 17:38,2026-08-28,2026-08,239,2026-09-07 16:38,,364119.32,False,False,False,False,False,"mbassociates.org zoominfo.com/c/mb-associates/372858181 MB Associates is a UK social impact consultancy founded in 2005 by Mandy Barnett (London Business School MBA, chair of Social Value UK), based in Holmfirth, West Yorkshire; its legal entity is Mandy Barnett Associates Ltd (incorporated 7 Sep 2005, registered in Welwyn Garden City). It helps people, projects and organisations understand and increase their social impact — impact evaluation, SROI analysis, consultation and research, creative facilitation, training and toolkits — working through a Plan–Do–Review cycle that starts with a ""Story of Change"". Clients include Arts Council England, the National Lottery, UKRI-AHRC, Natural Resources Wales, Bristol City Council, the National Children's Orchestra, museums and charities; it also runs its own learning platform, Culture3 (culturecubed.org). In February 2026 the founder handed the firm over to colleagues — directors Jael Williams and Emily Wilson — and the brand",GB,Professional Services,,2026-08-30,2026-08-28,domain,2026-08-28,2026-08,2.0,False,False,False,TheGentlemen
brebur,Brebur,breburltd.co.uk,uk,2026-08-28 17:37,2026-08-28,2026-08,239,2026-09-07 16:37,,,False,False,False,False,False,"breburltd.co.uk zoominfo.com/c/brebur-ltd/445718566 Brebur Ltd is a UK specialist subcontractor for steel frame systems (SFS), dry-lining, partitions, plastering and suspended ceilings, founded in 2002 (trading as Ace Fire Solutions Ltd until Dec 2012); it is based at Unit 1 Capitol Close, Dodworth, Barnsley, South Yorkshire. It delivers projects across the North of England for main contractors such as BAM, Kier and Willmott Dixon, and also installs lead-lined radiation-protection partitions for hospitals and acoustic raft/baffle solutions. It holds long-standing manufacturer partnerships (British Gypsum, Siniat/Knauf, and Ecophon's EPIC status since 2016) and has won a Gold National Quality Award plus BAM's Regional Contractor of the Year. With ~20 staff and net assets of ~£2.7m (2025), it sits under the Brebur Holdings / Brebur Group Ltd structure created in 2024 (directors Jamie Brenton and Vincenzo Lilley);",GB,Not Found,,2026-08-30,2026-08-28,domain,2026-08-28,2026-08,2.0,False,False,True,TheGentlemen
nurtpolli,Nutrypollo,nutrypollo.com.mx,mx,2026-08-28 17:35,2026-08-28,2026-08,239,2026-09-07 16:35,,,False,False,False,False,False,"nutrypollo.com.mx zoominfo.com/c/nutrypollo/427100153 Nutrypollo / Agroindustrias Quesada, S. de R.L. de C.V. is a Mexican family-owned poultry company (4th generation) based in Aguascalientes; it began as Bernardo Quesada de Alba's egg-laying farm in 1950 and entered broiler production in 1963 under founder Jorge Quesada Morán. It is fully vertically integrated — genetics and hatching, feed milling, grow-out farms, slaughter and processing (12,000 birds/hour, up to 80,000 birds/day, ~60 million birds a year) and distribution across 30+ Mexican states. Brands include fresh chicken under Nutrypollo, the marinated Nutryfácil and Premium lines, and, since November 2023, its own NutryTienda retail concept. Certified TIF (SENASICA) and international Halal (FSSC 22000 in progress), it built a state-of-the-art plant with Marel/Stork lines in 2012–2015 — Mexico's first Marel demonstration site; the Quesada family still runs the business (CEO Cesar Quesada, Marketing Directo",MX,Agriculture and Food Production,,2026-08-30,2026-08-28,domain,2026-08-28,2026-08,2.0,False,False,False,TheGentlemen
esbb,ESB Puerto Rico Corp,esbpr.com,com,2026-08-28 17:32,2026-08-28,2026-08,239,2026-09-07 16:32,,,False,False,False,False,False,"esbpr.com ESB Puerto Rico Corp is a distributor of automotive and industrial products that has served Puerto Rico since 1965 (""Energizando a Puerto Rico desde 1965""); it is headquartered in Carolina, PR, is a Hispanic-/minority-owned small business and a federal contractor (CAGE 3DPU1). Its portfolio spans automotive, traction and stationary/backup batteries, tires, lubricants and DEF, AUTEL diagnostics, tools, plus Hyundai and EP forklifts, warehouse equipment, rental, maintenance, OEM parts and e-commerce — a ""one-stop source"" for material handling, automotive and industrial operations in Puerto Rico and the Virgin Islands, representing ~9 brands (including Eternity Technologies). The president is Omar Aponte; the company stays lean (under ~25 staff, ~$2M revenue) and handles ~150 sea import shipments a year, mostly from Asia.",PR,Energy & Utilities,,2026-08-30,2026-08-28,domain,2026-08-28,2026-08,2.0,False,False,False,TheGentlemen
adkisson,Adkisson Group,adkissondevelopment.com,com,2026-08-28 17:30,2026-08-28,2026-08,239,2026-09-07 16:30,,,False,False,False,False,False,"adkissondevelopment.com Adkisson Group / Adkisson Development Group is a privately held industrial real estate development and investment firm founded in 2012 and based in Houston, Texas (4809 Westway Park Blvd / 1130 Enclave Pkwy, Houston, TX 77041). It specializes in office/warehouse, manufacturing and distribution properties — development sites of 10–250 acres and buildings from 6,000 to 455,000 sq ft (its largest current project is the 604,096 sq ft Willow Creek Business Park). Services span development, general contracting through its in-house Adkisson GC Partners (tilt-wall construction), design-build, build-to-suit and site planning. Managing partners are co-founders Steve Adkisson (35+ years in the industry) and Arturo Creixell, plus Anthony Sarao, who heads the GC division; the lean team of ~7–20 staff generates roughly $5.9M in annual revenue.",US,Not Found,,2026-08-30,2026-08-28,domain,2026-08-28,2026-08,2.0,False,False,True,TheGentlemen
thaifilmf,Thai Film Industries PCL,thaifilmind.com,com,2026-08-28 17:29,2026-08-28,2026-08,239,2026-09-07 16:29,,,False,False,False,False,False,"thaifilmind.com Thai Film Industries PCL (TFI) is a Thai film maker founded in 1983 (originally Rachadachai O.P.P. Co., Ltd.) by industrialist Prayudh Mahagitsiri — Thailand's first BOPP film producer and Southeast Asia's industry pioneer, today a global top-20 BOPP manufacturer. Its portfolio covers BOPP (Thai-Lene), CPP (Thai-Cast), PET and metallized films for flexible packaging, printing, lamination, labels, adhesive tape, flower wrap and biodegradable uses. It runs two plants — in Samut Prakan (Bang Phli, Bangna-Trad Km.13) and Rayong (Nikhom Pattana) — with ~760 employees and exports across Asia, Europe and the Americas. Listed on the Stock Exchange of Thailand since 29 Dec 1989 (ticker TFI, paid-up capital ~THB 2.05 bn); renamed Thai Future Incorporation PCL in 2023, it is affiliated with Thai Copper Industries and Thai Film Bangladesh; CEO since 2023: Phadetkiat Imdacha.",TH,Other,,2026-08-30,2026-08-28,domain,2026-08-28,2026-08,2.0,False,False,False,TheGentlemen
sunsea,SUNSEA,sunsea.co.th,th,2026-08-28 17:06,2026-08-28,2026-08,239,2026-09-07 16:06,,,False,False,False,False,False,"sunsea.co.th Sunsea Plastics P.S. Co., Ltd. is a family-owned Thai polyethylene film manufacturer founded in 1988, operating a purpose-built 13,000 sq.m factory in Bangna, Bangkok (office at Soi Lasalle 24, Sukhumvit Rd). It is Thailand's leading independent PE extruder, producing LDPE shrink film (rolls, hoods, sleeves, bags), LLDPE lamination and printing films, mLLDPE, PP/PE coex films, milk pouches and overwrap films, running 16 mono-layer plus 3-layer lines. It is the sole ExxonMobil-authorized producer of Nexxstar collation shrink film in Thailand and is ISO 9001 certified",TH,Other,,2026-08-30,2026-08-28,domain,2026-08-28,2026-08,2.0,False,False,False,TheGentlemen
ptse,Probe Test System,ptse.com.tw,tw,2026-08-28 17:04,2026-08-28,2026-08,239,2026-09-07 16:04,,,False,False,False,False,False,"ptse.com.tw Probe Test System Corp. (PTS, 群雅電子) is a Taiwanese semiconductor back-end (OSAT) service provider operating since 2000, with plants in Zhunan and Toufen, Miaoli County (the former Hsinchu site was consolidated into Toufen in Q1 2024). Its services cover System Level Test (SLT), wafer chip probing (CP) on Chroma, ASL1000 and CTA8280 platforms, IC marking/remarking, Tape & Reel packaging (capacity ~150 KK units/month) plus lead/ball scan inspection. Long-term customers include Taiwan's leading chipmakers: Winbond, MediaTek, Novatek, Nuvoton and Macronix. The company is certified under ISO 9001, ISO 14001 and ANSI/ESD S20.20-2021.",TW,Technology,,2026-08-30,2026-08-28,domain,2026-08-28,2026-08,2.0,False,False,False,TheGentlemen
technoacio,Tecno Accion,tecnoaccion.com.ar,ar,2026-08-28 17:00,2026-08-28,2026-08,239,2026-09-07 16:00,,,False,False,False,False,False,"tecnoaccion.com.ar Tecno Accion S.A. is an Argentine IT company (founded 1988) that acts as a technology partner for lotteries — ""Modernizing lotteries in a digital world"" — with offices in Buenos Aires (Av. Rivadavia 620) and Bariloche. It develops its own hardware and software for lottery automation: 8,000+ terminals in operation, 4+ million daily wagers, serving 12 jurisdictions (half of Argentina's provinces); in Salta province it is the exclusive operator of the lottery license (900+ points of sale). It also delivered horse-racing bet capture for the Hipódromo Argentino de Palermo and completed projects in Peru, Panama, Brazil and Nigeria. Staff of ~80–135; certified under ISO 9001, ISO 27001 and WLA SCS:2020; historically linked to Greece's Intralot and the Capital Markets group.",AR,Technology,,2026-08-30,2026-08-28,domain,2026-08-28,2026-08,2.0,False,False,False,TheGentlemen
generalgruppo,General Gruppo,generalgruppo.it,it,2026-08-28 16:52,2026-08-28,2026-08,239,2026-09-07 15:52,,,False,False,False,False,False,"generalgruppo.it rocketreach.co/general-gruppo-profile_b68428f5c6158b62 General Gruppo / General s.r.l. is a family-owned Italian retail chain founded in 1975 by Pietro Paolo Tognetti and Silvana Bonugli, headquartered in Querceta (Seravezza, Lucca, Tuscany). Historically known as IperSoap — one of Italy's first home-care and personal-hygiene retail formats — it reached ~250 stores in 2019 and €150 million in revenue (2018). In 2020 it began rebranding into the unified PiùMe banner (merging IperSoap, Smoll and Shuki), and it also owns the historic Bacci Profumerie perfumeries (Forte dei Marmi) and the piume.it online shop. The founders' sons run the business — Saverio (CEO) and Francesco; the group includes General s.r.l. and General Nord s.r.l.",IT,Manufacturing,,2026-08-30,2026-08-28,domain,2026-08-28,2026-08,2.0,False,False,False,TheGentlemen
northrop,Northwest Trophy,nwtrophy.com,com,2026-08-28 16:51,2026-08-28,2026-08,239,2026-09-07 15:51,,,False,False,False,False,False,"nwtrophy.com rocketreach.co/northwest-trophy-inc-profile_b59c90e0f9bc4cf5 Northwest Trophy & Awards Inc is a fourth-generation, family-owned awards business operating since 1938, with a showroom in Woodinville, WA (Seattle area). It offers personalized awards and gifts: trophies, medals, plaques, crystal and art-glass awards, acrylics, clocks, drinkware and ceremonial items. All engraving and printing (laser, rotary, full-color) is done in-house, serving sports teams, schools and businesses. It sells both through its showroom and an online Shopify store with standard 5–7 day production; a Seattle location was closed in 2023, leaving Woodinville (and previously Bellevue) to serve customers.",US,Retail & E-Commerce,,2026-08-30,2026-08-28,domain,2026-08-28,2026-08,2.0,False,False,False,TheGentlemen
grinfra,G R Infraprojects,grinfra.com,com,2026-08-28 16:48,2026-08-28,2026-08,239,2026-09-07 15:48,,531.0,False,False,False,False,False,"grinfra.com zoominfo.com/c/g-r-infraprojects-ltd/353612422 We have taken NDA files, HR data, user data, employee data, technical drawings, models, bank statements, tax and legal documents, confidential files, photographs of work, screenshots, passport scans, VIP client data, and much more the total volume of data exceeds 531 GB. Grinfra G R Infraprojects Ltd is an Indian integrated infrastructure EPC company founded in 1995, headquartered in Udaipur and Gurugram. It builds roads, highways, bridges, metros, railways, tunnels, ropeways and power transmission lines across 23+ Indian states, with a 10,000-strong workforce and an order book of roughly ₹19,000+ crore ($2.3 bn). Projects are delivered under EPC, BOT, HAM and BOOT models, backed by in-house manufacturing (bitumen, paints, metal crash barriers) and ~7,500 equipment units. Listed on BSE/NSE since July 2021 (ticker GRINFRA), rated CRISIL AA / CARE AA+ (stable).",IN,Manufacturing,,2026-08-30,2026-08-28,domain,2026-08-28,2026-08,2.0,False,False,False,TheGentlemen
incolur,Incolur,incolur.cl,cl,2026-08-26 13:33,2026-08-26,2026-08,239,2026-09-05 12:33,,,False,False,False,False,False,"incolur.cl zoominfo.com/c/incolur/372497016 Incolur Corretajes Limitada is a Chilean import & distribution company specialized in industrial supplies. It imports and distributes: machine tools and their accessories, abrasives (grinding/cutting wheels), welding equipment, measuring & precision instruments, industrial gauges and tooling for workshops and construction. De facto it works as a B2B supplier, reselling international industrial brands to the Chilean market.",CL,Other,,2026-08-26,2026-08-26,domain,2026-08-26,2026-08,0.0,False,False,False,TheGentlemen
espinos,Espinos,espinos.energy,energy,2026-08-26 13:29,2026-08-26,2026-08,239,2026-09-05 12:29,,,False,False,False,False,False,"espinos.energy dnb.com/business-directory/company-profiles.espinos_sa.7081c859ec6ec62bc369252d901ee655.html Espinos S.A. is a Chilean power generation company operating under the Potencia Chile brand (Grupo Agrisol), with 17 years of experience and ~260 MW of installed capacity. It runs a diversified portfolio: thermal (Central Espinos in Los Vilos), hydroelectric (Renaico, Alto Renaico), solar (Lipangue, Pumas) and battery storage (BESS Mandarinos). Headquartered at Av. Apoquindo 4501, Las Condes, Santiago, Chile; RUT 76.925.800-0.",MX,Other,,2026-08-26,2026-08-26,domain,2026-08-26,2026-08,0.0,False,False,False,TheGentlemen
verbux,Verbux,verbux.com,com,2026-08-25 17:58,2026-08-25,2026-08,239,2026-09-04 16:58,,,False,False,False,False,False,"verbux.com zoominfo.com/c/verbux-soluciones-informáticas-limitada/457993216 Verbux is a Chilean IT company — Verbux Soluciones Informáticas Limitada — operating since 2001, headquartered at Juana de Arco Nº2012, Oficina 33, Providencia, Santiago, Chile (also verbux.cl). It delivers IT infrastructure, engineering, professional IT services, cloud computing, IoT and SCADA process-control solutions for industrial, mining and power-generation clients. Claims 1,000+ implemented IT solutions (from file servers to data centers with high availability), and is currently implementing ISO 9001:2015 quality certification.",DE,Not Found,,2026-08-26,2026-08-25,domain,2026-08-25,2026-08,1.0,False,False,True,TheGentlemen
tccointacin,TEC Container,teccontainer.com,com,2026-08-25 17:53,2026-08-25,2026-08,239,2026-09-04 16:53,,,False,False,False,False,False,"teccontainer.com TEC Container is a Spanish manufacturer of spreaders, lifting frames, and container-handling equipment, based in Algete (Madrid) since 1988. The company supplies ports and terminals worldwide, offering brands like TECSPREADER and TECGENSET (its diesel genset line for reefer containers).",BR,Manufacturing,,2026-08-26,2026-08-25,domain,2026-08-25,2026-08,1.0,False,False,False,TheGentlemen
partyrentall,Party Rental,partyrentalltd.com,com,2026-08-25 14:53,2026-08-25,2026-08,239,2026-09-04 13:53,,,False,False,False,False,False,"partyrentalltd.com zoominfo.com/c/party-rental-ltd/92603384 is a legitimate, family-owned U.S. event rental company founded in 1972 — one of the largest in the country. HQ and a 300,000 sq ft warehouse are in Teterboro, NJ, with locations in New York City, Philadelphia, Washington D.C., Boston, and the Hamptons.",GB,Hospitality,,2026-08-26,2026-08-25,domain,2026-08-25,2026-08,1.0,False,False,False,TheGentlemen
crbbb,CRB group,crbgroup.com,com,2026-08-21 19:49,2026-08-21,2026-08,64,2026-08-24 11:49,,,False,False,False,False,False,"crbgroup.com zoominfo.com/c/crb-group-gmbh/23317692 largest privately-held engineering & construction firm dedicated to life sciences — founded in 1984 in Kansas City by Jeff Biskup (still CEO) as a 3-person shop, now ~2,000 employees, ~$350–400M revenue, 100% family/private with no PE. It designs and builds pharma & biotech plants end-to-end (its ONEsolution™ design-build model), covering biotech, ADCs, gene/cell therapy and food & beverage — clients include Octapharma, CSL Behring, Roche Diagnostics, Boehringer Ingelheim. European base: CRB Group GmbH, Basel (2016) — the entity on your ZoomInfo link — plus Stuttgart and Penzberg offices, led by Gerald Schneider (recruited from arch-rival M+W Group). Bottom line: the invisible champion that builds the factories where the world's vaccines, antibodies and gene therapies are made — quietly compounding for 40 years without an IPO.",BR,Professional Services,,2026-07-31,2026-07-31,domain,2026-07-31,2026-07,-21.0,True,False,False,TheGentlemen
tempel,Tempel,tempel.com,com,2026-08-21 13:55,2026-08-21,2026-08,72,2026-08-24 13:55,,3276.8,False,False,False,False,False,"tempel.com zoominfo.com/c/tempel/87867666 Tempel is a global manufacturer of precision electrical steel laminations for automotive and industrial electric motors. We exfiltrated 3.2 TB of intellectual property and confidential engineering specs:Proprietary Technology (Compacore): Automotive OEM CAD & Blueprints:Unrestricted access to core R&D directories. The dump contains granular 3D CAD models, engineering schematics, and tolerance specs for next-generation EV motor platforms: Porsche & Audi: Performance specifications and rotor engineering blueprints for upcoming EV platforms.Daimler / Mercedes-Benz: Precision engineering tolerances and prototype motor schematics.Rink: Technical specifications for specialized production equipment. Note to automotive OEMs: This marks the SECOND successful breach of this company's network in the past 18 months. Draw your own conclusions about how seriously your suppliers take TISAX compliance and the security of your future R&D.",DE,Other,,2026-08-14,2026-08-14,domain,2026-08-14,2026-08,-7.0,True,False,False,TheGentlemen
volktek,Volktek,volktek.com,com,2026-08-21 08:35,2026-08-21,2026-08,239,2026-08-31 07:35,,,False,False,False,False,False,"volktek.com zoominfo.com/c/volktek-corp/161873991 Volktek is a leading Taiwanese manufacturer established in 1994, specializing in high-performance industrial networking and Ethernet solutions. They design and produce a wide range of robust equipment, including industrial Ethernet switches, PoE devices, and fiber optic converters. With in-house production facilities, the company provides reliable connectivity and automation infrastructure for metro networks, surveillance, and harsh industrial environments.",TW,Technology,,2026-08-23,2026-08-21,domain,2026-08-21,2026-08,2.0,False,False,False,TheGentlemen
layher,Layher,layher.cl,cl,2026-08-21 08:34,2026-08-21,2026-08,239,2026-08-31 07:34,,,False,False,False,False,False,"layher.cl zoominfo.com/c/layher-del-pacífico-sa--layher-chile/1319092699 Layher Chile is the local branch of the globally renowned German manufacturer specializing in scaffolding and access systems. They supply high-quality scaffolding solutions, safety equipment, and event structures for the construction, industrial, and infrastructure sectors. The company provides comprehensive services, including product sales, equipment rentals, custom engineering design, and technical support for complex projects across the country.",CL,Manufacturing,,2026-08-23,2026-08-21,domain,2026-08-21,2026-08,2.0,False,False,False,TheGentlemen
espac,Espac,espac.cl,cl,2026-08-21 08:32,2026-08-21,2026-08,239,2026-08-31 07:32,,,False,False,False,False,False,"espac.cl zoominfo.com/c/espac/425816287 ESPAC Construcción is a leading Chilean company based in Santiago that manufactures and distributes specialized products for the building industry. They produce high-quality construction materials, including steel shores, heavy-duty pallets, scaffolding systems, and material handling carts. Additionally, the firm offers comprehensive rental services for formwork and structural support equipment to assist large-scale construction projects across the country.",CL,Technology,,2026-08-23,2026-08-21,domain,2026-08-21,2026-08,2.0,False,False,False,TheGentlemen
gouldsherwood,Gould Sherwood Consulting,gouldsherwood.com,com,2026-08-21 08:31,2026-08-21,2026-08,239,2026-08-31 07:31,,,False,False,False,False,False,"gouldsherwood.com zoominfo.com/c/gould-sherwood-consulting-llc/347553210 Gould-Sherwood Consulting is a boutique IT support and services firm based in Lexington, Massachusetts, serving the Greater Boston area since 2005. They specialize in comprehensive computer and network support, including planning, maintenance, and troubleshooting for both Mac and PC environments. The company primarily caters to small-to-medium businesses, creative professionals, and home users, ensuring their technology infrastructure runs smoothly and securely.",US,Professional Services,,2026-08-23,2026-08-21,domain,2026-08-21,2026-08,2.0,False,False,False,TheGentlemen
eyeyeyeyfggf,Eyecare Center of Snohomish,eyecarecenterofsnohomish.com,com,2026-08-21 08:29,2026-08-21,2026-08,239,2026-08-31 07:29,,,False,False,False,False,False,"eyecarecenterofsnohomish.com zoominfo.com/c/eyecare-center-of-snohomish/442336650 Eyecare Center of Snohomish is a trusted optometry clinic in Snohomish, Washington, proudly serving its community since 1964. They offer comprehensive vision and medical eye exams, diagnosing and treating various eye diseases to ensure long-term ocular health. The clinic also features a full-service optical boutique offering custom-fitted contact lenses and designer eyewear frames from top global brands.",US,Healthcare,,2026-08-23,2026-08-21,domain,2026-08-21,2026-08,2.0,False,False,False,TheGentlemen
agscinemas,AGS Cinemas,agscinemas.com,com,2026-08-21 08:28,2026-08-21,2026-08,239,2026-08-31 07:28,,,False,False,False,False,False,"agscinemas.com zoominfo.com/c/ags-cinemas-private-ltd/356074293 AGS Cinemas is a prominent multiplex chain and film exhibition company based in Chennai, India, operating under the AGS Entertainment brand. The theaters feature state-of-the-art technical facilities, including Dolby Atmos sound systems and 4K projection for a premium viewing experience. Their official platform allows customers to easily book tickets online and pre-order a wide variety of food and beverages for their visit.",IN,Hospitality,,2026-08-23,2026-08-21,domain,2026-08-21,2026-08,2.0,False,False,False,TheGentlemen
arielenegira,Ariel Energia,arielenergia.it,it,2026-08-21 08:20,2026-08-21,2026-08,239,2026-08-31 07:20,,,False,False,False,False,False,"arielenergia.it zoominfo.com/c/gdl-spa/1311974459 Ariel Energia is a prominent Italian company based in Turin with over 40 years of experience in the home energy and comfort sector. They specialize in producing and distributing ""Made in Italy"" heating and cooling solutions, including pellet stoves, boilers, and air conditioners. The company also provides renewable energy systems like photovoltaics and advanced water purifiers to promote sustainability and energy efficiency.",IT,Energy & Utilities,,2026-08-21,2026-08-21,domain,2026-08-21,2026-08,0.0,False,False,False,TheGentlemen
oecaenica,Oceanica Internacional,oceanica.ws,ws,2026-08-21 08:19,2026-08-21,2026-08,239,2026-08-31 07:19,,,False,False,False,False,False,"oceanica.ws Oceanica Internacional is a comprehensive logistics and freight forwarding company operating across Central America. They serve as a strategic logistics partner, providing international trade and supply chain solutions in countries like Costa Rica, Panama, and Guatemala. The company specializes in coordinating imports, exports, and cargo transportation to support businesses throughout the region.",WS,Transportation,,2026-08-21,2026-08-21,domain,2026-08-21,2026-08,0.0,False,False,False,TheGentlemen
aquasuea,Aquasea,aquasea.com,com,2026-08-21 08:14,2026-08-21,2026-08,239,2026-08-31 07:14,,,False,False,False,False,False,"aquasea.com rocketreach.co/aquasea-inc-profile_b468216cfc5c9f6e Aquasea Inc. is a clothing and apparel manufacturing company headquartered in Compton, California, operating since 1995. The business specializes in full-package production, including cut and sew services, private label manufacturing, and screen printing. They also operate nearshore textile manufacturing facilities to support their comprehensive apparel production capabilities.",NO,Energy & Utilities,,2026-08-21,2026-08-21,domain,2026-08-21,2026-08,0.0,False,False,False,TheGentlemen
arbeiter,ARBEITERKAMMERN,arbeiterkammer.at,at,2026-08-21 08:02,2026-08-21,2026-08,239,2026-08-31 07:02,,,False,False,False,False,False,"arbeiterkammer.at The Austrian Chamber of Labour is a statutory public organization dedicated to representing the interests of employees and consumers across Austria. It provides its members with free legal advice on labor and social law, educational support, and strong consumer protection services. The organization actively advocates for workers' rights, fair wages, and social justice through extensive research and political lobbying.",AT,Professional Services,,2026-08-21,2026-08-21,domain,2026-08-21,2026-08,0.0,False,False,False,TheGentlemen
gebsas,Geb Sas,geb.fr,fr,2026-08-21 08:00,2026-08-21,2026-08,239,2026-08-31 07:00,,,False,False,False,False,False,"geb.fr zoominfo.com/c/geb-sas/372743980 GEB SAS is a historic French chemical manufacturing company established in 1860. They specialize in formulating and producing essential sealing solutions, adhesives, and PVC glues. The family-owned business primarily provides high-quality maintenance and installation products for plumbing and heating professionals.",FR,Not Found,,2026-08-21,2026-08-21,domain,2026-08-21,2026-08,0.0,False,False,True,TheGentlemen
almeer,Almeer,al-meergroup.com,com,2026-08-21 07:58,2026-08-21,2026-08,239,2026-08-31 06:58,,,False,False,False,False,False,"al-meergroup.com zoominfo.com/c/almeer/1326290906 Almeer General Contracting Establishment is a Saudi-owned company established in 2010 and headquartered in Jubail, Saudi Arabia. They specialize in comprehensive electrical, civil construction, and mechanical erection services for industrial facilities. The firm primarily serves large-scale sectors, including oil refineries and fertilizer plants, utilizing a team of qualified engineers.",AE,Other,,2026-08-21,2026-08-21,domain,2026-08-21,2026-08,0.0,False,False,False,TheGentlemen
esond,ESCON Group,escon.us,us,2026-08-21 07:56,2026-08-21,2026-08,239,2026-08-31 06:56,,,False,False,False,False,False,"escon.us zoominfo.com/c/escon-group/352605618 ESCON Group is a veteran-owned electrical contracting company based in Bay City, Michigan, with a history tracing back to 1907. They specialize in providing comprehensive commercial and residential electrical services, low voltage solutions, and fiber optics. The company also offers advanced security systems, smart integrations, and robust commercial generator installations to ensure reliable power.",US,Manufacturing,,2026-08-21,2026-08-21,domain,2026-08-21,2026-08,0.0,False,False,False,TheGentlemen
akatake,Akatake Engineering,akatake.co.jp,jp,2026-08-21 07:55,2026-08-21,2026-08,239,2026-08-31 06:55,,,False,False,False,False,False,"akatake.co.jp crunchbase.com/organization/akatake-engineering-co-ltd Akatake Engineering Co., Ltd. is a Japanese manufacturing company based in Numazu, Shizuoka, established in 1971. They specialize in powder handling technology, providing comprehensive solutions for the storage, feeding, weighing, and transportation of bulk powders. The company designs and manufactures custom industrial equipment and container systems for various industries dealing with fine particulate materials.",JP,Manufacturing,,2026-08-21,2026-08-13,domain,2026-08-21,2026-08,0.0,False,False,False,TheGentlemen
magdalena,Magdalena Grand Beach Golf Resort,magdalenagrand.com,com,2026-08-21 07:50,2026-08-21,2026-08,239,2026-08-31 06:50,,,False,False,False,False,False,"magdalenagrand.com zoominfo.com/c/magdalena-grand-beach--golf-resort/348187300 Magdalena Grand Beach & Golf Resort is a luxury hotel and resort located in Lowlands on the beautiful island of Tobago. It features premium oceanfront accommodations with access to a championship golf course, spa, pools, and tennis courts. The property is also a popular destination for weddings, offering guests a variety of dining options and vibrant nightlife.",MX,Hospitality,,2026-08-21,2026-08-21,domain,2026-08-21,2026-08,0.0,False,False,False,TheGentlemen
logsystems,LOG Systems,logsystem.pl,pl,2026-08-21 07:48,2026-08-21,2026-08,239,2026-08-31 06:48,,,False,False,False,False,False,"logsystem.pl zoominfo.com/c/log-systems/372786485 LOG Systems is a Polish software company based in Wrocław that develops comprehensive IT management and Helpdesk solutions. Their flagship product, LOG Plus, is an advanced ITSM platform designed to streamline ticketing, incident management, and IT infrastructure monitoring. The software also includes powerful Software Asset Management features to help organizations optimize licensing and ensure data security.",PL,Technology,,2026-08-21,2026-08-21,domain,2026-08-21,2026-08,0.0,False,False,False,TheGentlemen
exacaucho,Lexacaucho,lexacaucho.com,com,2026-08-21 07:47,2026-08-21,2026-08,239,2026-08-31 06:47,,,False,False,False,False,False,"lexacaucho.com zoominfo.com/c/lexacaucho--laminados-y-extruidos-de-caucho-sac/457170004 Lexacaucho is a Peruvian manufacturing company based in Lima with over 25 years of experience in the rubber and polymer industry. They specialize in producing molded rubber sheets, profiles, linings, and custom parts using materials like natural rubber, SBR, and EPDM. The company primarily serves the mining, fishing, and general industrial sectors by providing durable elastomer solutions.",,Other,,2026-08-21,2026-08-21,domain,2026-08-21,2026-08,0.0,False,False,True,TheGentlemen
dlpmotive,dlp motive,dlp-motive.de,de,2026-08-21 07:43,2026-08-21,2026-08,239,2026-08-31 06:43,,,False,False,False,False,False,"dlp-motive.de dlp motive is a German full-service event technology provider founded in 2007, successfully realizing around 600 projects annually. They offer comprehensive technical solutions including lighting, audio, video, kinetics, and rigging for corporate, e-sports, and public events. The company handles the entire event lifecycle, providing everything from initial concept and design to logistics, on-site production, and equipment rental.",DE,Technology,,2026-08-21,2026-08-21,domain,2026-08-21,2026-08,0.0,False,False,False,TheGentlemen
uolconsult,UOLconsult,uol-consult.com,com,2026-08-21 07:41,2026-08-21,2026-08,239,2026-08-31 06:41,,,False,False,False,False,False,"uol-consult.com UOLconsult GmbH is a boutique management consulting firm based in Vienna, Austria, founded in 2015. They specialize in strategic management, business development, and investment consulting.",AT,Professional Services,,2026-08-21,2026-08-21,domain,2026-08-21,2026-08,0.0,False,False,False,TheGentlemen
customfoam,vpcgroup.com customfoam.com,customfoam.com,com,2026-08-19 07:41,2026-08-19,2026-08,24,2026-08-20 07:41,,,False,False,False,False,False,"customfoam.com vpcgroup.com zoominfo.com/c/custom-foam-systems-ltd/31526090 Custom Foam Systems (CFS) is a leading Canadian manufacturer of fabricated and molded custom polyurethane foam components, founded in 1973 and based in Kitchener, Ontario. The company specializes in serving the automotive, healthcare, and furniture industries across North America with over 45 years of manufacturing excellence. CFS operates under ISO 9001:2015 and FDA standards, utilizing advanced product development processes and lean manufacturing systems to deliver exceptional quality and on-time performance. As a family-owned business, they have built a strong reputation for innovation, reliability, and their commitment that ""every component matters.""",US,Manufacturing,,2026-07-23,2026-07-23,domain,2026-07-23,2026-07,-27.0,True,False,False,TheGentlemen
babccokc,Babcock,babcock.co.za,za,2026-08-19 06:12,2026-08-19,2026-08,239,2026-08-29 05:12,,,False,False,False,False,False,"babcock.co.za rocketreach.co/babcock-international-group-africa-profile_b5cda591f42e0b42 Babcock Africa is a leading engineering and asset management company specializing in critical infrastructure and heavy equipment across the African continent. With over 130 years of experience, it provides lifetime engineering solutions, including industrial power systems, construction machinery, plant hire, and defense support. The company partners with demanding sectors such as energy, mining, transport, and manufacturing to ensure safe, reliable, and efficient operations. Its core focus is on designing, building, and sustaining complex assets through comprehensive maintenance and innovative technical services.",ZA,Government & Defense,,2026-08-19,2026-08-19,domain,2026-08-19,2026-08,0.0,False,False,False,TheGentlemen
roadbison,Roadvision Systems,roadvision.com,com,2026-08-18 16:41,2026-08-18,2026-08,239,2026-08-28 15:41,,,False,False,False,False,False,"roadvision.com zoominfo.com/c/roadvision-systems-llc/358950436 Roadvision is a cloud-based trucking management software (TMS) designed to help logistics companies and carriers, particularly in the less-than-truckload (LTL) sector, operate more efficiently. Headquartered in Hanover, New Hampshire, it provides an all-in-one platform to automate workflows, reduce operational costs, and modernize fleet management.",SE,Transportation,,2026-08-19,2026-08-18,domain,2026-08-18,2026-08,1.0,False,False,False,TheGentlemen
senvest,Senvest Capital,senvest.com,com,2026-08-18 16:39,2026-08-18,2026-08,239,2026-08-28 15:39,,,False,False,False,False,False,"senvest.com zoominfo.com/c/senvest-capital-inc/91423931 Senvest (including Senvest Capital and Senvest Management) is a major international investment firm and hedge fund sponsor managing billions of dollars in assets. Founded by Richard Mashaal, it specializes in contrarian value investing strategies across public equities, private markets, and real estate. Headquartered in New York and Montreal, the firm focuses on discretionary investment advisory services and direct capital deployment for institutional clients.",CA,Financial Services,,2026-08-19,2026-08-18,domain,2026-08-18,2026-08,1.0,False,False,False,TheGentlemen
crasl,CRASL,crasl.co.uk,uk,2026-08-18 14:09,2026-08-18,2026-08,100,2026-08-22 18:09,,,False,False,False,False,False,"crasl.co.uk zoominfo.com/c/crasl-accounting-services/355829364 CRASL Accounting Services is an approachable, user-friendly accounting firm based in Suffolk, UK, dedicated to supporting individuals, sole traders, and growing businesses. They combine traditional financial values with modern efficiency, offering personalized bookkeeping, tax planning, and strategic business advice. Their client-focused approach ensures you receive the clear insights and practical tools needed to make confident decisions and achieve your financial goals.",GB,Not Found,,2026-08-19,2026-08-18,domain,2026-08-18,2026-08,1.0,False,False,True,TheGentlemen
pertamina,Pertamina,pertamina.com,com,2026-08-17 17:16,2026-08-17,2026-08,230,2026-08-27 07:16,23200.0,1228.8,True,True,False,False,False,"pertamina.com REV - $23.2 Billion zoominfo.com/c/pt-pertamina/191250883 Pertamina is an energy company primarily in the oil and gas sector. The company provides services for new and renewable energy, and other activities related to or supporting business activities. We have taken NDA files, HR DATA, user data, employee data, technical drawings, models, bank accounting tax legal statements, SCADA documents, confidential files, photographs of work, screenshots and much more the total data volume is more than 1.2TB+ 1200 GB+ . Pertamina is Indonesia’s state-owned integrated energy corporation, operating across upstream, downstream, gas, and renewable energy sectors. With over six decades of operation, it is a primary driver of national energy sovereignty and consistently ranks among the Fortune Global 500 companies. Data published.",ID,Energy & Utilities,,2026-07-31,2026-07-31,domain,2026-07-31,2026-07,-17.0,True,False,False,TheGentlemen
anmed,AnMed,anmed.org,org,2026-08-17 17:09,2026-08-17,2026-08,123,2026-08-22 20:09,,2048.0,True,True,False,False,False,"anmed.org zoominfo.com/c/anmed/1238269198 AnMed is an independent, not-for-profit health system founded in 1908, serving Upstate South Carolina and northeast Georgia. Its anchor facility, AnMed Medical Center, is a 461-bed acute care hospital located in Anderson, South Carolina. The network provides comprehensive medical services, including emergency care, cardiovascular surgery, advanced imaging, and specialized outpatient clinics. DATA UPLOADING - PART 2 - 2TB RELEASED",US,Healthcare,,2026-08-10,2026-08-09,domain,2026-08-10,2026-08,-7.0,True,False,False,TheGentlemen
euroscreen,Euroscreen,euroscreen.it,it,2026-08-17 16:32,2026-08-17,2026-08,100,2026-08-21 20:32,,,False,False,False,False,False,"euroscreen.it zoominfo.com/c/euroscreen-srl/454657849 Euroscreen is a leading Italian company specializing in digital printing technologies and the manufacturing of high-quality projection screens. They design and produce a wide range of professional and home cinema screens entirely in Italy, including motorized models up to 12 meters wide and projector lifts. Their bespoke audio-visual and printing solutions are exported worldwide to serve both commercial and residential markets.",IT,Technology,,2026-08-19,2026-08-17,domain,2026-08-17,2026-08,2.0,False,False,False,TheGentlemen
vtt,Vector Two Technology,vtt.com.br,br,2026-08-14 05:23,2026-08-14,2026-08,239,2026-08-24 04:23,,,False,False,False,False,False,"vtt.com.br zoominfo.com/c/vtt/372441609 VTT is a pioneering Brazilian technology company founded in 1996 that specializes in Digital Signage and Retail Media solutions. As a leading provider in Latin America, the company delivers innovative digital displays, menu boards, and interactive customer experience tools for the retail sector. Their platform also supports a robust channel partner program, helping businesses across the region modernize their visual communication and in-store marketing strategies.",BR,Technology,,2026-08-14,2026-08-14,domain,2026-08-14,2026-08,0.0,False,False,False,TheGentlemen
acli,Acli,acli.it,it,2026-08-14 05:23,2026-08-14,2026-08,239,2026-08-24 04:23,,,False,False,False,False,False,"acli.it zoominfo.com/c/acli/372618594 ACLI (Christian Associations of Italian Workers) is a major Italian Catholic social promotion organization founded in 1944 to advocate for labor rights and human dignity. Operating a vast network of local clubs, the association provides essential community services, including tax assistance, employment support, and vocational training. Today, it continues to champion social solidarity, democratic participation, and active citizenship across Italy and internationally.",IT,Not Found,,2026-08-14,2026-08-14,domain,2026-08-14,2026-08,0.0,False,False,True,TheGentlemen
communityco,Community Connections,comconnections.org,org,2026-08-14 05:22,2026-08-14,2026-08,239,2026-08-24 04:22,,,False,False,False,False,False,"comconnections.org zoominfo.com/c/community-connections-inc/350834294 Community Connections is a non-profit organization based in Ketchikan, Alaska, dedicated to providing individualized support for children, seniors, and individuals with disabilities. Founded over 40 years ago, their core mission focuses on encouraging independence, community belonging, and improving the overall quality of life for those they serve. The organization offers a wide range of specialized programs, including early childhood learning, mental health support, and comprehensive disability services.",US,Other,,2026-08-14,2026-08-14,domain,2026-08-14,2026-08,0.0,False,False,False,TheGentlemen
megalaser,Megalaser Industria Metalurgica LTDA,megalaser.com.br,br,2026-08-14 05:19,2026-08-14,2026-08,239,2026-08-24 04:19,,,False,False,False,False,False,"megalaser.com.br zoominfo.com/c/megalaser-industria-metalúrgica-ltda/1315472404 Megalaser is a Brazilian metallurgical company based in São Paulo, specializing in advanced metalworking services like laser cutting, CNC bending, and robotic welding. Founded in 2006, the manufacturer provides high-quality machined components and assemblies for diverse industries, including renewable energy, mining, automotive, and oil and gas. Their platform highlights a strong commitment to precision engineering, integrated manufacturing solutions, and sustainable industrial practices.",BR,Manufacturing,,2026-08-14,2026-08-14,domain,2026-08-14,2026-08,0.0,False,False,False,TheGentlemen
ekepis,EKEPIS,ekepis.gr,gr,2026-08-14 05:17,2026-08-14,2026-08,239,2026-08-24 04:17,,,False,False,False,False,False,"ekepis.gr rocketreach.co/ekepis-ethniko-kentro-pistopoiisis-domon-profile_b6d46b6ac7408ffe EKEPIS was Greece's National Centre for the Accreditation of Continuing Vocational Training, responsible for certifying adult educators and lifelong learning providers. The organization no longer exists, as its accreditation and certification duties were absorbed by EOPPEP (ΕΟΠΠΕΠ), the National Organisation for the Certification of Qualifications and Vocational Guidance. Today, anyone looking for their services must go through EOPPEP or the official Greek government portal, since the old ekepis.gr domain is no longer an official resource.",GR,Not Found,,2026-08-14,2026-08-14,domain,2026-08-14,2026-08,0.0,False,False,True,TheGentlemen
adecco,Avanta Maroc Ex Adecco,avanta.ma,ma,2026-08-14 05:09,2026-08-14,2026-08,239,2026-08-24 04:09,,,False,False,False,False,False,"avanta.ma rocketreach.co/avanta-maroc-ex-adecco-profile_b7352c87c4297b95 Avanta Maroc, formerly known as Adecco Maroc, is a prominent human resources and recruitment agency based in Casablanca, Morocco. The company specializes in connecting job seekers with top employers by offering tailored workforce solutions and staffing services. Their platform serves as a vital hub for career opportunities, professional development, and corporate HR management across various industries in the region.",MA,Professional Services,,2026-08-14,2026-08-14,domain,2026-08-14,2026-08,0.0,False,False,False,TheGentlemen
plazauto,Plaza Auto Mall,plazaautomall.com,com,2026-08-14 05:07,2026-08-14,2026-08,239,2026-08-24 04:07,,,False,False,False,False,False,"plazaautomall.com zoominfo.com/c/plaza-auto-mall/194512238 Plaza Auto Mall is a family-owned dealership group based in Brooklyn, New York, that has been serving local drivers since 1975. They offer an extensive inventory of over 1,000 new, used, and certified pre-owned vehicles across multiple automotive brands all in one location. The platform also provides comprehensive automotive services, including financing options, vehicle maintenance, parts sales, and a dedicated body shop.",MX,Retail & E-Commerce,,2026-08-14,2026-08-14,domain,2026-08-14,2026-08,0.0,False,False,False,TheGentlemen
toaa,TOA,toa-const.co.jp,jp,2026-08-14 05:02,2026-08-14,2026-08,239,2026-08-24 04:02,,,False,False,False,False,False,"toa-const.co.jp zoominfo.com/c/toa-corp/425840057 TOA Corporation is a prominent Japanese general contractor specializing in marine civil engineering, land reclamation, and port infrastructure development. The company focuses on delivering high-quality, economically viable construction projects while prioritizing environmental sustainability and technological innovation. Through its corporate portal, stakeholders can access detailed information on their advanced engineering services, corporate philosophy, and investor relations.",JP,Not Found,,2026-08-14,2026-08-14,domain,2026-08-14,2026-08,0.0,False,False,True,TheGentlemen
Reiatl,Retail Business Management Systems,rbms.com,com,2026-08-14 05:00,2026-08-14,2026-08,239,2026-08-24 04:00,,,False,False,False,False,False,"rbms.com zoominfo.com/c/retail-business-management-systems-inc/101712744 Retail Business Management Systems (RBMS) is a specialized technology provider that has delivered Point of Sale and retail management solutions for over 25 years. Focusing heavily on NCR Counterpoint software and hardware integrations, the company supports retail businesses of all sizes primarily across the New York and New Jersey regions. Their platform serves as a central hub for merchants seeking comprehensive tools to optimize store operations, inventory tracking, and overall customer experience.",GB,Retail & E-Commerce,,2026-08-14,2026-08-14,domain,2026-08-14,2026-08,0.0,False,False,False,TheGentlemen
cityhomes,Cityside Homes,citysidehomes.com,com,2026-08-14 04:58,2026-08-14,2026-08,239,2026-08-24 03:58,,,False,False,False,False,False,"citysidehomes.com zoominfo.com/c/cityside-homes-llc/355153806 Cityside Homes is a new construction home builder based in Houston, Texas, specializing in developing homeowner-focused residential communities. Since 2011, the company has built over 100 distinct neighborhoods, offering modern living spaces tailored to local buyers. Their website serves as a primary resource for exploring floor plans, browsing model homes, and discovering available properties across the greater Houston area.",GB,Not Found,,2026-08-14,2026-08-14,domain,2026-08-14,2026-08,0.0,False,False,True,TheGentlemen
kfccc,KFC Kosova,kfckosova.com,com,2026-08-14 04:55,2026-08-14,2026-08,239,2026-08-24 03:55,,,False,False,False,False,False,"kfckosova.com zoominfo.com/c/kfc-kosova/401225793 KFC Kosova is the official regional branch of the global fast-food chain, operating multiple restaurants across Kosovo, including a prominent location at the Albi Mall in Pristina. Their website serves as a central hub for customers to find nearby branches, check out menu options, and access delivery services. Additionally, the platform acts as a primary career portal for local job seekers to apply for various corporate and restaurant positions.",,Hospitality,,2026-08-14,2026-08-14,domain,2026-08-14,2026-08,0.0,False,False,True,TheGentlemen
thecoffeee,The Coffee Bean,coffeebean.com.my,my,2026-08-14 04:52,2026-08-14,2026-08,239,2026-08-24 03:52,,,False,False,False,False,False,"coffeebean.com.my zoominfo.com/c/the-coffee-bean/425047768 The Coffee Bean & Tea Leaf Malaysia is the official digital portal for the popular cafe chain, which currently operates over 150 locations across the country. The website allows customers to easily explore the full menu, access exclusive promotions, and manage their MyCBTL loyalty app rewards. It serves as a convenient central platform for ordering premium beverages, redeeming digital vouchers, and staying updated on seasonal cafe offerings.",MY,Retail & E-Commerce,,2026-08-14,2026-08-14,domain,2026-08-14,2026-08,0.0,False,False,False,TheGentlemen
ollice,Ollies Place Kidswear,olliesplace.com.au,au,2026-08-14 04:50,2026-08-14,2026-08,239,2026-08-24 03:50,,,False,False,False,False,False,"olliesplace.com.au zoominfo.com/c/ollies-place-kidswear/359503050 Ollie's Place is an Australian retail brand specializing in high-quality, trendy, and comfortable clothing for babies and children. The company offers a unique shopping experience both online and through physical stores across Australia, featuring vibrant prints and stylish designs. They focus on providing fashionable, value-for-money pieces for kids' everyday wear and special milestones.",AU,Retail & E-Commerce,,2026-08-14,2026-08-14,domain,2026-08-14,2026-08,0.0,False,False,False,TheGentlemen
gravity,Gravity Coffee,gravitycoffee.com,com,2026-08-14 04:48,2026-08-14,2026-08,239,2026-08-24 03:48,,,False,False,False,False,False,"gravitycoffee.com zoominfo.com/c/gravity-coffee-company-llc/373342412 Gravity Coffee is a premium coffee brand known for serving high-quality beverages in its physical cafes and through retail products. Their signature medium roast blends feature a bold, smooth flavor profile with popular notes of hazelnut and chocolate. The company operates multiple locations and focuses on providing an exceptional coffee experience for its customers",US,Retail & E-Commerce,,2026-08-14,2026-08-14,domain,2026-08-14,2026-08,0.0,False,False,False,TheGentlemen
gferler,Gfeller Treuhand und Verwaltungs,gfeller-treuhand.ch,ch,2026-08-13 11:41,2026-08-13,2026-08,239,2026-08-23 10:41,,,False,False,False,False,False,"gfeller-treuhand.ch zoominfo.com/c/gfeller-treuhand-und-verwaltungs-ag/372661395 Gfeller Treuhand und Verwaltungs AG is a Swiss real estate and fiduciary company based in Dübendorf, operating since 1980. They specialize in comprehensive property management, real estate sales, and leasing services. The firm provides professional administrative support, utilizing modern IT solutions to efficiently handle property maintenance and tenant relations.",CH,Professional Services,,2026-08-14,2026-08-13,domain,2026-08-13,2026-08,1.0,False,False,False,TheGentlemen
ipss,IPS,ipssrl.com,com,2026-08-13 11:40,2026-08-13,2026-08,239,2026-08-23 10:40,,,False,False,False,False,False,"ipssrl.com zoominfo.com/c/ips-srl/372710487 I.P.S. Srl is an Italian company founded in 2005 that specializes in the recovery and recycling of inert waste from construction and demolition activities. They provide environmental services, supply recycled aggregates, and manufacture ""Wastile,"" a 100% ecological and infinitely recyclable thermoplastic tile. The company has received national awards for its rapid revenue growth and high financial reliability in the environmental sector.",IT,Not Found,,2026-08-14,2026-08-13,domain,2026-08-13,2026-08,1.0,False,False,True,TheGentlemen
buckknives,Buck Knives,buckknives.com,com,2026-08-11 19:08,2026-08-11,2026-08,73,2026-08-14 20:08,,,False,False,False,False,False,"buckknives.com zoominfo.com/c/buck-knives-inc/16223110 Buck Knives is a historic American knife manufacturer founded in 1947 by Hoyt Buck, originating from a family blacksmith business dedicated to superior steel tempering. The brand revolutionized the knife industry in 1964 with the introduction of the iconic Model 110 Folding Hunter. Now headquartered in Post Falls, Idaho, this four-generation family company is renowned for its rugged durability, traditional American craftsmanship, and a lifetime ""Forever Warranty""",US,Manufacturing,,2026-07-28,2026-07-28,domain,2026-07-28,2026-07,-14.0,True,False,False,TheGentlemen
belllhh,Bell Hardware,bellhardware.com,com,2026-08-10 18:53,2026-08-10,2026-08,96,2026-08-14 18:53,,,False,False,False,False,False,"bellhardware.com zoominfo.com/c/bell-hardware/353995383 Bell Hardware is a premier supplier of premium commercial doors, frames, and architectural hardware, operating out of seven locations across Oregon and Northern California.They act as a comprehensive one-stop shop for contractors, providing high-quality building products alongside expert on-site installation and modification services.Furthermore, the company partners with design and construction teams during the early planning stages to evaluate project elements and streamline the building process",US,Retail & E-Commerce,,2026-07-01,2026-06-24,domain,2026-07-01,2026-07,-40.0,True,False,False,TheGentlemen
zioncontacting,Zion Contracting,zioncontracting.com,com,2026-08-10 01:18,2026-08-10,2026-08,239,2026-08-20 00:18,,,False,False,False,False,False,"zioncontracting.com Zion Contracting LLC is a trusted general contractor based in New York, specializing in complex infrastructure and transportation projects. As a certified MBE, DBE, and SBE firm, they partner with government agencies to help fulfill minority and diversity contracting goals. Their main focus is delivering essential public works projects that strengthen communities across the state",US,Other,,2026-08-10,2026-08-10,domain,2026-08-10,2026-08,0.0,False,False,False,TheGentlemen
premierpigs,Premier Pigs,premierpigs.com,com,2026-08-09 21:49,2026-08-09,2026-08,239,2026-08-19 20:49,,,False,False,False,False,False,"premierpigs.com zoominfo.com/c/premier-pigs/458500816 Grupo Premier Pigs is a family-owned agricultural company based in Spain, founded in 1992 and specializing in the swine farming industry. Operating as a major pig farming integrator, the business manages its own breeding and fattening farms alongside a dedicated feed production mill. The organization is committed to sustainable livestock practices and comprehensive agricultural management, which also includes cereal farming.",GB,Agriculture and Food Production,,2026-08-10,2026-08-09,domain,2026-08-09,2026-08,1.0,False,False,False,TheGentlemen
evacare,Eva Care,evacare.com,com,2026-08-09 21:47,2026-08-09,2026-08,239,2026-08-19 20:47,,,False,False,False,False,False,"evacare.com rocketreach.co/eva-care-profile_b7a227f8c53b4785 Eva Care Group is a healthcare provider specializing in the post-acute care industry, headquartered in Los Angeles, California. With over 50 years of combined experience, the company operates and manages a network of nursing homes and rehabilitation facilities. They deliver comprehensive solutions encompassing clinical, financial, operational, and environmental management to ensure high-quality patient care.",GB,Healthcare,,2026-08-10,2026-08-09,domain,2026-08-09,2026-08,1.0,False,False,False,TheGentlemen
zioncons,Zion Construction,zionconstructioninc.com,com,2026-08-09 21:43,2026-08-09,2026-08,239,2026-08-19 20:43,,,False,False,False,False,False,"zionconstructioninc.com Zion Construction Inc is a reputable general contracting and home building company based in Ephrata, Washington. With over three decades of industry experience, they specialize in custom homes, remodeling, and general construction services. The company is recognized for delivering high-quality residential projects and is highly rated among contractors in the region.",US,Manufacturing,,2026-08-27,2026-08-09,domain,2026-08-09,2026-08,18.0,False,False,False,TheGentlemen
mikelcofee,Mikel Coffee,mikelcoffee.com,com,2026-08-09 21:41,2026-08-09,2026-08,239,2026-08-19 20:41,,,False,False,False,False,False,"mikelcoffee.com zoominfo.com/c/mikel-coffee/456172290 Mikel Coffee Company is a prominent Greek coffeehouse chain that began its journey in 2008 in the city of Larissa. It has rapidly expanded into a global brand, operating a network of over 410 coffee shops across 19 different countries. The company offers a comprehensive menu of premium coffee blends, beverages, snacks, and retail products, focusing on delivering a unique and welcoming coffee experience.",GR,Retail & E-Commerce,,2026-08-10,2026-08-09,domain,2026-08-09,2026-08,1.0,False,False,False,TheGentlemen
ntuamnuni,NTU Alumni Club,ntualumni.org.sg,sg,2026-08-09 21:39,2026-08-09,2026-08,239,2026-08-19 20:39,,,False,False,False,False,False,"ntualumni.org.sg zoominfo.com/c/ntu-alumni-club/447180090 The NTU Alumni Club is an independent association for graduates of Nanyang Technological University in Singapore. It serves as a dedicated platform for alumni to connect, network, and maintain a lifelong relationship with their alma mater. Members enjoy exclusive perks, career opportunities, and access to physical facilities like lounges and co-working spaces at their clubhouse.",SG,Education,,2026-08-10,2026-08-09,domain,2026-08-09,2026-08,1.0,False,False,False,TheGentlemen
aimsgroup,AIMS Group,aimsgroup.com,com,2026-08-09 21:35,2026-08-09,2026-08,239,2026-08-19 20:35,,,False,False,False,False,False,"aimsgroup.com AIMS Group LLC is a major conglomerate based in Ajman, UAE, established in 2003 with a workforce of thousands. It operates primarily in the environmental services and construction sectors, specializing in infrastructure and road development. The company provides comprehensive industrial solutions, including asphalt production, building materials supply, and fleet management",GB,Other,,2026-08-10,2026-08-09,domain,2026-08-09,2026-08,1.0,False,False,False,TheGentlemen
lancsfot,Lancesoft India,lancesoft.in,in,2026-08-09 21:31,2026-08-09,2026-08,239,2026-08-19 20:31,,,False,False,False,False,False,"lancesoft.in zoominfo.com/c/lancesoft-india/547301190 LanceSoft India is a key division of a global workforce solutions and IT services company founded in 2000. Based in Bengaluru, it employs thousands of professionals to deliver comprehensive staffing solutions, including temporary and permanent placements. The company connects businesses worldwide with top-tier talent across diverse industries such as IT, engineering, and healthcare.",IN,Technology,,2026-08-10,2026-08-09,domain,2026-08-09,2026-08,1.0,False,False,False,TheGentlemen
rakkkk,RAK Construction,rakconstruction.in,in,2026-08-09 21:30,2026-08-09,2026-08,239,2026-08-19 20:30,,,False,False,False,False,False,"rakconstruction.in zoominfo.com/c/rak-construction/1266108608 RAK Construction is a premier construction company based in Bangalore, India, with over 20 years of industry experience. They specialize in delivering high-quality residential and commercial building projects as a leading civil contractor. The company employs a dedicated team of professionals focused on providing reliable construction and contracting services.",IN,Manufacturing,,2026-08-10,2026-08-09,domain,2026-08-09,2026-08,1.0,False,False,False,TheGentlemen
contacc,CONTAC Ingenieros,contac.cl,cl,2026-08-09 21:28,2026-08-09,2026-08,239,2026-08-19 20:28,,,False,False,False,False,False,"contac.cl zoominfo.com/c/contac-ingenieros-division-sistemas/372522727 Contac is a technology company based in Santiago, Chile, specializing in operations and asset management technologies. They provide comprehensive automation services and real-time information systems to help industrial clients maximize their operational performance. The company focuses on delivering custom solutions to optimize asset management, reduce costs, and improve overall system reliability.",CL,Professional Services,,2026-08-10,2026-08-09,domain,2026-08-09,2026-08,1.0,False,False,False,TheGentlemen
chemcoss,Chemco Systems,chemcosystems.net,net,2026-08-08 03:23,2026-08-08,2026-08,76,2026-08-11 07:23,,,False,False,False,False,False,"chemcosystems.net zoominfo.com/c/chemco-systems-lp/39588004 Chemco Systems is a world leader in the design and manufacturing of bulk chemical storage, handling, and feed systems for air and water pollution treatment, operating since 1980. The company provides tailored engineering, fabrication, and installation services, delivering innovative and cost-effective solutions without compromising safety or quality. With decades of industry experience, Chemco Systems is committed to superior product reliability, efficient customer service, and the continuous professional growth of its team",US,Manufacturing,,2026-07-31,2026-07-31,domain,2026-07-31,2026-07,-8.0,True,False,False,TheGentlemen
harrrrrrhd,Harrell Martin Peace,harrellmartinpeace.com,com,2026-08-07 15:55,2026-08-07,2026-08,96,2026-08-11 15:55,,,False,False,False,False,False,"harrellmartinpeace.com zoominfo.com/c/harrell-martin--peace-pa/347464411 Established in 1995, Harrell, Martin & Peace, P.A. is a highly regarded full-service law firm based in Chapin, South Carolina, celebrated for its community-focused approach and deep client relationships. The firm delivers comprehensive legal expertise across diverse practice areas, including real estate, corporate law, estate planning, and family law. Backed by a dedicated team of experienced attorneys, they are committed to providing personalized, strategic, and exceptional legal representation to both individuals and businesses",US,Professional Services,,2026-06-04,2026-06-01,domain,2026-06-04,2026-06,-64.0,True,False,False,TheGentlemen
yybusiness,YY Business Solutions,,,2026-08-06 16:50,2026-08-06,2026-08,239,2026-08-16 15:50,,,False,False,False,False,False,"Y&Y Business Solutions (YYB Business Solutions Inc.) is a Bronx-based company located at 169 Lincoln Avenue, Suite 208, Bronx, NY 10454, reachable at (347) 270-1283. Founded and led by Valerie and Yerlin, the firm specializes in income taxes, immigration services, business license & registration, DMV & TLC services, and document translation. The company primarily serves Spanish-speaking immigrants and small business owners, helping them navigate U.S. immigration processes and tax requirements. They are most active on Instagram (@yybsolutions) and Facebook, where they share updates and client guidance.",US,Other,,2026-08-07,2026-08-06,name,2026-08-06,2026-08,1.0,False,False,False,TheGentlemen
hallidaywakiman,Halliday Watkins Mann,hwmlawfirm.com,com,2026-08-06 16:35,2026-08-06,2026-08,239,2026-08-16 15:35,,,False,False,False,False,False,"hwmlawfirm.com zoominfo.com/c/halliday--watkins--mann-pc/42929145 Halliday, Watkins & Mann, P.C. (HWM) is a Salt Lake City-based law firm founded in 1935, now operating as a fourth-generation family practice. The firm exclusively serves the mortgage banking industry, specializing in creditor remedies such as foreclosures, bankruptcies, replevins, evictions, and REO closings. With a team of 51–200 employees, HWM provides full-service legal support and title curative work to financial institutions across multiple states",US,Professional Services,,2026-08-07,2026-08-06,domain,2026-08-06,2026-08,1.0,False,False,False,TheGentlemen
salavoana,ZS Salovnova,zssalounova.cz,cz,2026-08-06 16:33,2026-08-06,2026-08,239,2026-08-16 15:33,,,False,False,False,False,False,"zssalounova.cz ZŠ Šalounova is a primary school located in the Vítkovice district of Ostrava, Czech Republic, operating across two buildings on Šalounova and Halasova streets. The institution provides comprehensive standard education alongside specialized programs, a wide range of extracurricular clubs, and a full school counseling facility. It actively supports student success through dedicated staff, including school psychologists, special educators, and career counselors, as well as various educational and sports projects.",CZ,Not Found,,2026-08-07,2026-08-06,domain,2026-08-06,2026-08,1.0,False,False,True,TheGentlemen
holborn,Holborn European Marketing,holborn.com.cy,cy,2026-08-06 16:31,2026-08-06,2026-08,239,2026-08-16 15:31,,,False,False,False,False,False,"holborn.com.cy zoominfo.com/c/holborn-european-marketing-company-ltd/462273998 Holborn European Marketing Company Limited is a Cyprus-based energy trading firm established in 1987, operating from its headquarters in Larnaca. The company specializes in purchasing crude oil and feedstocks, selling refined petroleum products, and active oil trading. It serves as a major energy supplier that fulfills local market needs in Cyprus while also maintaining a significant operational presence as a key oil products supplier in Northern Germany.",CY,Professional Services,,2026-08-07,2026-08-06,domain,2026-08-06,2026-08,1.0,False,False,False,TheGentlemen
phasetech,Phase Technologies,phasetechnologies.com,com,2026-08-06 16:30,2026-08-06,2026-08,239,2026-08-16 15:30,,,False,False,False,False,False,"phasetechnologies.com zoominfo.com/c/phase-technologies-llc/92275872 Phase Technologies is a leading American manufacturer of advanced power electronics, specializing in digital phase converters, variable frequency drives (VFDs), and motor protection. Founded in 1999 and headquartered in Rapid City, South Dakota, the company engineers and assembles its products entirely in the USA. Their innovative solutions generate high-quality three-phase power from single-phase sources, maximizing energy efficiency and system reliability for industrial and agricultural applications",US,Technology,,2026-08-07,2026-08-06,domain,2026-08-06,2026-08,1.0,False,False,False,TheGentlemen
lenasas,LensAss Architecten,lensass.be,be,2026-08-06 16:27,2026-08-06,2026-08,239,2026-08-16 15:27,,,False,False,False,False,False,"lensass.be LensAss Architecten is a Belgian architecture studio based in Hasselt, founded in 1995 by Bart Lens. The firm centers its work on the relationship between space, light, and context, specializing in both renovation and new construction. Its portfolio spans private homes, galleries, and adaptive reuse of heritage buildings across Belgium.",BE,Professional Services,,2026-08-07,2026-08-06,domain,2026-08-06,2026-08,1.0,False,False,False,TheGentlemen
vemec,Vemec,vemecsrl.com,com,2026-08-06 16:24,2026-08-06,2026-08,239,2026-08-16 15:24,,,False,False,False,False,False,"vemecsrl.com zoominfo.com/c/vemec-srl/397907621 Vemec S.r.l. is a leading Italian manufacturing company founded in 1983, specializing in the design and production of mechanical components and assemblies for heavy machinery. Operating across multiple production facilities covering over 23,000 square meters in Northern Italy, the firm provides advanced metal machining, laser cutting, and structural fabrication services. With more than 40 years of experience, Vemec delivers high-precision engineering solutions to diverse industrial sectors, including mechanotextiles and heavy equipment manufacturing",AR,Manufacturing,,2026-08-07,2026-08-06,domain,2026-08-06,2026-08,1.0,False,False,False,TheGentlemen
nobema,Nobema,nobema.com,com,2026-08-06 16:22,2026-08-06,2026-08,239,2026-08-16 15:22,,,False,False,False,False,False,"nobema.com zoominfo.com/c/nobema-srl/371446900 Nobema S.r.l. is an Italian family-run manufacturing company based near Turin, specializing in plastic molding and integrated industrial services since 1986. They provide end-to-end solutions ranging from custom mold design and pre-series sampling to advanced gas injection technology and mass production. The company serves diverse sectors with high-quality plastic components, uniquely combining industrial parts with niche consumer products like drumsticks",DE,Technology,,2026-08-07,2026-08-06,domain,2026-08-06,2026-08,1.0,False,False,False,TheGentlemen
feraboli,Feraboli Zootech,feraboli.it,it,2026-08-06 16:20,2026-08-06,2026-08,239,2026-08-16 15:20,,,False,False,False,False,False,"feraboli.it Feraboli Zootech is a historic Italian company operating in the livestock sector since 1880, with a heritage spanning over six generations. Based in Sospiro (Cremona), it specializes in designing and building advanced cattle barns, metal structures, and tailor-made equipment for dairy and fattening farms. The company combines traditional craftsmanship with modern automation and animal welfare solutions for professional breeders.",IT,Agriculture and Food Production,,2026-08-07,2026-08-06,domain,2026-08-06,2026-08,1.0,False,False,False,TheGentlemen
intranet,Intranet Gov Brasil,,,2026-08-06 16:18,2026-08-06,2026-08,239,2026-08-16 15:18,,,False,False,False,False,False,"English: intranet.gov.br ""Intranet Gov Brasil"" refers to the secure internal corporate network and digital portal infrastructure used by the Brazilian Federal Government (gov.br) for its civil servants and ministries. It provides restricted access to internal administrative systems, official communications, and digital public services that are hidden from the general public. The underlying IT infrastructure and cybersecurity of these portals are primarily developed and maintained by state-owned technology companies like Serpro and Dataprev.",BR,Government & Defense,,2026-08-07,2026-08-06,name,2026-08-06,2026-08,1.0,False,False,False,TheGentlemen
tesi,TESI,tesiimpianti.it,it,2026-08-06 16:00,2026-08-06,2026-08,239,2026-08-16 15:00,,,False,False,False,False,False,"tesiimpianti.it TESI S.r.l. is an Italian industrial company founded in 1997 as a spin-off from the Falck Group, specializing in machinery for coil and sheet metal processing. The company handles the buying, selling, installation, and maintenance of complete production lines for the metallurgical sector. A core part of their business is the deep refurbishment and technological upgrading of used industrial equipment with modern electrical and hydraulic systems.",IT,Not Found,,2026-08-07,2026-08-06,domain,2026-08-06,2026-08,1.0,False,False,True,TheGentlemen
naitolfurout,National Furniture Outlet,nationalfurnitureoutlet.com,com,2026-08-06 15:58,2026-08-06,2026-08,239,2026-08-16 14:58,,,False,False,False,False,False,"nationalfurnitureoutlet.com National Furniture Outlet is a family-owned retail store in Westwego, Louisiana, serving the Greater New Orleans area for over three decades. They specialize in selling affordable living room, bedroom, and dining room furniture, as well as mattresses and appliances at highly competitive, discounted prices. The business is well-known locally for its frequent overstock sales and flexible financing options to support the community",US,Retail & E-Commerce,,2026-08-07,2026-08-06,domain,2026-08-06,2026-08,1.0,False,False,False,TheGentlemen
hiwin,HIWIN,hiwin.it,it,2026-08-06 15:55,2026-08-06,2026-08,239,2026-08-16 14:55,,,False,False,False,False,False,"hiwin.it zoominfo.com/c/hiwin-srl/446225948 HIWIN Italia is the Italian subsidiary of the global Taiwanese corporation HIWIN Technologies, a world leader in motion control and system technology. Founded in 2013 and based in the Milan area, the company specializes in manufacturing high-precision components such as ball screws, linear guideways, industrial robots, bearings, and drive systems. They serve a wide range of high-tech industries, including semiconductor, automation, and medical equipment sectors across Southern Europe.",IT,Manufacturing,,2026-08-07,2026-07-28,domain,2026-08-06,2026-08,1.0,False,False,False,TheGentlemen
azaas,aZaaS,azaas.com,com,2026-08-06 15:54,2026-08-06,2026-08,239,2026-08-16 14:54,,,False,False,False,False,False,"azaas.com zoominfo.com/c/azaas-pte-ltd/353475433 aZaaS is a dynamic, Singapore-based IT services company specializing in IT as a Service (ITaaS) and hybrid cloud architecture solutions. They build and operate mission-grade, secure digital services for government and enterprise clients, strictly aligned with local compliance standards like GCC and IM8. The company provides comprehensive solutions including Business Process Management (BPM), Data as a Service (DaaS), and enterprise mobility to help organizations optimize their IT infrastructure",SG,Technology,,2026-08-07,2026-08-06,domain,2026-08-06,2026-08,1.0,False,False,False,TheGentlemen
hoangcce,Hoang Chiropractic Center,hoangchiro.com,com,2026-08-06 15:52,2026-08-06,2026-08,239,2026-08-16 14:52,,,False,False,False,False,False,"hoangchiro.com zoominfo.com/c/hoang-chiropractic-center/357138190 Hoang Chiropractic Center is a specialized healthcare clinic located in Metairie, Louisiana, led by Dr. Kim Hoang. The practice focuses on non-surgical pain relief and holistic wellness, offering services like AccuSpina spinal decompression, chiropractic adjustments, and custom orthotics. They are dedicated to helping patients relieve back pain and restore the body's natural ability to heal itself through personalized care",US,Healthcare,,2026-08-07,2026-08-06,domain,2026-08-06,2026-08,1.0,False,False,False,TheGentlemen
godollo,Godollo,godolloi.hu,hu,2026-08-06 15:51,2026-08-06,2026-08,239,2026-08-16 14:51,,,False,False,False,False,False,"godolloi.hu zoominfo.com/c/gödöll/1295448671 Gödöllő Ingatlanközpont is a leading real estate agency based in Gödöllő, Hungary, specializing in property sales, rentals, and construction in Eastern Pest County. The company offers a vast portfolio of residential and commercial properties, including apartments, family houses, land plots, and industrial spaces across Gödöllő and its surrounding towns. Established as a trusted local expert, the agency provides comprehensive real estate brokerage services to help clients navigate the regional property market",HU,Agriculture and Food Production,,2026-08-07,2026-08-06,domain,2026-08-06,2026-08,1.0,False,False,False,TheGentlemen
ponti,Ponti,ponti.pl,pl,2026-08-06 15:48,2026-08-06,2026-08,239,2026-08-16 14:48,,,False,False,False,False,False,"ponti.pl Ponti is a specialized automotive company based in Gdańsk, Poland, focused on the direct import, sales, and professional servicing of American vehicles. Operating as a leading expert in the US car market, the company handles everything from modern everyday models to the restoration of classic muscle cars and vintage vehicles. They provide a comprehensive range of services, including sourcing, repairing post-accident imports, and dedicated mechanical maintenance for automotive enthusiasts",PL,Other,,2026-08-07,2026-08-06,domain,2026-08-06,2026-08,1.0,False,False,False,TheGentlemen
axson,Axson Teknik,axson.se,se,2026-08-06 15:44,2026-08-06,2026-08,239,2026-08-16 14:44,,,False,False,False,False,False,"axson.se zoominfo.com/c/axson-teknik-ab/456419010 Axson Teknik AB is a Swedish industrial supplier based in Askim, specializing in high-quality manual and robotic welding and cutting equipment. Founded in 1984, the company provides comprehensive technical services, maintenance, and specialized training for various industrial applications. They represent leading global brands such as Fronius, Thermal Dynamics, and Orbitalum, serving as a reliable partner for the manufacturing sector",SE,Manufacturing,,2026-08-07,2026-08-06,domain,2026-08-06,2026-08,1.0,False,False,False,TheGentlemen
grouple bpe,Groupe BPCE,bpce-vietnam.com,com,2026-08-06 15:43,2026-08-06,2026-08,239,2026-08-16 14:43,,,False,False,False,False,False,"bpce-vietnam.com zoominfo.com/c/groupe-bpce/457963650 BPCE International (formerly Natixis), the Ho Chi Minh City branch of France’s second-largest banking group, Groupe BPCE. Operating in Vietnam since 1988, it is one of the country's longest-established foreign bank branches, holding a full banking license. The institution specializes in corporate and investment banking, offering specialized finance, trade solutions, and transaction processing to businesses across the region.",VN,Financial Services,,2026-08-07,2026-08-06,domain,2026-08-06,2026-08,1.0,False,False,False,TheGentlemen
hst,Hst,hstechnology.com,com,2026-08-06 15:41,2026-08-06,2026-08,239,2026-08-16 14:41,,,False,False,False,False,False,"hstechnology.com zoominfo.com/c/hst/352516154 digital platform for Healthcare Solutions Team (HST), a US-based healthcare cost-containment company now operating as Claritev. The company specializes in value-driven health plans, reference-based pricing solutions, and patient advocacy to reduce medical expenses. Through its HST Care Connect portal, it helps employers and individuals seamlessly find quality healthcare providers and optimize their medical benefits",US,Not Found,,2026-08-07,2026-08-06,domain,2026-08-06,2026-08,1.0,False,False,True,TheGentlemen
appliedbizinv,Mdj Management,appliedbizinvest.com,com,2026-08-06 15:40,2026-08-06,2026-08,239,2026-08-16 14:40,,,False,False,False,False,False,"appliedbizinvest.com zoominfo.com/c/mdj-management-llc/410565499 Applied Business Investments, Inc. (operating alongside MDJ Management LLC) is a private US-based management and finance consulting firm registered in Florida. Founded in the late 2000s, the company focuses on business investments, corporate management strategies, and financial advisory services. It operates as a boutique entity providing specialized support and investment structuring for various commercial projects",,Other,,2026-08-07,2026-08-06,domain,2026-08-06,2026-08,1.0,False,False,True,TheGentlemen
vitex,Vitex Pharmaceuticals,vitexpharma.com,com,2026-08-06 15:37,2026-08-06,2026-08,239,2026-08-16 14:37,,,False,False,False,False,False,"vitexpharma.com zoominfo.com/c/vitex-pharmaceuticals-pty-ltd/90505264 Vitex Pharmaceuticals is a leading Australian contract manufacturer specializing in vitamins, minerals, and nutritional complementary medicines. Founded in 1989, this wholly Australian-owned company operates one of the country's largest and most state-of-the-art pharmaceutical manufacturing facilities. Recently, the company significantly expanded its capacity by opening a massive $250 million facility in Western Sydney to supply both domestic and global markets",,Healthcare,,2026-08-07,2026-08-06,domain,2026-08-06,2026-08,1.0,False,False,True,TheGentlemen
mercleadolibre,Mercado Libre,mercadolibre.com,com,2026-08-06 15:35,2026-08-06,2026-08,239,2026-08-16 14:35,,,False,False,False,False,False,"mercadolibre.com Mercado Libre is the largest e-commerce and online payments ecosystem in Latin America, operating across 18 countries. Founded in 1999, it offers a fully integrated platform featuring a massive online marketplace, Mercado Pago (a leading fintech and payments solution), and comprehensive logistics via Mercado Envios. Today, it stands as the region's most valuable tech company, empowering millions of users and businesses to buy, sell, and transact seamlessly online",AR,Technology,,2026-07-07,2026-07-06,name,2026-07-07,2026-07,-30.0,True,False,False,TheGentlemen
dhcccc,DHC,dhc.co.jp,jp,2026-08-06 15:20,2026-08-06,2026-08,239,2026-08-16 14:20,,,False,False,False,False,False,"dhc.co.jp zoominfo.com/c/dhc-corp/372590440 DHC Corporation is a prominent Japanese brand renowned for its high-quality cosmetics, dietary supplements, and health foods. Originally founded as a translation company, it achieved global success by focusing on pure, natural ingredients—most notably its signature olive oil skincare. Today, DHC is trusted worldwide for combining rigorous scientific research with effective, affordable wellness products.",JP,Not Found,,2026-08-07,2026-08-06,domain,2026-08-06,2026-08,1.0,False,False,True,TheGentlemen
controlconecpt,Control Concepts Technology,controlconceptstexas.com,com,2026-08-04 13:00,2026-08-04,2026-08,239,2026-08-14 12:00,,,False,False,False,False,False,"controlconceptstexas.com zoominfo.com/c/control-concepts--technology/356919279 Control Concepts is a Texas-based industrial automation and electronics repair company established in 1984. They specialize in servicing, repairing, and installing AC/DC motor drives, PLCs, and industrial motor controls. Operating as a certified UL508a Panel Shop, the company also provides 24-hour emergency service, system upgrades, and custom automation solutions",US,Technology,,2026-08-04,2026-08-04,domain,2026-08-04,2026-08,0.0,False,False,False,TheGentlemen
topmarking,TopMark Funding,topmarkfunding.com,com,2026-08-04 12:59,2026-08-04,2026-08,239,2026-08-14 11:59,,,False,False,False,False,False,"topmarkfunding.com zoominfo.com/c/topmark-funding-llc/368696312 TopMark Funding is a nationwide commercial financing company specializing in fast funding solutions for semi-trucks, trailers, and heavy construction equipment. Headquartered in California, they help trucking and construction businesses acquire machinery ranging from $25,000 to $500,000. The company is recognized for providing quick approvals, flexible terms, and risk-free quotes without impacting the client's credit score",US,Financial Services,,2026-08-04,2026-08-04,domain,2026-08-04,2026-08,0.0,False,False,False,TheGentlemen
promatrixxfxx,Promatrix,promatrix.nl,nl,2026-08-01 18:27,2026-08-01,2026-08,239,2026-08-11 17:27,,,False,False,False,False,False,"promatrix.nl zoominfo.com/c/promatrix/372680573 Promatrix is a Dutch company based in Bodegraven, specializing in aluminum mould making and plastic injection molding. They provide end-to-end manufacturing solutions, combining high-tech milling, prototyping, and serial plastic production under one roof. Recognized for innovation in precision engineering, they serve various industrial sectors with high-quality custom components.",US,Technology,,2026-07-30,2026-07-29,name,2026-07-30,2026-07,-2.0,False,True,True,TheGentlemen
philipsav,Philippine Savings Bank,psbank.com.ph,ph,2026-08-01 13:09,2026-08-01,2026-08,239,2026-08-11 12:09,,,False,False,False,False,False,"psbank.com.ph zoominfo.com/c/philippine-savings-bank/83461899 SBank is widely recognized across the Philippines for its highly accessible Auto and Home Loan programs that make vehicle and property ownership easier for everyday consumers. One of its most unique financial products is the Flexi Personal Loan, a revolving credit line that allows clients to withdraw, repay, and reuse funds flexibly",PH,Financial Services,,2026-08-01,2026-08-01,domain,2026-08-01,2026-08,0.0,False,False,False,TheGentlemen
okovolt,Okovolt Solartechnik,oekovolt.com,com,2026-07-31 12:45,2026-07-31,2026-07,239,2026-08-10 11:45,,,False,False,False,False,False,"oekovolt.com Ökovolt Solartechnik GmbH is an Austrian company specializing in the planning, installation, and maintenance of photovoltaic systems for private, commercial, and industrial clients. Based in Upper Austria with over 15 years of experience, the firm provides comprehensive, customized solar energy solutions to promote sustainability and energy independence. They focus on high-quality components, expert consulting, and reliable service to maximize the efficiency and lifespan of every solar project",DE,Energy & Utilities,,2026-07-31,2026-07-31,domain,2026-07-31,2026-07,0.0,False,False,False,TheGentlemen
tabsss,Total Auto Business Solutions,autorepairsoftware.com,com,2026-07-31 12:42,2026-07-31,2026-07,239,2026-08-10 11:42,,,False,False,False,False,False,"autorepairsoftware.com Total Auto Business Solutions, Inc. (TABS) is a leading provider of comprehensive shop management software, best known for its flagship product, AutoFluent. Founded in 2001 and based in Northern California, the company serves auto repair shops, tire dealers, and fleet operators across the US and Canada. Their all-in-one platform streamlines daily operations by seamlessly integrating scheduling, inventory management, accounting, and customer relationship tools into a single, user-friendly system",US,Transportation,,2026-07-31,2026-07-31,domain,2026-07-31,2026-07,0.0,False,False,False,TheGentlemen
worrldwide,World Wide Fittings,worldwidefittings.com,com,2026-07-31 12:38,2026-07-31,2026-07,239,2026-08-10 11:38,,,False,False,False,False,False,"worldwidefittings.com zoominfo.com/c/world-wide-fittings-inc/42729844 Internal data + Employee SSNs, SEXUAL HARASSMENT PREVENTION TRAINING CERTIFICATES, Resumes World Wide Fittings, Inc. is a global manufacturer of precision-engineered steel and stainless steel hydraulic tube and pipe fittings, founded in 1950 and headquartered in Vernon Hills, Illinois. Operating from nine facilities across three continents, the company supplies over 150 million components annually to OEMs and distributors in industries like automation, manufacturing, and fluid power. With a strong focus on in-house manufacturing, strict quality control, and vast in-stock inventory, they ensure reliable, on-time delivery of specialized fittings worldwide",GB,Manufacturing,,2026-07-31,2026-07-31,domain,2026-07-31,2026-07,0.0,False,False,False,TheGentlemen
municilpe,Municipalidad de San Luis,munisanluis.gob.pe,pe,2026-07-31 12:34,2026-07-31,2026-07,239,2026-08-10 11:34,,,False,False,False,False,False,"munisanluis.gob.pe zoominfo.com/c/municipalidad-de-san-luis/1322909314 The District Municipality of San Luis is the local government body for the San Luis district in Lima, Peru, dedicated to promoting the integral development and well-being of its residents. Its core mission is to lead, regulate, and provide essential public services while fostering community engagement through cultural, sports, and safety programs. The municipality actively modernizes its operations, offering digital platforms for online procedures and payments to ensure efficient, accessible, and transparent governance",PE,Government & Defense,,2026-07-31,2026-07-31,domain,2026-07-31,2026-07,0.0,False,False,False,TheGentlemen
paulafish,Paula Fish,paulafish.pl,pl,2026-07-31 12:28,2026-07-31,2026-07,239,2026-08-10 11:28,,,False,False,False,False,False,"paulafish.pl zoominfo.com/c/paula-fish/448451882 Paula Fish is a market leader in fish processing in Central Europe, headquartered in Słupsk, Poland. Founded in 1998, the company specializes in the catching, production, freezing, and storage of Baltic fish and Atlantic salmon. With a workforce of over 500 employees, it operates globally, emphasizing high-quality products, innovation, and strict environmental responsibility throughout its supply chain",PL,Other,,2026-07-31,2026-07-31,domain,2026-07-31,2026-07,0.0,False,False,False,TheGentlemen
amicell,Amicell,amicell.co.il,il,2026-07-31 12:26,2026-07-31,2026-07,239,2026-08-10 11:26,,,False,False,False,False,False,"amicell.co.il zoominfo.com/c/amicell/426539109 Amicell (Amit Industries Ltd.) is a leading Israeli manufacturer founded in 1989, specializing in custom-designed battery packs, chargers, and Battery Management Systems (BMS). Headquartered in Ashdod, the company provides advanced energy solutions for demanding sectors, including defense, medical, UAVs, robotics, and industrial applications. With over 35 years of experience, Amicell is recognized for delivering reliable, high-tech power systems tailored to complex operational requirements",IL,Healthcare,,2026-07-31,2026-07-31,domain,2026-07-31,2026-07,0.0,False,False,False,TheGentlemen
efratat,Efrata College of Education,emef.ac.il,il,2026-07-31 12:22,2026-07-31,2026-07,239,2026-08-10 11:22,,,False,False,False,False,False,"emef.ac.il zoominfo.com/c/efrata-college-of-education/1337375131 Emuna-Efrata Academic College is a higher education institution located formed by the merger of Efrata College of Education and Emuna College of Arts. The college offers unique bachelor's and master's degree programs focusing on education (early childhood, elementary, special, and secondary) and the arts (visual communication, theater, and fine arts). With over 40 years of experience, it is dedicated to training leading female educators and creators, providing a supportive, values-driven academic environment.",IL,Education,,2026-07-31,2026-07-31,domain,2026-07-31,2026-07,0.0,False,False,False,TheGentlemen
camarasera,The Municipal Chamber of Serra,camaraserra.es.gov.br,br,2026-07-31 12:16,2026-07-31,2026-07,239,2026-08-10 11:16,,,False,False,False,False,False,"camaraserra.es.gov.br The Municipal Chamber of Serra (Câmara Municipal da Serra) is the legislative body of the city of Serra, located in the state of Espírito Santo, Brazil. As the largest legislative house in the state, it is composed of elected councilors responsible for creating local laws, overseeing the executive branch, and representing the citizens' interests. The institution is committed to transparency, active public participation, and the sustainable development of the municipality through its plenary sessions and specialized committees.",BR,Government & Defense,,2026-07-31,2026-07-31,domain,2026-07-31,2026-07,0.0,False,False,False,TheGentlemen
orsimma,Orsima,orsima.com,com,2026-07-31 12:14,2026-07-31,2026-07,239,2026-08-10 11:14,,,False,False,False,False,False,"orsima.com zoominfo.com/c/orsima/347930414 ORSIMA is a leading Algerian IT services company with over 30 years of expertise in digital transformation, data center modernization, and cybersecurity. As a strategic partner of major technology providers like Dell Technologies and Microsoft, it offers comprehensive solutions including managed services, software licensing optimization, and professional training. The company is dedicated to helping enterprises and institutions in Algeria optimize their IT infrastructure and ensure high availability and business continuity",,Technology,,2026-07-31,2026-07-31,domain,2026-07-31,2026-07,0.0,False,False,True,TheGentlemen
clearvision,Clear Vision Signs,clearvisionsigns.net,net,2026-07-31 12:13,2026-07-31,2026-07,239,2026-08-10 11:13,,,False,False,False,False,False,"clearvisionsigns.net zoominfo.com/c/clear-vision-signs/365480092 Clear Vision Signs is a full-service architectural signage and graphics company based in Dade City, Florida, serving clients nationwide. They specialize in turnkey solutions, including wayfinding systems, ADA-compliant signage, environmental graphics, and comprehensive project management. By acting as a single trusted partner for developers and property managers, they ensure efficient, safe, and visually impactful signage programs from initial concept to final installation",GB,Retail & E-Commerce,,2026-07-31,2026-07-31,domain,2026-07-31,2026-07,0.0,False,False,False,TheGentlemen
preision,Precision Concrete Pumping,precisionconcretepump.com,com,2026-07-31 12:11,2026-07-31,2026-07,239,2026-08-10 11:11,,,False,False,False,False,False,"precisionconcretepump.com zoominfo.com/c/precision-concrete-pumping-inc/356699459 Precision Concrete Pumping, Inc. is an MBE-certified concrete pumping company established in 1988, with branches across New York and New Jersey. The company specializes in providing high-quality concrete pumping services, including boom pumps, line pumps, and telebelts, utilizing a modern fleet of Putzmeister and Schwing equipment. With over 25 years of experience, they serve commercial, industrial, and municipal projects throughout the Northeast, ensuring reliable performance and exceptional customer service",US,Manufacturing,,2026-07-31,2026-07-31,domain,2026-07-31,2026-07,0.0,False,False,False,TheGentlemen
batter,Bater,bater.pl,pl,2026-07-31 12:09,2026-07-31,2026-07,239,2026-08-10 11:09,,,False,False,False,False,False,"bater.pl zoominfo.com/c/bater-ltd/429692403 Bater is a leading Polish manufacturer of traction and stationary batteries, founded in 1990 with production facilities in Warsaw and Gliwice. The company specializes in producing high-quality battery systems for electric forklifts, reserve power, and renewable energy applications, along with recombination plugs and protective battery racks. Holding ISO 9001 and ISO 14001 certifications, Bater also provides comprehensive nationwide services, including battery assembly, maintenance, room renovation, and recycling",PL,Other,,2026-07-31,2026-07-31,domain,2026-07-31,2026-07,0.0,False,False,False,TheGentlemen
preemier,Premier Fiduciary,premierfiduciary.com,com,2026-07-31 12:08,2026-07-31,2026-07,239,2026-08-10 11:08,,,False,False,False,False,False,"premierfiduciary.com zoominfo.com/c/premier-fiduciary/346765473 Premier Fiduciary is a global corporate and fiduciary services provider specializing in tailored solutions for private wealth clients, family offices, and investment managers. The company offers comprehensive services, including fund administration, trustee services, corporate setup, and regulatory compliance, with a strong presence in key financial hubs like Singapore and Hong Kong. Their mission is to build long-term relationships based on trust, delivering high-quality, holistic financial and administrative support to protect and grow client legacies",GB,Financial Services,,2026-07-31,2026-07-31,domain,2026-07-31,2026-07,0.0,False,False,False,TheGentlemen
preferd,Preferred,preferredtool.com,com,2026-07-31 12:07,2026-07-31,2026-07,239,2026-08-10 11:07,,,False,False,False,False,False,"preferredtool.com Preferred Tool & Die is a precision manufacturing company based in Shelton, Connecticut, specializing in custom metal and plastic injection molds as well as complex stamped components. The company serves demanding sectors, including the medical, electrical, consumer products, and automotive industries. Holding ISO and FDA registrations, they are committed to delivering high-quality, reliable, and innovative manufacturing solutions tailored to exact client specifications",US,Not Found,,2026-07-31,2026-07-31,domain,2026-07-31,2026-07,0.0,False,False,True,TheGentlemen
paririt,Partition Specialties,psi3g.com,com,2026-07-31 12:04,2026-07-31,2026-07,239,2026-08-10 11:04,,,False,False,False,False,False,"psi3g.com zoominfo.com/c/partition-specialties-inc/90587733 Partition Specialties, Inc. (PSI), founded in 1958, is a leading commercial interior contractor based in California, serving clients across California and Northern Nevada. The company specializes in tailored architectural space management solutions, including high-quality movable partitions, demountable wall systems, and acoustic dividers. With decades of expertise, PSI helps corporate, hospitality, and industrial clients optimize their interior layouts with flexible, functional, and aesthetically pleasing design products",US,Manufacturing,,2026-07-31,2026-07-31,domain,2026-07-31,2026-07,0.0,False,False,False,TheGentlemen
hutchpaving,Hutch Paving,hutchpaving.com,com,2026-07-31 12:01,2026-07-31,2026-07,239,2026-08-10 11:01,,,False,False,False,False,False,"hutchpaving.com zoominfo.com/c/hutch-paving-inc/38258180 Hutch Paving is a highly respected asphalt and concrete paving contractor based in Southeast Michigan, serving the region since 1993. The company specializes in comprehensive pavement solutions, including resurfacing, maintenance, sealcoating, and new construction for commercial, municipal, industrial, and residential clients. Known for its safety-first approach, modern equipment, and attention to detail, Hutch Paving is committed to delivering durable, high-quality infrastructure with exceptional customer service",US,Transportation,,2026-07-31,2026-07-31,domain,2026-07-31,2026-07,0.0,False,False,False,TheGentlemen
ohkenergt,OHK Energy,ohkenergy.com,com,2026-07-31 11:59,2026-07-31,2026-07,239,2026-08-10 10:59,,,False,False,False,False,False,"ohkenergy.com rocketreach.co/ohk-energy-profile_b6d2700bc7449e3f OHK Energy is Ireland’s largest and most trusted renewable energy provider and retrofit specialist, registered with the Sustainable Energy Authority of Ireland (SEAI). The company specializes in designing and installing solar PV, heat pumps, battery storage, and EV chargers for homeowners, businesses, farms, and communities. With a service-driven and future-focused approach, OHK Energy is dedicated to building a cleaner, more sustainable island by delivering tailored, high-quality energy solutions",IE,Energy & Utilities,,2026-07-31,2026-07-31,domain,2026-07-31,2026-07,0.0,False,False,False,TheGentlemen
cfss,CFS,cfsinc.com,com,2026-07-31 11:55,2026-07-31,2026-07,239,2026-08-10 10:55,,,False,False,False,False,False,"cfsinc.com zoominfo.com/c/cfs-inc/12944410 CFS Inc. is a Massachusetts-based marketing support services company with over 30 years of experience in print management, direct mail, kitting, promotional items, and fulfillment. Acting as a single-source solution, they handle projects from initial design to final execution, helping businesses streamline their marketing and logistical operations. The company is known for its flexible, customer-centric approach and a strong commitment to delivering high-quality, reliable results for clients of all sizes",US,Financial Services,,2026-07-31,2026-07-31,domain,2026-07-31,2026-07,0.0,False,False,False,TheGentlemen
acostaa,Acosta Sons,acostaandsons.com,com,2026-07-31 11:47,2026-07-31,2026-07,239,2026-08-10 10:47,,,False,False,False,False,False,"acostaandsons.com zoominfo.com/c/acosta--sons-inc/398811105 Acosta and Sons is a family-owned appliance sales and repair company based in The Bronx, New York, with additional locations serving the broader New York area. They specialize in providing a wide range of home appliances at discounted prices, catering to both individual customers and property management or landlord accounts. The company is known for its reliable customer service, offering comprehensive solutions from appliance sales to professional repair and maintenance.",US,Agriculture and Food Production,,2026-07-31,2026-07-31,domain,2026-07-31,2026-07,0.0,False,False,False,TheGentlemen
saturn,Saturn Industries,saturnind.com,com,2026-07-31 11:41,2026-07-31,2026-07,239,2026-08-10 10:41,,,False,False,False,False,False,"saturnind.com zoominfo.com/c/saturn-industries-ltd/348367401 Saturn Industries, based in Winnipeg, Manitoba, is a specialized manufacturer of custom-engineered trailers and overhead lifting products. Operating as a division of BROCK LEMKO Inc., the company serves demanding sectors such as construction, marine, powerline, mining, and aerospace. Since 1996, they have built a strong reputation for designing and fabricating tailored solutions, including dump trailers, lifting beams, and personnel baskets. Their focus remains on durability, safety, and delivering highly customized industrial equipment to meet specific client applications",,Manufacturing,,2026-07-31,2026-07-31,domain,2026-07-31,2026-07,0.0,False,False,True,TheGentlemen
koshino,Kosh Innovations,koshinnovations.com,com,2026-07-31 11:39,2026-07-31,2026-07,239,2026-08-10 10:39,,,False,False,False,False,False,"koshinnovations.com zoominfo.com/c/kosh-innovations/369426368 Kosh Innovations, established in 2008 in Pondicherry, India, is a leading manufacturing solutions provider specializing in precision engineering, plastic moulding, sheet metal components, and electronic manufacturing services (EMS). Certified with IATF 16949 and multiple ISO standards, the company serves diverse sectors including automotive, consumer durables, green-tech, and healthcare. With a strategic presence across six locations in India, Kosh Innovations is committed to delivering customized, sustainable, and high-quality products through a customer-centric and innovative approach",,Not Found,,2026-07-31,2026-07-31,domain,2026-07-31,2026-07,0.0,False,False,True,TheGentlemen
krafman,Krafman,krafman.se,se,2026-07-31 11:33,2026-07-31,2026-07,239,2026-08-10 10:33,,,False,False,False,False,False,"krafman.se Krafman (operated by Krafguard AB) is a Swedish credit reporting and debt collection service provider licensed and supervised by the Swedish Authority for Privacy Protection (IMY). The platform offers fast, on-demand credit checks for both businesses and private individuals without registering the number of inquiries made. It also provides free basic company searches, active credit monitoring with automatic updates, and transparent pricing with no hidden subscription fees",SE,Manufacturing,,2026-07-31,2026-07-31,domain,2026-07-31,2026-07,0.0,False,False,False,TheGentlemen
salamamedic,Salama Medicals Distributors Private,salamapharma.co.tz,tz,2026-07-31 11:32,2026-07-31,2026-07,239,2026-08-10 10:32,,,False,False,False,False,False,"salamapharma.co.tz zoominfo.com/c/salama-medicals-distributors-private-ltd/356160819 Salama Pharmaceuticals Limited is Tanzania’s leading importer and distributor of pharmaceuticals, medical devices, and surgical equipment. Headquartered in Dar es Salaam, the company operates a large multi-warehouse distribution network to serve healthcare facilities across the country. Dedicated to enhancing healthcare outcomes, Salama Pharma focuses on supplying quality medical products and supporting the modernization of healthcare operations in the East African region",TZ,Healthcare,,2026-07-31,2026-07-31,domain,2026-07-31,2026-07,0.0,False,False,False,TheGentlemen
salmmg,Salem Saleh Babgi,babgi.com.sa,sa,2026-07-31 11:26,2026-07-31,2026-07,239,2026-08-10 10:26,,,False,False,False,False,False,"babgi.com.sa zoominfo.com/c/salem-saleh-babgi-co-ltd/372739058 Babgi Group, founded in 1978 by Sheikh Salem Saleh Babgi, is a major Saudi Arabian conglomerate with over 1,900 employees and revenues exceeding $7.4 billion. The group operates primarily in the automotive sector (as an exclusive dealer for brands like Toyota, Lexus, and MG), trading, and contracting. Guided by a vision of sustainable economic growth, it focuses on delivering high-quality standards, advanced management practices, and community-driven services across the Kingdom",SA,Not Found,,2026-07-31,2026-07-31,domain,2026-07-31,2026-07,0.0,False,False,True,TheGentlemen
addicrtiveman,Additive Manufacturing,additivemanufacturingllc.com,com,2026-07-31 11:24,2026-07-31,2026-07,239,2026-08-10 10:24,,,False,False,False,False,False,"additivemanufacturingllc.com zoominfo.com/c/additive-manufacturing-llc/369228736 Additive Manufacturing LLC is a U.S.-based company headquartered in Las Vegas, Nevada, specializing in 3D printing, rapid prototyping, and short- to mid-run production of metal and plastic parts. Backed by over a century of combined industry experience, the company bridges digital fabrication and traditional manufacturing, offering services like CNC machining, production tooling, and assembly. By leveraging a global network of partners and on-demand digital factories, they ensure scalable, high-quality, and cost-effective solutions with reliable lead times",US,Manufacturing,,2026-07-31,2026-07-31,domain,2026-07-31,2026-07,0.0,False,False,False,TheGentlemen
cenizas,Las Cenizas,cenizas.cl,cl,2026-07-30 14:12,2026-07-30,2026-07,239,2026-08-09 13:12,,,False,False,False,False,False,"cenizas.cl zoominfo.com/c/cenizas/430439098 Grupo Minero Las Cenizas, a prominent medium-scale mining company in Chile with over four decades of industry experience. The company specializes in the production of copper fines and cathodes. Its main mining operations and facilities are strategically located in Cabildo, Taltal, and Franke, Chile",CL,Other,,2026-07-31,2026-07-30,domain,2026-07-30,2026-07,1.0,False,False,False,TheGentlemen
medisresec,Medic Rescue,medicrescue.org,org,2026-07-29 19:45,2026-07-29,2026-07,239,2026-08-08 18:45,,,False,False,False,False,False,"medicrescue.org All databases, including Zoll data systems for over 400k clients Scans Internal documentation HR documents, payrolls, etc.All important data from management Supervisors , office and emloyee computers. Medic Rescue is a non-profit emergency medical services (EMS) provider founded in 1978 and based in Bridgewater, Pennsylvania, serving Beaver County communities. The organization operates a fleet of 20 ambulances and 20 wheelchair vans with over 100 dedicated personnel, logging more than 75,000 miles annually. They provide comprehensive services including emergency response, non-emergency patient transports, stretcher van services, and wheelchair transportation available 24/7. Medic Rescue also offers a membership program to support their mission of delivering exceptional emergency medical care to the community",,Healthcare,,2026-07-07,2026-07-04,domain,2026-07-07,2026-07,-22.0,True,False,True,TheGentlemen
anglehottel,Angel Hotel,angelpershore.co.uk,uk,2026-07-29 19:40,2026-07-29,2026-07,239,2026-08-08 18:40,,,False,False,False,False,False,"angelpershore.co.uk zoominfo.com/c/angel-hotel/1153643926 The Angel, Pershore is a historic Tudor-origin hotel and restaurant located in the heart of the market town of Pershore, Worcestershire, near the River Avon. It serves as a premier venue offering farm-to-table dining with locally sourced produce, comfortable accommodation, and a charming atmosphere. Beyond hospitality, the establishment is a vibrant community hub, regularly hosting live music, festivals, and popular annual events like Bonfire Night fireworks.",GB,Hospitality,,2026-07-30,2026-07-29,domain,2026-07-29,2026-07,1.0,False,False,False,TheGentlemen
indusus,Indus Protech Solutions,indusprotech.com,com,2026-07-29 19:36,2026-07-29,2026-07,239,2026-08-08 18:36,,,False,False,False,False,False,"indusprotech.com zoominfo.com/c/indus-protech-solutions-ltd/1323287130 Indus Protech Solutions is a Chennai-based company specializing in comprehensive bulk MRO (Maintenance, Repair, and Operations) and supply chain services for global trade. Acting as a one-stop sourcing partner, they provide access to over 1.5 million products across 50+ categories, serving diverse sectors like defense, energy, agriculture, and pharmaceuticals. The company connects businesses with global manufacturers, ensuring assured quality, competitive pricing, and streamlined procurement for Fortune 500 companies and large corporate networks",IN,Technology,,2026-07-30,2026-07-29,domain,2026-07-29,2026-07,1.0,False,False,False,TheGentlemen
upanal,Upanal CNC Solutions,upanalcnc.com,com,2026-07-29 19:34,2026-07-29,2026-07,239,2026-08-08 18:34,,,False,False,False,False,False,"upanalcnc.com zoominfo.com/c/upanal-cnc-solutions/370526030 Upanal CNC Solutions is an Indian company specializing in advanced metal cutting and metal forming technologies, particularly CNC machinery. Beyond supplying equipment, they provide comprehensive services including machine modernization, 24/7 technical support, and structured training programs for operators and engineers. Headquartered in Bangalore with a technical center in Chennai and an international office in Bahrain, the company serves a trusted network of over 500 clients across various manufacturing industries",PE,Manufacturing,,2026-07-30,2026-07-29,domain,2026-07-29,2026-07,1.0,False,False,False,TheGentlemen
kontactt,Kontact Consortium India Pvt,kontact.in,in,2026-07-29 19:33,2026-07-29,2026-07,239,2026-08-08 18:33,,,False,False,False,False,False,"kontact.in zoominfo.com/c/kontact-consortium-india-pvt-ltd/437934184 Kontact is an Indian engineering company with over 50 years of experience, specializing in electrical and mechanical solutions for the railway, infrastructure, and industrial sectors. They provide end-to-end services, including railway rolling stock supplies, LV/MV power distribution panels, and electrical contracting, backed by a 40,000+ sq. ft. manufacturing facility. The company is recognized for its reliability and quality, holding key international certifications such as ISO 9001, IRIS, and EN 15085-2",IN,Other,,2026-07-30,2026-07-29,domain,2026-07-29,2026-07,1.0,False,False,False,TheGentlemen
etatech,ETA Technology Pvt,etatechnology.in,in,2026-07-29 19:28,2026-07-29,2026-07,239,2026-08-08 18:28,,,False,False,False,False,False,"etatechnology.in zoominfo.com/c/eta-technology-pvt-ltd/432054929 ETA Technology is a Bangalore-based manufacturing company founded in 1991, specializing in the design and production of advanced welding and forging equipment. They build rotary friction welders, friction stir welding systems, electrical upsetters, and custom test rigs for critical industries like automotive, aerospace, and e-mobility. With over 1,300 machines delivered to more than 20 countries, the company is known for its engineering precision, minimal rejection rates, and reliable global support",IN,Technology,,2026-07-30,2026-07-29,domain,2026-07-29,2026-07,1.0,False,False,False,TheGentlemen
delkartt,Delkart Industries Pvt,delkartindustries.com,com,2026-07-29 19:25,2026-07-29,2026-07,239,2026-08-08 18:25,,,False,False,False,False,False,"delkartindustries.com zoominfo.com/c/delkart-industries-pvt-ltd/471455561 Delkart Industries is an Indian manufacturing company established in 2017, specializing in custom felts, automobile carpets, and noise and thermal insulation parts. The company serves the automotive, home appliance, robotics, and industrial sectors with high-quality, customized solutions. With multiple manufacturing plants across India and IATF 16949 / ISO 9001 certifications, it ensures reliability, innovation, and trusted partnerships with leading global brands",IN,Manufacturing,,2026-07-30,2026-07-29,domain,2026-07-29,2026-07,1.0,False,False,False,TheGentlemen
maylcng,Malaysian Nuclear Agency,nuclearmalaysia.gov.my,my,2026-07-29 19:24,2026-07-29,2026-07,239,2026-08-08 18:24,,,False,False,False,False,False,"nuclearmalaysia.gov.my zoominfo.com/c/malaysian-nuclear-agency/459120141 The Malaysian Nuclear Agency (Nuklear Malaysia) is the leading government research and development organization in nuclear science and technology. It focuses on the peaceful application of nuclear innovations to support national development, including medical radiopharmaceuticals, food security, and industrial safety. Additionally, the agency plays a key role in radiation safety, human resource development, and the responsible management of radioactive waste in the country",MY,Government & Defense,,2026-07-30,2026-07-29,domain,2026-07-29,2026-07,1.0,False,False,False,TheGentlemen
promatrix,Promatrix,promatrixcorp.com,com,2026-07-29 19:22,2026-07-29,2026-07,239,2026-08-08 18:22,,,False,False,False,False,False,"promatrixcorp.com zoominfo.com/c/promatrix-corp/347777611 Promatrix Corp is a rapidly growing IT consulting and outsourcing company based in New Jersey, USA. They deliver comprehensive global technology solutions, including web application development, managed IT services, and staff augmentation. The company also specializes in enterprise resource planning (SAP) support and HR outsourcing to help businesses optimize their operations and scale efficiently",US,Technology,,2026-07-30,2026-07-29,domain,2026-07-29,2026-07,1.0,False,False,False,TheGentlemen
advancedff,Advanced Marketing,advmkt.com.mx,mx,2026-07-24 11:01,2026-07-24,2026-07,239,2026-08-03 10:01,,,False,False,False,False,False,"advmkt.com.mx zoominfo.com/c/advanced-marketing/546978407 Advanced Marketing is one of Mexico's largest book distribution and publishing companies, founded in 1994. It partners with around 70 national and international publishing houses to supply major retail chains like Gandhi and Porrúa. Additionally, it operates ""AMS Libros,"" an online store selling a wide variety of children's, art, culture, and health books.",MX,Professional Services,,2026-07-25,2026-07-24,domain,2026-07-24,2026-07,1.0,False,False,False,TheGentlemen
wunschkl,Wunschkind Klinik Dr Brunbauer,wunschkind.at,at,2026-07-23 10:26,2026-07-23,2026-07,239,2026-08-02 09:26,,,False,False,False,False,False,"wunschkind.at zoominfo.com/c/wunschkind-klinik-dr-brunbauer/1320140781 We have hundreds of gigabytes of your files, including database projects, client contracts, personal data and documents, medical data, medical histories, treatment records, medical reports, and more—all of which constitute critically important information. If you do not want to face the consequences of a data breach, please contact us; otherwise, everything will be published. fertility clinic in Vienna, Austria, led by Dr. Brunbauer. Located in the city center, the clinic specializes in fertility treatments including IVF, insemination, diagnostics, hormone therapy, egg donation, and cryopreservation. It is a recognized partner clinic of Austria's IVF-Fonds program.",AT,Healthcare,,2026-07-23,2026-07-23,domain,2026-07-23,2026-07,0.0,False,False,False,TheGentlemen
conecsus,Conecsus,conecsusllc.com,com,2026-07-23 09:32,2026-07-23,2026-07,168,2026-07-30 09:32,,,False,False,False,False,False,"conecsusllc.com zoominfo.com/c/conecsus-llc/358895914 Conecsus LLC is a global ""green"" metals recycler and refiner founded in 1980 and headquartered in Terrell, Texas. The company specializes in processing complex industrial residues and electronic wastes, particularly those containing tin, lead, silver, gold, and copper, such as SMT solder and solder paste wastes. Recognized as the largest secondary tin-lead recycler in the Western Hemisphere, Conecsus converts these materials into reusable metal products using state-of-the-art technology.",US,Not Found,,2026-07-23,2026-07-23,domain,2026-07-23,2026-07,0.0,False,False,True,TheGentlemen
mattek,MatTek,mattek.com,com,2026-07-23 09:29,2026-07-23,2026-07,168,2026-07-30 09:29,,,False,False,False,False,False,"mattek.com zoominfo.com/c/mattek-corp/109184324 MatTek Corporation is a pioneering biotechnology company founded in 1985 and headquartered in Ashland, Massachusetts, specializing in the development of innovative in vitro 3D reconstructed human tissue models. They produce advanced microtissues and cell culture products that are widely used by researchers to accelerate drug development, conduct toxicity testing, and replace traditional animal testing. Originally an independent leader in tissue engineering, the company was recently acquired by the global life science supplier Sartorius and now operates as a key part of their advanced biological models portfolio",US,Manufacturing,,2026-07-23,2026-07-23,domain,2026-07-23,2026-07,0.0,False,False,False,TheGentlemen
optiforms,Optiforms,optiforms.com,com,2026-07-23 09:27,2026-07-23,2026-07,168,2026-07-30 09:27,,,False,False,False,False,False,"optiforms.com zoominfo.com/c/optiforms-inc/67340558 Optiforms, Inc. is a precision manufacturing company based in Temecula, California, specializing in electroforming, CNC machining, and enhanced surface finishes. Founded in 1984, the company produces custom metal components and high-performance optical coatings for demanding applications. They primarily serve the aerospace, defense, medical, semiconductor, and specialty lighting sectors with advanced, vertically integrated manufacturing solutions.",US,Manufacturing,,2026-07-23,2026-07-23,domain,2026-07-23,2026-07,0.0,False,False,False,TheGentlemen
bennovaum,Herbahaz,herbahaz.hu,hu,2026-07-23 09:22,2026-07-23,2026-07,239,2026-08-02 08:22,,,False,False,False,False,False,"herbahaz.hu zoominfo.com/c/bennovum-kft/535573660 Herbaház is a Hungarian health and wellness specialty retail chain operating multiple stores nationwide alongside an online shop. The company specializes in dietary supplements, medicinal herbs, vitamins, and a wide range of organic, vegan, and ""free-from"" health foods. Their mission is to promote conscious, healthy living by providing a comprehensive, one-stop destination for natural health products and wellness solutions.",HU,Agriculture and Food Production,,2026-07-23,2026-07-23,domain,2026-07-23,2026-07,0.0,False,False,False,TheGentlemen
ceskaaa,Ceska filharmonie,ceskafilharmonie.cz,cz,2026-07-23 09:20,2026-07-23,2026-07,239,2026-08-02 08:20,,,False,False,False,False,False,"ceskafilharmonie.cz zoominfo.com/c/esk-filharmonie/1100523885 The Czech Philharmonic (Česká filharmonie) is one of the world's most renowned symphony orchestras, based in Prague, Czech Republic. It gave its first independent concert on January 4, 1896, under the baton of Antonín Dvořák, and has been resident at the historic Rudolfinum concert hall for over a century. The orchestra is globally celebrated for its authentic and masterful interpretations of Czech composers such as Dvořák, Smetana, and Janáček. Currently, the ensemble is led by Chief Conductor and Music Director Semyon Bychkov, continuing its legacy of artistic excellence and international touring.",CZ,Other,,2026-07-23,2026-07-23,domain,2026-07-23,2026-07,0.0,False,False,False,TheGentlemen
velum,Velum,velum.biz,biz,2026-07-23 09:18,2026-07-23,2026-07,239,2026-08-02 08:18,,,False,False,False,False,False,"velum.biz zoominfo.com/c/velum-inc/372599932 We are making some files publicly available. We have hundreds of gigabytes of your files, including database projects, client contracts, personal data, and documents. If you do not want to face the consequences of a data breach, please contact us; otherwise, everything will be published. VELUM is a French manufacturer of professional lighting solutions based in Bischoffsheim, Alsace, operating since 1975. The company specializes in designing, developing, and manufacturing custom LED lighting fixtures for both indoor and outdoor environments. As a family-owned business, VELUM provides comprehensive support, including lighting studies, technical advice, and tailored solutions for professionals across various sectors",,Technology,,2026-07-23,2026-07-23,domain,2026-07-23,2026-07,0.0,False,False,True,TheGentlemen
lenrosee,Lenrose,lenrose.com,com,2026-07-23 09:16,2026-07-23,2026-07,239,2026-08-02 08:16,,,False,False,False,False,False,"lenrose.com zoominfo.com/c/lenrose-pty-ltd/551499069 Lenrose & Ace David Jewellery is a premier jewellery manufacturing and casting company based in Melbourne, Australia. They specialize in precious metal casting (gold, platinum, silver, and bronze), CAD services, and the production of hand-made chain products. As a full-service, multi-faceted manufacturing facility, they utilize cutting-edge technology to bring custom jewellery designs to life for their clients",AU,Not Found,,2026-07-23,2026-07-23,domain,2026-07-23,2026-07,0.0,False,False,True,TheGentlemen
afffinitydes,Affinity Designs,affinitydesignsllc.com,com,2026-07-23 09:14,2026-07-23,2026-07,239,2026-08-02 08:14,,,False,False,False,False,False,"affinitydesignsllc.com zoominfo.com/c/affinity-designs/374939106 Affinity Designs LLC is a fine jewelry wholesaler and manufacturer based in New York, specializing in the design, production, and marketing of elegant gemstone jewelry collections. The company offers a wide range of high-quality pieces crafted in 925 Sterling Silver and 10K, 14K, or 18K gold. Led by CEO Meir Sanandaji, who brings over 40 years of industry experience, the business caters to retailers seeking premium, trend-forward jewelry lines",US,Other,,2026-07-23,2026-07-23,domain,2026-07-23,2026-07,0.0,False,False,False,TheGentlemen
lsn,Lsn,lsn.io,io,2026-07-23 09:13,2026-07-23,2026-07,239,2026-08-02 08:13,,,False,False,False,False,False,"lsn.io zoominfo.com/c/lsn/557824732 LSN is a software development company based in Gdańsk, Poland, specializing in tailor-made IT solutions for the insurance industry. They provide full-stack development, UX/UI design, and data management services, focusing on agile methodologies to deliver tangible business value. With a team of 51-200 employees and an additional office in Athens, Greece, the company is known for its flexible culture and commitment to 100% project delivery",PL,Technology,,2026-07-16,2026-07-16,domain,2026-07-16,2026-07,-7.0,True,False,False,TheGentlemen
daynday,DayNDay,daynday.co.in,in,2026-07-23 09:11,2026-07-23,2026-07,239,2026-08-02 08:11,,,False,False,False,False,False,"daynday.co.in zoominfo.com/c/daynday/459254692 Day 'N' Day Services Private Limited is a leading integrated facility management company based in Chennai, India, established in 1987. They provide comprehensive facility management and business support services, including logistics, warehouse management, and maintenance solutions. With operations spanning across multiple locations in India and a large workforce, the company serves diverse sectors such as banking, insurance, and corporate enterprises",IN,Other,,2026-07-23,2026-07-23,domain,2026-07-23,2026-07,0.0,False,False,False,TheGentlemen
smrrttr,SMRTR,smrtrsolutions.com,com,2026-07-23 09:09,2026-07-23,2026-07,239,2026-08-02 08:09,,,False,False,False,False,False,"smrtrsolutions.com rocketreach.co/s4i-systems-profile_b5c16403f42e08fa SMRTR is a document and workflow automation company with over 20 years of experience, specializing in ERP-driven industries such as manufacturing, food & beverage, and distribution. They provide cloud-based solutions for document management, accounts payable automation, and supplier regulatory compliance. Operating as a remote-first, environmentally conscious organization, SMRTR focuses on seamless integration with existing financial and operational systems to improve efficiency and reduce manual tasks.",US,Technology,,2026-07-23,2026-07-23,domain,2026-07-23,2026-07,0.0,False,False,False,TheGentlemen
hsfmat,Henry Frerk Sons,hfsmaterials.com,com,2026-07-23 09:07,2026-07-23,2026-07,239,2026-08-02 08:07,,,False,False,False,False,False,"hfsmaterials.com zoominfo.com/c/henry-frerk-sons-inc/44255454 Henry Frerk Sons (HFS Materials) is a premier masonry and plaster restoration supplier based in the Chicago region, with over 140 years of history. They specialize in custom matching and blending of historic mortars, concrete, and stone patching materials, alongside offering on-site volumetric ready-mix concrete services. The company provides a comprehensive range of building materials, including natural hydraulic lime, specialized cleaners, sealers, and preblended mortars for both historic preservation and new construction projects",US,Manufacturing,,2026-07-23,2026-07-23,domain,2026-07-23,2026-07,0.0,False,False,False,TheGentlemen
rabenn,Raben Group,raben-group.com,com,2026-07-23 09:05,2026-07-23,2026-07,239,2026-08-02 08:05,,,False,False,False,False,False,"raben-group.com zoominfo.com/c/raben-group/350966506 Raben Group is a leading European logistics provider with Dutch roots, founded in 1931 and currently headquartered in Poznań, Poland. The company offers comprehensive transport and warehousing solutions, including road transport, contract logistics, and supply chain management across 17 European countries. With over 90 years of experience and a workforce of approximately 12,200 employees, Raben Group is recognized as a market leader focused on sustainable and efficient logistics operations",PL,Transportation,,2026-07-23,2026-07-23,domain,2026-07-23,2026-07,0.0,False,False,False,TheGentlemen
agapit,Agapit,agapit.pl,pl,2026-07-23 09:00,2026-07-23,2026-07,239,2026-08-02 08:00,,,False,False,False,False,False,"agapit.pl zoominfo.com/c/agapit-sp-z-oo-spk/372573662 Agapit is one of the largest suppliers of professional cleaning technology and equipment in Poland, with over 26 years of experience. The company provides comprehensive solutions, including industrial cleaning machines, robotic scrubbers, high-pressure washers, and specialized cleaning chemicals. They operate their own nationwide distribution, rental, and service network, with key locations in cities like Olsztyn, Wroclaw, and Gdynia",PL,Other,,2026-07-23,2026-07-23,domain,2026-07-23,2026-07,0.0,False,False,False,TheGentlemen
hbsgroup,HBS Group,hbsgroup.com.au,au,2026-07-23 08:59,2026-07-23,2026-07,239,2026-08-02 07:59,,,False,False,False,False,False,"hbsgroup.com.au zoominfo.com/c/hbs-group-pty-ltd/356757625 HBS Group is a privately owned Australian company specializing in heritage restoration, conservation, and remedial construction projects. Based in Alphington, Victoria, they have over 15 years of experience delivering complex construction and stonemasonry solutions nationwide. The company is recognized as an industry leader in preserving historical buildings and executing high-quality restoration work across major Australian cities",AU,Professional Services,,2026-07-23,2026-07-23,domain,2026-07-23,2026-07,0.0,False,False,False,TheGentlemen
paikide,Compagnie des Caoutchoucs du Pakidie,pakidie.com,com,2026-07-23 08:55,2026-07-23,2026-07,239,2026-08-02 07:55,,,False,False,False,False,False,"pakidie.com Compagnie des Caoutchoucs du Pakidié (CCP) is a pioneering Ivorian company established in 1960, specializing in the farming, production, and processing of natural rubber. Based in Abidjan, Côte d'Ivoire, it holds the historical distinction of being the country's first entirely private rubber enterprise and currently ranks as the second-largest national producer. The company is committed to sustainable practices, exporting its high-quality rubber to major international clients while prioritizing environmental and social responsibility.",CI,Manufacturing,,2026-07-23,2026-07-23,domain,2026-07-23,2026-07,0.0,False,False,False,TheGentlemen
glroiamaris,Gloria Maris Groupe,gloriamaris.com,com,2026-07-23 08:53,2026-07-23,2026-07,239,2026-08-02 07:53,,,False,False,False,False,False,"gloriamaris.com zoominfo.com/c/gloria-maris-groupe/552388964 Gloria Maris is a premium aquaculture company based in France and Sardinia, specializing in the sustainable farming of high-quality fish. With facilities in Corsica, Côte d'Opale, Gravelines, and Sardinia, the company focuses on traceability, environmental respect, and controlled growth in natural marine ecosystems. They produce around 3,800 tons of responsibly farmed fish and 35 million fry annually, exporting their products to over 25 countries worldwide",FR,Agriculture and Food Production,,2026-07-23,2026-07-23,domain,2026-07-23,2026-07,0.0,False,False,False,TheGentlemen
sicsoe,SICSOE,sicsoe.fr,fr,2026-07-23 08:50,2026-07-23,2026-07,239,2026-08-02 07:50,,,False,False,False,False,False,"sicsoe.fr zoominfo.com/c/sicsoe/359018881 SICSOE (Solution Vin Logistique) is a French wine logistics company based near Bordeaux, established in 1985. They provide comprehensive, customized logistics services for the wine industry, including winery operations, bottling, storage, and shipping. The company is recognized for its advanced technology ensuring full product traceability and its strong commitment to environmental and quality standards, including ISO 14001 certification",FR,Not Found,,2026-07-23,2026-07-23,domain,2026-07-23,2026-07,0.0,False,False,True,TheGentlemen
clark,Clarke Radiology,clarkeradiology.com,com,2026-07-23 08:48,2026-07-23,2026-07,239,2026-08-02 07:48,,,False,False,False,False,False,"clarkeradiology.com zoominfo.com/c/clarke-medical-imaging-center/370367094 Clarke Radiology (Clarke Medical Imaging Center) is a well-established medical imaging facility based in Montreal, Quebec, with over 40 years of experience. They provide a comprehensive range of diagnostic imaging services, including X-rays, MRI, ultrasound, mammography, bone density scans, and cortisone injections. The center is recognized for its top-of-the-line technology, rapid reporting (within 4 hours), and strong commitment to patient safety and accredited care standards",AU,Healthcare,,2026-07-23,2026-07-23,domain,2026-07-23,2026-07,0.0,False,False,False,TheGentlemen
titlerrreeson,Title Resources,titleresourcesnt.com,com,2026-07-23 08:43,2026-07-23,2026-07,239,2026-08-02 07:43,,,False,False,False,False,False,"titleresourcesnt.com zoominfo.com/c/title-resources-llc/1137777688 Title Resources is a locally owned title company based in Denton, Texas, founded in 1989. They specialize in real estate transactions, comprehensive title searches, and title insurance across North Texas, including Denton, Dallas, and Collin counties. Their team of fully trained professional title officers thoroughly examines each property to identify and resolve any title issues, ensuring secure and smooth real estate closings",AU,Financial Services,,2026-07-23,2026-07-23,domain,2026-07-23,2026-07,0.0,False,False,False,TheGentlemen
thialff,Thialf,thialf.nl,nl,2026-07-23 08:42,2026-07-23,2026-07,239,2026-08-02 07:42,,,False,False,False,False,False,"thialf.nl zoominfo.com/c/thialf/430686423 Thialf is a world-renowned ice arena located in Heerenveen, Netherlands, often referred to as the ""Cathedral of Speed Skating."" It serves as the home base for the Dutch national speed skating team and hosts a wide range of ice sports, including long track and short track speed skating, figure skating, and ice hockey. Recently, it was officially confirmed as the long-track speed skating venue for the 2030 Winter Olympics. The facility is celebrated for its modern, sustainable design and its role as a major hub for both elite professional competitions and public recreational skating.",NL,Energy & Utilities,,2026-07-23,2026-07-19,domain,2026-07-23,2026-07,0.0,False,False,False,TheGentlemen
deelouselals,Decoupe Laser Services,dls-laser.com,com,2026-07-23 08:41,2026-07-23,2026-07,239,2026-08-02 07:41,,,False,False,False,False,False,"dls-laser.com DLS (Découpe Laser Services) is a French laser cutting specialist based in La Ravoire, specializing in precision laser cutting of steel, stainless steel, and aluminum. The company offers comprehensive metal finishing services including deburring, bending, surface treatment, tapping, and milling. With large-format cutting capabilities (6000mm x 2000mm) and over 200 tons of material stock, DLS handles everything from prototypes to very large industrial production runs. They pride themselves on reactivity and flexibility, providing quotes within 24 hours.",FR,Manufacturing,,2026-07-23,2026-07-23,domain,2026-07-23,2026-07,0.0,False,False,False,TheGentlemen
oldelval,Oldelval Oleoductos del Valle,oldelval.com,com,2026-07-23 08:37,2026-07-23,2026-07,239,2026-08-02 07:37,,,False,False,False,False,False,"oldelval.com zoominfo.com/c/oleoductos-del-valle-sa/456337922 Oldelval (Oleoductos del Valle S.A.) is a leading Argentine midstream energy company specializing in the transportation of liquid hydrocarbons. Based in Cipolletti, Río Negro, it transports over 50% of the oil produced in Argentina and approximately 80% of the oil from the Neuquén Basin. With over 60 years of history, the company focuses on sustainable operations, safety, and infrastructure maintenance, having recently extended its national concession until 2037.",AR,Energy & Utilities,,2026-07-23,2026-07-31,domain,2026-07-23,2026-07,0.0,False,False,False,TheGentlemen
tcpringti,TC Printing,tcprinting.com.au,au,2026-07-23 08:35,2026-07-23,2026-07,239,2026-08-02 07:35,,,False,False,False,False,False,"tcprinting.com.au zoominfo.com/c/tc-printing/369208765 TC Printing Australia Pty Ltd is a commercial printing and communications company based in Scoresby, Victoria, Melbourne. Established in the mid-1980s, it specializes in a comprehensive range of printing services, including offset, digital, and point-of-sale materials. The company serves diverse clients across the advertising and marketing industries, providing end-to-end solutions from graphic design to large-scale event printing",AU,Manufacturing,,2026-07-23,2026-07-23,domain,2026-07-23,2026-07,0.0,False,False,False,TheGentlemen
tikona,Tikona Infinet,tikona.in,in,2026-07-23 08:30,2026-07-23,2026-07,239,2026-08-02 07:30,,,False,False,False,False,False,"tikona.in rocketreach.co/tikona-profile_b5c0d28cf42e0851 Tikona Infinet Private Limited is a prominent Indian telecommunications company based in Mumbai, established in 2008. They specialize in providing high-performance wireless broadband connectivity and advanced cloud solutions. The company serves a diverse client base, including residential homes, small businesses, and large enterprises across India, with a focus on delivering reliable next-generation internet service",IN,Technology,,2026-07-23,2026-07-23,domain,2026-07-23,2026-07,0.0,False,False,False,TheGentlemen
girrorrior,GUERREIROS seguros,guerreiros.pt,pt,2026-07-23 08:28,2026-07-23,2026-07,239,2026-08-02 07:28,,,False,False,False,False,False,"guerreiros.pt zoominfo.com/c/guerreiros-seguros/483718773 GUERREIROS Seguros is a professional insurance mediation company based in Faro, Portugal, operating since 1990 and officially licensed as a mediator since 1994. They specialize in a wide range of insurance solutions, including auto, health, and life insurance. With over 30 years of experience, the company focuses on helping clients manage their policies, secure competitive rates, and ensure transparent, up-to-date coverage tailored to their specific needs",PT,Financial Services,,2026-07-23,2026-07-23,domain,2026-07-23,2026-07,0.0,False,False,False,TheGentlemen
mkjwewelrt,MK Jewelry,mkjewel.com,com,2026-07-23 08:26,2026-07-23,2026-07,239,2026-08-02 07:26,,,False,False,False,False,False,"mkjewel.com zoominfo.com/c/mk-jewelry-inc/346982894 MK Jewelry, Inc. is a fine jewelry manufacturing and distribution company based in Midtown Manhattan, established in 1986. They specialize in producing and supplying a wide range of jewelry, including bridal and bridge collections. The company serves both independent and major retailers across the US, Canada, and the Caribbean. As a premier industry supplier, they offer extensive private label and branded diamond jewelry lines",MK,Retail & E-Commerce,,2026-07-23,2026-07-23,domain,2026-07-23,2026-07,0.0,False,False,False,TheGentlemen
eeuropggeds,European Design,europeandesign.ca,ca,2026-07-23 08:24,2026-07-23,2026-07,239,2026-08-02 07:24,,,False,False,False,False,False,"europeandesign.ca zoominfo.com/c/european-design/365524802 European Design Jewellery Ltd is a Toronto-based wholesale supplier serving jewellers and manufacturers across Canada. They specialize in providing a wide range of genuine and synthetic gemstones, jewellery findings, diamonds, and finished pieces. Additionally, the company supplies professional jewellery-making equipment and tools, acting as an exclusive Canadian distributor for several industry brands",CA,Other,,2026-07-23,2026-07-23,domain,2026-07-23,2026-07,0.0,False,False,False,TheGentlemen
shamrock,Disney Family,,,2026-07-23 04:19,2026-07-23,2026-07,238,2026-08-02 02:19,,800.0,False,False,False,False,False,"This critical data breach involves Disney Family / Shamrock Holdings, the private investment firm and family office established by Roy E. Disney to manage the wealth of the Disney family branch, rather than the public Walt Disney Company. The compromised dataset, totaling over 800 GB and spanning from the 1980s to June 2026, exposes highly sensitive information across 14 critical categories, including family trusts, tax administration, and private equity fund management. Key victims include prominent figures such as Abigail Disney, Roy P. Disney, and Stanley Gold, whose personal financial records, passports, and KYC documents were leaked alongside detailed trust instruments for the ""Disney Grandchildren Trusts."" The breach reveals active operational data, including recent payroll records, bank reconciliations with CNB, and subscription agreements for funds like the Shamrock Israel Growth Fund. With unencrypted databases, embedded ERP credentials etc..",US,Financial Services,,2026-07-23,2026-06-26,name,2026-07-23,2026-07,0.0,False,False,False,TheGentlemen
sirrll,Sirl,sirl.pt,pt,2026-07-20 18:19,2026-07-20,2026-07,239,2026-07-30 17:19,,,False,False,False,False,False,"sirl.pt zoominfo.com/c/sirl/372746430 We have hundreds of gigabytes of your files, including database projects, client contracts, personal data and documents, medical data, medical histories, treatment records, medical reports, and more—all of which constitute critically important information. If you do not want to face the consequences of a data breach, please contact us; otherwise, everything will be published. Portuguese manufacturing company founded in 1988 and headquartered in Penela, Coimbra. It specializes in producing and selling machinery and tools for the civil construction industry.Their flagship products are concrete mixers, complemented by various other construction equipment and welding tools. The company employs 51–200 people and is a recognized supplier in the European construction machinery sector",PT,Not Found,,2026-07-23,2026-07-20,domain,2026-07-20,2026-07,3.0,False,False,True,TheGentlemen
ecopetrol,Ecopetrol,,,2026-07-17 22:42,2026-07-17,2026-07,0,2026-07-17 22:42,,2048.0,True,True,False,False,False,"$33.1 Billion. www.ecopetrol.com.co ECOPETROL copetrol SA is a company organized as a public limited company, of national order, linked to the Ministry of Mines and Energy. It has operations located in the center, south, east and north of Colombia, as well as abroad. It has two refineries in Barrancabermeja and Cartagena. Through its subsidiary Cenit, specialized in hydrocarbon transportation and logistics, it owns three ports for the export and import of fuels and crude oil in Coveñas (Sucre) and Cartagena (Bolvar) with access to the Atlantic, and Tumaco (Nariño) on the Pacific. Cenit also owns most of the country's oil and multi-purpose pipelines that connect production systems with large consumption centers and maritime terminals. Ecopetrol also has a stake in the biofuels business and is present in Brazil, Mexico and the United States (Gulf of Mexico and Permian Texas). Stock Symbol = ECOPETROL http://h76bppf5hv23pqsipwcbh7xcgcl6cy66eimqht3bcbb75qpskaknsdyd.onion DATA RELEASED 2Tb+",CO,Energy & Utilities,,2026-07-19,2026-07-17,name,2026-07-17,2026-07,2.0,False,False,False,TheGentlemen
sunwaays,Sunway Scientific,sun-way.com.tw,tw,2026-07-17 16:53,2026-07-17,2026-07,239,2026-07-27 15:53,,,False,False,False,False,False,"sun-way.com.tw zoominfo.com/c/sunway-scientific-corp/456158414 SUNWAY Co., Ltd., a leading Taiwanese distributor and exclusive agent for international scientific and laboratory equipment brands (such as HETTICH, EYELA, JASCO, and SHASHIN KAGAKU). The company specializes in providing advanced laboratory solutions, including centrifuges, freeze dryers, spectrometers, and cell disruptors for research, biotech, and chemical industries.",TW,Manufacturing,,2026-07-17,2026-07-17,domain,2026-07-17,2026-07,0.0,False,False,False,TheGentlemen
milseacom,Military Sealift Command,sealiftcommand.com,com,2026-07-17 16:41,2026-07-17,2026-07,239,2026-07-27 15:41,,,False,False,False,False,False,"sealiftcommand.com zoominfo.com/c/military-sealift-command/149045906 We attempted to contact the managers regarding the leaked documents (ITAR documentation, personal data, cargo manifests—including ESSM shipments—vessel blueprints, and both disclosed and undisclosed information)/ We managed to reach only Jennifer Miller , Todd Phillips and Dain Costlow However, these individuals dismissed the entire matter as a joke, ignoring all warnings about leaks and the importance of internal documents, and refused to provide any contact details for anyone authorized to handle such issues or to pass the information on to management, despite the availability of conclusive evidence. If you do not get in touch in the near future, the data will be published.",US,Transportation,,2026-07-17,2026-07-17,domain,2026-07-17,2026-07,0.0,False,False,False,TheGentlemen
terrypmo,Terry P Moosmann CPA PC,,,2026-07-16 10:58,2026-07-16,2026-07,239,2026-07-26 09:58,,,False,False,False,False,False,"Terry P. Moosmann CPA PC is a local accounting and tax preparation firm based in Washington, Missouri. Owned by Terry Moosmann, the company provides professional financial, accounting, and tax services tailored to individuals and small businesses in the surrounding communities. The firm is recognized for its personalized approach and long-standing presence in the local business community",US,Financial Services,,2026-07-16,2026-07-16,name,2026-07-16,2026-07,0.0,False,False,False,TheGentlemen
bygeglit,Byggelit Sverige,byggelit.se,se,2026-07-16 10:46,2026-07-16,2026-07,239,2026-07-26 09:46,,,False,False,False,False,False,"byggelit.se zoominfo.com/c/byggelit-sverige-ab/6046017 Swedish manufacturing company based in Lit that has been producing particleboard since 1962. They specialize in sustainable, customized particleboard component solutions, using advanced CNC technology to cut, drill, and mill panels to exact customer specifications. This approach minimizes on-site labor and waste while promoting a circular economy by recycling production scraps into new boards",SE,Manufacturing,,2026-07-16,2026-07-16,domain,2026-07-16,2026-07,0.0,False,False,False,TheGentlemen
kanekko,Kaneko,kaneko-corp.co.jp,jp,2026-07-16 10:44,2026-07-16,2026-07,239,2026-07-26 09:44,,,False,False,False,False,False,"kaneko-corp.co.jp zoominfo.com/c/kaneko/540044079 Japanese software company based in Itoigawa, Niigata, specializing in construction project management solutions. For over three decades, the company has developed the CDPM series, a widely recognized software for creating and managing complex construction schedules. Recently, the company has been actively driving digital transformation in the construction industry through its advanced CDPM-X64 platform, which introduces innovative features like native JSON support and comprehensive schedule analysis tools",JP,Manufacturing,,2026-07-16,2026-07-09,domain,2026-07-16,2026-07,0.0,False,False,False,TheGentlemen
mestocelkaov,Mesto Celakovice,celakovice.cz,cz,2026-07-16 10:42,2026-07-16,2026-07,239,2026-07-26 09:42,,,False,False,False,False,False,"celakovice.cz zoominfo.com/c/město-čelákovice/426355970 town in the Central Bohemian Region of the Czech Republic, situated on the Elbe River approximately 27 kilometers from Prague. With a population of around 12,000 residents, it serves as a local administrative and cultural hub. The official website functions as the primary municipal portal, offering citizens and visitors essential information, administrative services, news, and contact details for the local government",CZ,Manufacturing,,2026-07-16,2026-07-16,domain,2026-07-16,2026-07,0.0,False,False,False,TheGentlemen
giraudi,Giraudi Group,giraudi.com,com,2026-07-16 10:38,2026-07-16,2026-07,239,2026-07-26 09:38,,,False,False,False,False,False,"giraudi.com zoominfo.com/c/giraudi-group/1157060956v We have hundreds of gigabytes of your files, including database projects, client contracts, personal data and documents, medical data, medical histories, treatment records, medical reports, and more—all of which constitute critically important information. If you do not want to face the consequences of a data breach, please contact us; otherwise, everything will be published. Monaco-based company founded in 1968, specializing in the import, export, and distribution of premium meats, including exclusive Japanese Kobe and certified Black Angus beef. Under the leadership of Riccardo Giraudi, the group has expanded into a comprehensive hospitality and lifestyle brand, owning and managing over 35 restaurants worldwide, most notably the famous Beefbar. The company also operates in the lifestyle sector with fashion, art, and premium spirits, while providing global consulting and franchising services for the food and beverage industry",IT,Manufacturing,,2026-07-16,2026-07-16,domain,2026-07-16,2026-07,0.0,False,False,False,TheGentlemen
lsnnnn,Lsn,lsn.io,io,2026-07-16 10:37,2026-07-16,2026-07,239,2026-07-26 09:37,,,False,False,False,False,False,"lsn.io zoominfo.com/c/lsn/557824732 software development company specializing in tailor-made IT solutions for the insurance industry. Founded in 2008 as Logisfera Nova and rebranded in 2020, the company provides full-stack services including back-office development, UX/UI design, data science, and enterprise software architecture. Headquartered in Gdańsk, Poland, with a branch in Athens, Greece, LSN partners with leading insurance sector clients to deliver agile, business-focused, and customized technological solutions",PL,Technology,,2026-07-16,2026-07-16,domain,2026-07-16,2026-07,0.0,False,False,False,TheGentlemen
dinkcolst,Dink Co Ltd,dink.co.jp,jp,2026-07-16 10:35,2026-07-16,2026-07,239,2026-07-26 09:35,,,False,False,False,False,False,"dink.co.jp zoominfo.com/c/dink-co-ltd/1340493249 Osaka-based Japanese company specializing in the development, design, and sale of wastewater treatment systems specifically for cardboard manufacturing plants. Originally founded as a cardboard printing ink manufacturer, the company leveraged its industry knowledge to transform into a dedicated water treatment equipment specialist in 2021. Today, their eco-friendly systems are installed and operational in over 430 factories across Japan, helping to clean industrial wastewater to safe environmental levels",JP,Not Found,,2026-07-16,2026-07-16,domain,2026-07-16,2026-07,0.0,False,False,True,TheGentlemen
vignobiss,Vignobles Toutigeac,toutigeac.com,com,2026-07-16 10:34,2026-07-16,2026-07,239,2026-07-26 09:34,,,False,False,False,False,False,"toutigeac.com zoominfo.com/c/vignobles-toutigeac/456813413 Vignobles Toutigeac family-run wine estate located in Targon, within the Bordeaux and Entre-Deux-Mers appellations in France. Originally an ecclesiastical property managed by monks, the estate now spans approximately 42 hectares of vineyards under the guidance of Oriane and Philippe Mazeau. The winery produces classic red and white Bordeaux wines, recognized for their smooth tannins and balanced fruit profiles, successfully blending historical tradition with modern winemaking practices",FR,Agriculture and Food Production,,2026-07-16,2026-07-16,domain,2026-07-16,2026-07,0.0,False,False,False,TheGentlemen
terravitis,Terra Vitis,terravitis.com,com,2026-07-16 10:32,2026-07-16,2026-07,239,2026-07-26 09:32,,,False,False,False,False,False,"terravitis.com zoominfo.com/c/terra-vitis/447256156 French national certification for sustainable and responsible winegrowing, founded in 1998 by a group of committed Beaujolais winegrowers. It is the only national certification specifically dedicated to the wine sector and is officially recognized by the French Ministry of Agriculture and Food. The association unites nearly 2,000 members across France, guaranteeing environmentally friendly, socially responsible, and economically viable practices from vine to wine glass through strict annual audits",FR,Agriculture and Food Production,,2026-07-16,2026-07-16,domain,2026-07-16,2026-07,0.0,False,False,False,TheGentlemen
tooltec,Tooltec,tooltec.se,se,2026-07-16 10:31,2026-07-16,2026-07,239,2026-07-26 09:31,,,False,False,False,False,False,"tooltec.se zoominfo.com/c/tooltec-ab/371817746 advanced manufacturing company based in Trollhättan, Sweden, specializing in the precision machining of complex components. The company utilizes technologies like 5-axis milling, turning, and Wire EDM to produce high-quality parts for the automotive, energy, aeronautical, and aerospace industries. As an ISO 9001 certified supplier, Tooltec is recognized for its strict quality standards, delivery reliability, and commitment to long-term partnerships with both clients and employees",SE,Manufacturing,,2026-07-16,2026-07-16,domain,2026-07-16,2026-07,0.0,False,False,False,TheGentlemen
aleufefem,ALUFE Femszerkezeti Kft,alufe.hu,hu,2026-07-16 10:29,2026-07-16,2026-07,239,2026-07-26 09:29,,,False,False,False,False,False,"alufe.hu zoominfo.com/c/alufe-fémszerkezeti-kft/452408141 Hungarian manufacturing and construction company based in Székesfehérvár, with a history of aluminum production dating back to 1968. The company specializes in manufacturing and installing aluminum windows, doors, curtain walls, and complex facade systems, including steel, glass, and ceramic structures. With around 150 employees, it provides comprehensive, high-quality metal structure solutions for commercial and architectural projects across the region",HU,Manufacturing,,2026-07-16,2026-07-16,domain,2026-07-16,2026-07,0.0,False,False,False,TheGentlemen
landesbibil,Landesbibliothek Coburg,landesbibliothek-coburg.de,de,2026-07-16 10:28,2026-07-16,2026-07,239,2026-07-26 09:28,,,False,False,False,False,False,"landesbibliothek-coburg.de zoominfo.com/c/landesbibliothek-coburg/429940598 regional state scientific library in Bavaria, Germany, originally founded in 1547. Located in the historic Ehrenburg Palace in Coburg, it houses a vast collection of around 500,000 volumes, including rare manuscripts, incunabula, and the historical book collections of the former Dukes of Coburg. Since 1973, the library has been administered by the Free State of Bavaria, serving as a vital cultural and research institution dedicated to preserving the region's historical heritage",DE,Government & Defense,,2026-07-16,2026-07-16,domain,2026-07-16,2026-07,0.0,False,False,False,TheGentlemen
cometenrer,Comet Enterprise Corp,comet-bearing.com.tw,tw,2026-07-16 10:26,2026-07-16,2026-07,239,2026-07-26 09:26,,,False,False,False,False,False,"comet-bearing.com.tw zoominfo.com/c/comet-enterprise-corp/425713239 leading Taiwanese industrial bearing distributor founded in 1973, serving as one of the major authorized distributors of the Schaeffler Group's FAG and INA brands in Taiwan. The company provides high-quality precision bearings for machine tools, power machinery, and equipment maintenance, backed by comprehensive factory technical support. With its headquarters in New Taipei City and branches across Taiwan, China, and Thailand, it offers extensive inventory and one-stop procurement solutions to help clients minimize equipment downtime and maintenance costs",TW,Manufacturing,,2026-07-16,2026-07-16,domain,2026-07-16,2026-07,0.0,False,False,False,TheGentlemen
metromondego,Metro Mondego,metromondego.pt,pt,2026-07-16 10:22,2026-07-16,2026-07,239,2026-07-26 09:22,,,False,False,False,False,False,"metromondego.pt zoominfo.com/c/metro-mondego-sa/430685182 public transport company responsible for sustainable mobility in the Coimbra, Miranda do Corvo, and Lousã region of Portugal. Originally conceived as a light rail network, the project has been restructured into a fully electric, high-capacity Bus Rapid Transit system known as Metrobus. The network spans 42 kilometers with 42 dedicated stations and 35 electric buses, designed to provide efficient, eco-friendly, and integrated urban transportation for an estimated 13 million passengers annually",PT,Transportation,,2026-07-16,2026-07-06,domain,2026-07-16,2026-07,0.0,False,False,False,TheGentlemen
hanmaseta,Hanseata,hanseata.de,de,2026-07-16 10:20,2026-07-16,2026-07,239,2026-07-26 09:20,,,False,False,False,False,False,"hanseata.de traditional German flat glass wholesaler based near Hamburg, operating since 1953. The company specializes in supplying high-quality glass solutions, including vacuum glass, flat glass, and insulating glass, to commercial clients, architects, and construction firms worldwide. They are particularly known for their extensive stock capacity, specialized consulting for energy-efficient vacuum glazing, and comprehensive global logistics services",DE,Financial Services,,2026-07-16,2026-07-16,domain,2026-07-16,2026-07,0.0,False,False,False,TheGentlemen
customswatch,Customs Watch,customswatch.com,com,2026-07-16 10:17,2026-07-16,2026-07,239,2026-07-26 09:17,,,False,False,False,False,False,"customswatch.com zoominfo.com/c/customs-watch/467458469 is an intelligence and IT consulting company specializing in anti-counterfeiting and product protection strategies throughout their lifecycle. The company primarily serves the pharmaceutical sector, working with 22 of the 25 largest pharmaceutical companies globally. Founded in 2001, it employs 51 to 200 people and is an active member of the International AntiCounterfeiting Coalition.",US,Government & Defense,,2026-07-16,2026-07-16,domain,2026-07-16,2026-07,0.0,False,False,False,TheGentlemen
bracc,BRAC,brac.net,net,2026-07-14 17:14,2026-07-14,2026-07,239,2026-07-24 16:14,,,False,False,False,False,False,"brac.net zoominfo.com/c/brac-centre/8079683 is the largest non-governmental development organization in the world, founded in Bangladesh in 1972.Its mission is to empower communities facing poverty, illiteracy, disease, and social injustice.Today, it operates across multiple countries, reaching over 145 million people annually through programs in education, healthcare, livelihood, and human rights",BD,Professional Services,,2026-07-16,2026-07-14,domain,2026-07-14,2026-07,2.0,False,False,False,TheGentlemen
wahchajust,Wacha Justen,nwohlaw.com,com,2026-07-10 15:07,2026-07-10,2026-07,72,2026-07-13 15:07,,,False,False,False,False,False,"nwohlaw.com zoominfo.com/c/wacha--justen-llc/357327144 Wacha & Justen, LLC, a dedicated law firm based in Napoleon, Ohio. The firm provides comprehensive legal services, including estate planning, personal injury, car accident claims, and general civil litigation. With a strong local presence, their experienced attorneys offer reliable representation to individuals and businesses throughout the region",NI,Professional Services,,2026-07-01,2026-06-30,domain,2026-07-01,2026-07,-9.0,True,False,False,TheGentlemen
dashdoodrgl,Dash Door Glass,dashdoor.com,com,2026-07-10 03:55,2026-07-10,2026-07,239,2026-07-20 02:55,,,False,False,False,False,False,"dashdoor.com Dash Door & Glass is a prominent commercial contractor and facility support specialist headquartered in Doral, Florida, with a rich history dating back to 1955. The company specializes in the supply, installation, and maintenance of commercial doors, glass, and architectural hardware for large-scale construction projects across South Florida. Operating with a dedicated team of professionals, the firm has established itself as a major industry player, generating an impressive annual revenue of approximately $113.3 million",US,Manufacturing,,2026-07-11,2026-07-10,domain,2026-07-10,2026-07,1.0,False,False,False,TheGentlemen
caritaa,Carita,carita.com,com,2026-07-10 03:50,2026-07-10,2026-07,239,2026-07-20 02:50,,,False,False,False,False,False,"carita.com zoominfo.com/c/carita/358348689 Carita is a prestigious French luxury skincare brand founded in 1945, renowned for its professional-grade beauty treatments and high-end cosmetics. Now part of L'Oréal's Luxury Division following its acquisition from Shiseido in 2022, the brand operates globally with a focus on exceptional skincare rituals and personalized beauty experiences. Available in over 130 countries, Carita combines innovative formulations with artisanal expertise, generating annual revenue in the range of $9-10 million for its core operations",FR,Retail & E-Commerce,,2026-07-11,2026-07-10,domain,2026-07-10,2026-07,1.0,False,False,False,TheGentlemen
lopesalaw,Lopes Law,lopeslawllc.com,com,2026-07-10 03:50,2026-07-10,2026-07,239,2026-07-20 02:50,,,False,False,False,False,False,"lopeslawllc.com zoominfo.com/c/lopes-law-llc/449811320 Lopes Law LLC is a Philadelphia-based law firm founded by Anthony Lopes that specializes in franchise law, representing both franchisees and franchisors nationwide. The firm provides comprehensive legal services including Franchise Disclosure Document (FDD) reviews, franchise agreement negotiations, and dispute resolution using transparent flat-fee pricing. In addition to franchise expertise, the practice acts as fractional general counsel for businesses and offers specialized tax law services to help companies navigate complex legal landscapes",US,Professional Services,,2026-07-11,2026-07-10,domain,2026-07-10,2026-07,1.0,False,False,False,TheGentlemen
gnecodef,Gene Codes Forensics,genecodesforensics.com,com,2026-07-10 03:47,2026-07-10,2026-07,239,2026-07-20 02:47,,,False,False,False,False,False,"genecodesforensics.com zoominfo.com/c/gene-codes-forensics-inc/1208843964 Gene Codes Forensics is a Michigan-based technology company and a global leader in disaster victim identification and human DNA matching. They provide specialized forensic software, such as Sequencher and M-FISys, which are utilized by numerous states and countries as central DNA resources for identifying remains in mass disasters. In addition to providing software and consulting services, the company operates a one-million-dollar Humanitarian Grant Program to support non-profit organizations conducting forensic DNA testing",US,Healthcare,,2026-07-11,2026-07-10,domain,2026-07-10,2026-07,1.0,False,False,False,TheGentlemen
vasbeee,VASBE,vasbe.com,com,2026-07-10 03:44,2026-07-10,2026-07,239,2026-07-20 02:44,,,False,False,False,False,False,"vasbe.com zoominfo.com/c/vigilantes-asociados-al-servicio-de-banca-y-empresas-vasbe-sl/458305259 VASBE Vigilantes Asociados Al Servicio De Banca Y Empresas Vasbe is a well-established Spanish private security and surveillance company with over 30 years of industry experience. Based primarily in the Salamanca region, they provide comprehensive protection solutions including physical guarding, 24/7 central alarm monitoring, and advanced video surveillance. The company specializes in designing customized security plans to safeguard businesses, financial institutions, and valuable assets around the clock.",RU,Professional Services,,2026-07-11,2026-07-10,domain,2026-07-10,2026-07,1.0,False,False,False,TheGentlemen
weriewrerw,Welders Supply Equipment Rentals,wserentals.com,com,2026-07-10 03:41,2026-07-10,2026-07,239,2026-07-20 02:41,,,False,False,False,False,False,"wserentals.com zoominfo.com/c/welders-supply--equipment-rentals/355927450 WSE Rentals (Welders Supply & Equipment Rentals) is a specialized equipment rental company headquartered in Port Allen, Louisiana. They focus on providing a comprehensive range of high-quality, reliable welding tools and machinery from well-known industry brands for various industrial projects. The company serves contractors and businesses by offering tailored rental solutions and dedicated delivery services to support their operational needs",US,Manufacturing,,2026-07-11,2026-07-10,domain,2026-07-10,2026-07,1.0,False,False,False,TheGentlemen
pahrharshho,Pharma Wholesale,pharmawholesale.com,com,2026-07-10 03:40,2026-07-10,2026-07,239,2026-07-20 02:40,,,False,False,False,False,False,"pharmawholesale.com zoominfo.com/c/pharma-wholesale/353577758 Pharma Wholesale Corp. is a licensed pharmaceutical wholesaler and distributor headquartered in Florida, USA, with over 24 years of industry experience. The company specializes in the global distribution of prescription and OTC medications, vitamins, supplements, and health and beauty products. Operating as a mid-sized enterprise, they supply affordable healthcare solutions to pharmacies and medical facilities both domestically and internationally",US,Healthcare,,2026-07-11,2026-07-10,domain,2026-07-10,2026-07,1.0,False,False,False,TheGentlemen
crosorroadd,Crossroads Medical Management,crossroadsmedicalmgmt.com,com,2026-07-10 03:37,2026-07-10,2026-07,239,2026-07-20 02:37,,,False,False,False,False,False,"crossroadsmedicalmgmt.com zoominfo.com/c/crossroads-medical-management-llc/354034077 Crossroads Medical Management is a healthcare management company headquartered in Perry, Georgia, specializing in full-service financial, clinical, and operations management for the senior community. As a legacy organization with three generations of experience, they focus on providing quality-oriented care and a home-like environment across multiple affiliated skilled nursing facilities. Operating primarily in states like Georgia, the company manages several senior care centers, generating an estimated annual revenue of over $12 million while expanding to meet the evolving needs of elderly residents",US,Healthcare,,2026-07-11,2026-07-10,domain,2026-07-10,2026-07,1.0,False,False,False,TheGentlemen
inettt,INTERNET AG,inet.de,de,2026-07-10 03:32,2026-07-10,2026-07,239,2026-07-20 02:32,,,False,False,False,False,False,"inet.de zoominfo.com/c/inet/429716454 INTERNET AG is a professional German IT service provider specializing in reliable, sustainable, and flexible hosting and server solutions. The company delivers customized IT infrastructures, managed services, and global network connectivity tailored to complex business needs. Alongside its partner INTERNIC GmbH, it offers comprehensive enterprise software and secure digital operations for corporate clients",DE,Technology,,2026-07-11,2026-07-10,domain,2026-07-10,2026-07,1.0,False,False,False,TheGentlemen
openoptionss,Open Options,ooaccess.com,com,2026-07-10 03:27,2026-07-10,2026-07,239,2026-07-20 02:27,,,False,False,False,False,False,"ooaccess.com Open Options was a prominent Texas-based software company specializing in open-architecture access control solutions, best known for its flagship enterprise platform, DNA Fusion. The company focused on delivering scalable physical security and identity management software tailored to complex organizational needs. Following a strategic acquisition, the company's technology and brand were integrated into Acre Security, where it continues to operate and evolve as DNA Fusion by acre security",IE,Professional Services,,2026-07-11,2026-07-10,domain,2026-07-10,2026-07,1.0,False,False,False,TheGentlemen
energon,Energon,energon.cz,cz,2026-07-10 03:23,2026-07-10,2026-07,239,2026-07-20 02:23,,,False,False,False,False,False,"energon.cz zoominfo.com/c/energon/430910504 ENERGON HOLDING is a prominent Czech group uniting various companies specialized in energy services, photovoltaics, and modern sustainable technologies. With over 25 years of industry experience, the group drives innovations that enhance the energy independence and competitiveness of the Czech Republic. They also actively invest in startups focused on renewable energy optimization, diagnostics, and the security of power infrastructure",CZ,Energy & Utilities,,2026-07-11,2026-07-10,domain,2026-07-10,2026-07,1.0,False,False,False,TheGentlemen
vencizni,Vicenzi Group,vicenzi.it,it,2026-07-10 03:22,2026-07-10,2026-07,239,2026-07-20 02:22,,,False,False,False,False,False,"vicenzi.it zoominfo.com/c/vicenzi-spa/1101977046 Vicenzi Group, founded in 1905 by Matilde Vicenzi, is a historic Italian confectionery company renowned for producing high-quality biscuits and traditional pastries. Based in Verona, the family-owned business has grown into a global brand dedicated to becoming the world leader in premium Italian sweet treats. The company employs hundreds of people and successfully combines authentic recipes with modern sustainable practices to deliver its products to international markets",IT,Agriculture and Food Production,,2026-07-11,2026-07-10,domain,2026-07-10,2026-07,1.0,False,False,False,TheGentlemen
tiequesta,Triquesta,triquesta.com,com,2026-07-10 03:20,2026-07-10,2026-07,239,2026-07-20 02:20,,,False,False,False,False,False,"triquesta.com zoominfo.com/c/triquesta-pte-ltd/346670373 Triquesta is a Singapore-based fintech company specializing in collateral, compliance, and risk management software for structured commodity finance.Founded by seasoned banking professionals, the firm provides cutting-edge technology that helps global banks and direct lenders reliably track assets and mitigate risks.With a strong international presence across Europe and Australia, their solutions empower financial institutions to navigate complex commodity markets efficiently",MX,Technology,,2026-07-11,2026-07-10,domain,2026-07-10,2026-07,1.0,False,False,False,TheGentlemen
aveeirocccc,Aveiro Constructors Limited,aveiroconstructors.com,com,2026-07-10 03:17,2026-07-10,2026-07,239,2026-07-20 02:17,,,False,False,False,False,False,"aveiroconstructors.com Aveiro Constructors Limited is a Canadian general contractor established in 1976 and headquartered in Southwestern Ontario. The company specializes in the Industrial, Commercial, and Institutional (ICI) sectors, delivering design-build, new construction, and renovation projects both locally and internationally. Originally starting with pre-engineered steel buildings, they have grown over the decades into a comprehensive construction firm offering specialized services like HVAC and project management",PT,Manufacturing,,2026-07-11,2026-07-10,domain,2026-07-10,2026-07,1.0,False,False,False,TheGentlemen
martivncava,Martin Cava,martincava.com,com,2026-07-10 03:15,2026-07-10,2026-07,239,2026-07-20 02:15,,,False,False,False,False,False,"martincava.com zoominfo.com/c/martin-cava-sa/366183664 Martin Cava S.A. is a prominent Argentine supplier of equipment, specialty papers, and consumables for the graphic and printing industry, boasting nearly 90 years of market experience.Based in Buenos Aires, they distribute a wide array of products including HP plotters, inks, holographic vinyls, and offset printing materials.The company is highly regarded for offering innovative solutions that allow businesses to personalize garments, promotional items, and various surfaces",ES,Retail & E-Commerce,,2026-07-11,2026-07-10,domain,2026-07-10,2026-07,1.0,False,False,False,TheGentlemen
fortay,Fortray,fortray.com,com,2026-07-10 03:14,2026-07-10,2026-07,239,2026-07-20 02:14,,,False,False,False,False,False,"fortray.com zoominfo.com/c/fortray-global-services-ltd/446823730 Fortray Global Services Limited is a UK-based IT company founded in 2011 that operates across tech education, managed IT services, and global recruitment.They offer specialized Tech and AI bootcamps with 1:1 mentorship to help individuals build in-demand digital skills and launch successful tech careers.Furthermore, they act as a Managed Service Provider (MSP) delivering scalable cloud solutions and cybersecurity to businesses.Simultaneously, their recruitment division connects ambitious IT professionals with top job opportunities worldwide",,Technology,,2026-07-11,2026-07-10,domain,2026-07-10,2026-07,1.0,False,False,True,TheGentlemen
scooobaa,Ferretería Scopazzo,scopazzo.com.ar,ar,2026-07-10 03:11,2026-07-10,2026-07,239,2026-07-20 02:11,,,False,False,False,False,False,"scopazzo.com.ar rocketreach.co/ferreteria-scopazzo-profile_b7dd5f00c0ca3ccc Ferretería Scopazzo is a prominent family-owned hardware and industrial tools retailer based in Buenos Aires, Argentina, boasting over 60 years of market experience.They specialize in supplying electrical, pneumatic, and household equipment from major global brands like Makita, DeWalt, and Bosch to both individuals and businesses",AR,Retail & E-Commerce,,2026-07-11,2026-07-10,domain,2026-07-10,2026-07,1.0,False,False,False,TheGentlemen
mainneooxx,Maine Oxy,maineoxy.com,com,2026-07-07 14:18,2026-07-07,2026-07,1,2026-07-07 15:18,,,False,False,False,False,False,"maineoxy.com zoominfo.com/c/maine-oxy/59165071 Maine Oxy is a family-owned business founded in 1929 in Auburn, Maine, serving as a premier supplier of industrial, medical, and specialty gases.They are a leading distributor of welding supplies, safety gear, and equipment rentals with numerous locations across New England and the Southeast.The company focuses on innovative industry solutions while prioritizing safety, reliability, and excellent customer service",US,Energy & Utilities,,2026-06-15,2026-06-15,domain,2026-06-15,2026-06,-22.0,True,False,False,TheGentlemen
sdfpfpp,CHIFENG GOLD SEPON,lxml.la,la,2026-07-07 00:43,2026-07-07,2026-07,24,2026-07-08 00:43,,,False,False,False,False,False,"lxml.la zoominfo.com/c/lane-xang-minerals-ltd/1311794256 which operates the major Sepon open-pit and underground gold and copper mine in Savannakhet Province, Laos.As a significant regional employer, the company heavily invests in local workforce development, with 95% of its staff being Lao nationals WILL BE UPDATED!",LA,Energy & Utilities,,2026-07-01,2026-06-24,domain,2026-07-01,2026-07,-6.0,False,False,False,TheGentlemen
techlisol,Technical Solutions Group,tsgpc.com,com,2026-07-06 01:50,2026-07-06,2026-07,239,2026-07-16 00:50,,,False,False,False,False,False,"tsgpc.com zoominfo.com/c/medical-data-rx/346985484 Technical Solutions Group, LLC, an IT services company headquartered in Gladwin, Michigan, which also operates the specialized division Medical Data Rx.The organization provides comprehensive technology solutions, including networking, data backup, and hardware services, assisting both small businesses and medical professionals across the United States and Canada.As a diversified technology services provider, the company focuses on delivering reliable technical support and tailored IT management to its clients",US,Professional Services,,2026-07-07,2026-07-06,domain,2026-07-06,2026-07,1.0,False,False,False,TheGentlemen
royallfiids,Royal Foods,royalfoods.com.au,au,2026-07-06 01:44,2026-07-06,2026-07,239,2026-07-16 00:44,,,False,False,False,False,False,"royalfoods.com.au zoominfo.com/c/royal-foods/98011908 Royal Foods is a privately-owned Australian gourmet food company that supplies high-quality, innovative products to the food service sector and independent retailers.Headquartered in Brisbane and operating across multiple states, the company employs around 250 staff dedicated to supporting the local food industry.Furthermore, their specialized Food Solutions division focuses on helping commercial kitchens solve challenges related to profitability and operational efficiency",AU,Agriculture and Food Production,,2026-07-11,2026-07-06,domain,2026-07-06,2026-07,5.0,False,False,False,TheGentlemen
jumpsolltu,Jump Solutions Inc,jumpsolutions.ph,ph,2026-07-06 01:28,2026-07-06,2026-07,239,2026-07-16 00:28,,,False,False,False,False,False,"jumpsolutions.ph zoominfo.com/c/jump-solutions-inc/450178976 Filipino-owned IT solutions provider and system integrator based in Makati City, Metro Manila.The company specializes in delivering comprehensive, end-to-end IT solutions, including network infrastructure assessments, IT consultancy, and risk management.As a trusted technology partner, they focus on providing future-ready and secure technologies that empower businesses across various industries",PH,Professional Services,,2026-07-07,2026-07-06,domain,2026-07-06,2026-07,1.0,False,False,False,TheGentlemen
Cisisir,CSIR Structural Engineering Research Centre,serc.res.in,in,2026-07-06 01:26,2026-07-06,2026-07,239,2026-07-16 00:26,,,False,False,False,False,False,"serc.res.in zoominfo.com/c/csir-structural-engineering-research-centre/372543677 CSIR-Structural Engineering Research Centre (CSIR-SERC), a premier national laboratory established in 1965 and located in Chennai, India.Operating under the Council of Scientific and Industrial Research, the institute is dedicated to advanced research in structural engineering, materials science, and structural health monitoring.The center plays a crucial role in developing innovative construction technologies and providing specialized testing services to support India's infrastructure development",IN,Government & Defense,,2026-07-07,2026-07-06,domain,2026-07-06,2026-07,1.0,False,False,False,TheGentlemen
meerrcalodilr,Mercado Libre,mercadolibre.com.ar,ar,2026-07-06 01:21,2026-07-06,2026-07,239,2026-07-16 00:21,,,False,False,False,False,False,"mercadolibre.com.ar zoominfo.com/c/mercadolibre-srl/425378760 Argentine platform of MercadoLibre, the undisputed leader in Latin American e-commerce and fintech, founded in 1999 by Marcos Galperin. It operates a massive online marketplace integrated with a powerful ecosystem of services, including Mercado Pago for digital payments and Mercado Envíos for logistics. As a cornerstone of Argentina's digital economy, it connects millions of buyers and sellers, driving both retail innovation and financial inclusion across the nation",AR,Technology,,2026-07-07,2026-07-06,domain,2026-07-06,2026-07,1.0,False,False,False,TheGentlemen
exccceeclee,Excel Cell Electronic,ece.com.tw,tw,2026-07-06 01:19,2026-07-06,2026-07,239,2026-07-16 00:19,,,False,False,False,False,False,"ece.com.tw zoominfo.com/c/excel-cell-electronic-co-ltd/372144382 Excel Cell Electronic Co., Ltd. (ECE), founded in 1981 and headquartered in Taichung, Taiwan, is a prominent manufacturer of electronic components.The publicly traded company specializes in producing DIP switches, micro switches, relays, terminal blocks, connectors, and resettable fuses for global markets.ECE focuses heavily on product innovation and process integration to serve as a reliable strategic partner in the fast-paced electronics industry",TW,Manufacturing,,2026-07-07,2026-07-06,domain,2026-07-06,2026-07,1.0,False,False,False,TheGentlemen
autokmvial,Automovil Supply S.A,supply.com.py,py,2026-07-06 01:16,2026-07-06,2026-07,239,2026-07-16 00:16,,,False,False,False,False,False,"supply.com.py zoominfo.com/c/automóvil-supply/405948730 Automovil Supply S.A., accessible via supply.com.py, is a prominent Paraguayan chain of auto parts stores founded on August 10, 1955.With over 70 years of experience in the automotive industry, the company employs between 200 and 500 staff members and operates multiple retail branches across Paraguay.Known for its slogan ""Over 70 years moving the country,"" it serves as a major importer and distributor of motor vehicle parts in the region",PY,Manufacturing,,2026-07-07,2026-07-06,domain,2026-07-06,2026-07,1.0,False,False,False,TheGentlemen
tonnniies,Tonnies Group,toennies.de,de,2026-07-06 01:11,2026-07-06,2026-07,239,2026-07-16 00:11,,,False,False,False,False,False,"toennies.de zoominfo.com/c/tönnies-group/427095219 Founded in 1971 as a family-owned business, the Tönnies Group is a leading German meat processing company headquartered in Rheda-Wiedenbrück.As a major global player in the food industry, it specializes in the slaughtering, butchering, and processing of pork and beef, generating around 5 billion euros in annual turnover with over 8,000 employees.Notably, the holding company is rebranding to ""Premium Food Group"" starting in 2025 to emphasize its focus on sustainable food solutions",DE,Agriculture and Food Production,,2026-07-07,2026-07-06,domain,2026-07-06,2026-07,1.0,False,False,False,TheGentlemen
ebnnyyd,EBNY Development,ebny.com.eg,eg,2026-07-06 01:09,2026-07-06,2026-07,239,2026-07-16 00:09,,,False,False,False,False,False,"ebny.com.eg Founded in 2012, EBNY Development is a pioneering real estate company focused on redefining the property market in Egypt and beyond. They create innovative and functional projects that combine elegant designs with thoughtful planning to elevate daily living and lifestyles. Ultimately, the company is dedicated to delivering long-lasting value and building a brighter, sustainable future for its clients",EG,Other,,2026-07-07,2026-07-06,domain,2026-07-06,2026-07,1.0,False,False,False,TheGentlemen
kosmsoss,Kosmos,kosmos.de,de,2026-07-06 01:07,2026-07-06,2026-07,239,2026-07-16 00:07,,,False,False,False,False,False,"kosmos.de zoominfo.com/c/kosmos/470278755 Franckh-Kosmos Verlags-GmbH & Co. KG, a prominent media publishing house based in Stuttgart, Germany.Founded in 1822 by Johann Friedrich Franckh, the company is one of the leading publishers of guidebooks, children's books, board games, and educational experiment kits.It successfully combines long-standing tradition with modern trends to offer engaging products for children, families, and hobbyists",DE,Energy & Utilities,,2026-07-07,2026-07-06,domain,2026-07-06,2026-07,1.0,False,False,False,TheGentlemen
keriifarr,Keifert,keifert.de,de,2026-07-06 01:05,2026-07-06,2026-07,239,2026-07-16 00:05,,,False,False,False,False,False,"keifert.de zoominfo.com/c/keifert-gmbh/429980133 Keifert GmbH master-certified building cleaning company based in Schallstadt, Germany, with over 35 years of industry experience.They offer a comprehensive range of professional services, including office, industrial, and specialized cleaning, as well as janitorial services across the Southern Baden region.As a quality-focused enterprise, the company is certified according to DIN EN ISO 9001 and 14001 standards, ensuring reliable and environmentally conscious solutions for their clients",DE,Manufacturing,,2026-07-07,2026-07-06,domain,2026-07-06,2026-07,1.0,False,False,False,TheGentlemen
ceratpcomtireat,Ce Ratp Comite D entreprise Ratp,ceratp.fr,fr,2026-07-06 01:04,2026-07-06,2026-07,239,2026-07-16 00:04,,,False,False,False,False,False,"ceratp.fr zoominfo.com/c/ce-ratp-comité-dentreprise-ratp/1315531566 digital platform of the RATP Works Council, dedicated exclusively to employees of the Paris public transport operator and their beneficiaries.It provides comprehensive services for social and cultural activities, allowing members to book vacations, register for summer camps, and access exclusive leisure events.Based in Fontenay-sous-Bois, the platform serves as a central hub for managing employee benefits and corporate perks",FR,Transportation,,2026-07-07,2026-07-06,domain,2026-07-06,2026-07,1.0,False,False,False,TheGentlemen
saoogo,Arabia Falcon Insurance Company SAOG,,,2026-07-06 01:00,2026-07-06,2026-07,239,2026-07-16 00:00,,,False,False,False,False,False,"The company has been warned about the incident. You have some time before the timer runs out; after that, 400 gigabytes of data and the database will be published, including hundreds of pieces of personal information as well as a massive amount of corporate data. afic.om zoominfo.com/c/arabia-falcon-insurance-company-saog/447137751 Arabia Falcon Insurance Company (AFIC), is a leading insurance provider in Oman formed by the historic merger of two successful local insurers.The company underwrites a comprehensive range of general, motor, medical, and life insurance products for individuals and businesses.Headquartered in Muscat, AFIC has firmly established itself as a trusted and prominent name in the Sultanate's insurance sector",OM,Financial Services,,2026-07-07,2026-07-06,name,2026-07-06,2026-07,1.0,False,False,False,TheGentlemen
spedidam,Spedidam,spedidam.fr,fr,2026-07-06 00:58,2026-07-06,2026-07,239,2026-07-15 23:58,,,False,False,False,False,False,"spedidam.fr Spedidam, founded in 1959 by five musical performers, is a French collective management organization that protects performers' neighboring rights.The organization manages the collection and distribution of royalties for performing artists while supporting artistic and cultural initiatives.Based in Paris, it serves as one of France's key institutions for managing intellectual property rights in music and dance",FR,Transportation,,2026-07-07,2026-07-02,domain,2026-07-06,2026-07,1.0,False,False,False,TheGentlemen
quantterr,Quanterm Logistics Sdn Bhd,quanterm.com,com,2026-07-06 00:55,2026-07-06,2026-07,239,2026-07-15 23:55,,,False,False,False,False,False,"quanterm.com zoominfo.com/c/quanterm-logistics-sdn-bhd/346750206 Quanterm Logistics, founded in 1992 and headquartered in Malaysia, is a leading freight forwarding and total logistics provider in the Asia Pacific region.Starting as an international LCL consolidator, the company has expanded to offer comprehensive supply chain solutions including warehousing, distribution, and fleet management.Today, the organization serves both domestic and international markets through a wide network of offices across Malaysia, Vietnam, Australia, and other countries",MY,Transportation,,2026-07-07,2026-07-06,domain,2026-07-06,2026-07,1.0,False,False,False,TheGentlemen
logiqupp,LogiQuip,logiquip.com,com,2026-07-06 00:51,2026-07-06,2026-07,239,2026-07-15 23:51,,,False,False,False,False,False,"logiquip.com zoominfo.com/c/logiquip/146752157 LogiQuip, founded in 1992, is a specialized manufacturer providing inventory management and storage solutions exclusively for the healthcare industry.They design innovative systems, such as ParWire shelving, to solve complex supply chain and distribution issues in hospitals.Ultimately, their products help medical professionals save valuable time on inventory tasks so they can focus on patient care",GB,Transportation,,2026-07-07,2026-07-06,domain,2026-07-06,2026-07,1.0,False,False,False,TheGentlemen
MedicRescue,Medic Rescue,,,2026-07-04 10:38,2026-07-04,2026-07,239,2026-07-14 09:38,,,False,False,False,False,False,"https://www.medicrescue.org/ https://www.zoominfo.com/c/medic-rescue/47367866 Medic Rescue Services has been providing trusted emergency medical services to Beaver County since 1978. They offer a range of services including on-site emergency care, non-emergency transports, stretcher van trips, and wheelchair van services, all available 24/7. Their dedicated team and extensive fleet ensure swift and effective responses to medical needs. Medic Rescue aims to prioritize health and safety while fostering community trust through their reliable service - FULL DATA LINK http://wsjnnd4xnpqqqucj26rmzu3tynpnstmbyakixh367p3j77djplhf7rqd.onion/",,Healthcare,,2026-07-07,2026-07-04,name,2026-07-04,2026-07,3.0,False,False,True,TheGentlemen
sddeez,SDEZ,sdez.fr,fr,2026-06-30 21:49,2026-06-30,2026-06,239,2026-07-10 20:49,,,False,False,False,False,False,"sdez.fr SDEZ is a historic French family-owned company founded in 1816, specializing in the rental and maintenance of professional linen, workwear, and hygiene equipment.Operating a national network of industrial laundries across France and Belgium, it has become one of the leading textile service providers in the region.The company serves thousands of business clients and employs over 700 people to deliver comprehensive laundry and hygiene solution",FR,Other,,2026-07-01,2026-06-30,domain,2026-06-30,2026-06,1.0,False,False,False,TheGentlemen
mackkay,Mackay Sugar,mkysugar.com.au,au,2026-06-30 20:03,2026-06-30,2026-06,144,2026-07-06 20:03,,,False,False,False,False,False,"mkysugar.com.au zoominfo.com/c/mackay-sugar-ltd/1147904633 Mackay Sugar is Australia's second-largest sugar manufacturer, headquartered in tropical North Queensland with over 140 years of rich industry heritage. Owned primarily by local sugarcane farmers, the company operates major mills to produce raw sugar, molasses, and renewable electricity generated from bagasse. With an annual turnover exceeding $600 million, they serve as a vital economic pillar in the region, dedicated to sustainable practices and supplying high-quality products to global markets",AU,Agriculture and Food Production,,2026-06-15,2026-06-10,domain,2026-06-15,2026-06,-15.0,True,False,False,TheGentlemen
poushenggg,Pou Sheng International,pousheng.com,com,2026-06-30 16:30,2026-06-30,2026-06,239,2026-07-10 15:30,,,False,False,False,False,False,"pousheng.com zoominfo.com/c/pou-sheng-international/352458448 They serve as a key distributor and exclusive agent for major global sportswear brands like Nike, adidas, PUMA, and Under Armour. The company operates a comprehensive online and offline sales network across the country to provide a full sports and lifestyle experience.",TW,Retail & E-Commerce,,2026-07-01,2026-06-30,domain,2026-06-30,2026-06,1.0,False,False,False,TheGentlemen
faclogositq,FAC Logistique,fac-logistique.com,com,2026-06-30 16:02,2026-06-30,2026-06,239,2026-07-10 15:02,,,False,False,False,False,False,"fac-logistique.com FAC Logistique, a French company founded in 1996 that specializes in the outsourcing of purchasing and logistics. Operating as a central purchasing office, the firm helps businesses optimize their supplier base, manage inventory, and significantly reduce operational costs. Headquartered in Grand-Couronne with additional agencies across France, the company leverages expert buyers to simplify supply chain processes and act as a dedicated ""center of savings"" for its clients",FR,Transportation,,2026-07-01,2026-06-30,domain,2026-06-30,2026-06,1.0,False,False,False,TheGentlemen
mlcoeee,Melcor Developments Ltd,melcor.ca,ca,2026-06-30 16:00,2026-06-30,2026-06,239,2026-07-10 15:00,,,False,False,False,False,False,"melcor.ca zoominfo.com/c/melcor-developments-ltd/65095259 Melcor Developments Ltd., a prominent Canadian real estate development and construction company founded in 1923 and headquartered in Edmonton, Alberta. The firm specializes in the full lifecycle of property development, creating residential communities, commercial spaces, and industrial parks across Western Canada. With nearly a century of experience, Melcor is recognized for building sustainable, high-quality neighborhoods and long-term investment properties",CA,Other,,2026-07-01,2026-06-30,domain,2026-06-30,2026-06,1.0,False,False,False,TheGentlemen
cuiaggennc,CUI Agency,cuiagency.com,com,2026-06-30 15:54,2026-06-30,2026-06,239,2026-07-10 14:54,,,False,False,False,False,False,"cuiagency.com zoominfo.com/c/cui-agency/397459082 CUI Agency, a family-owned independent insurance firm founded in Utah in 1969. Headquartered in the Salt Lake City area, the company specializes in risk management, offering comprehensive commercial insurance, employee benefits, personal lines, and bonds. They provide tailored insurance solutions designed to mitigate risks and protect the assets of businesses and families across the region",US,Professional Services,,2026-07-01,2026-06-30,domain,2026-06-30,2026-06,1.0,False,False,False,TheGentlemen
oronlawww,Oron Law Firm,,,2026-06-30 15:51,2026-06-30,2026-06,239,2026-07-10 14:51,,,False,False,False,False,False,"zoominfo.com/c/eilon-oron-attorneys/1341420873 Oron Law Firm, a legal practice specializing in traffic law, traffic accidents, and torts. Founded by Adv. Ilon Oron,The team provides comprehensive legal representation for licensing issues, accident claims, and traffic violations, offering 24/7 customer support to assist their clients.",CH,Professional Services,,2026-07-01,2026-06-30,name,2026-06-30,2026-06,1.0,False,False,False,TheGentlemen
boynneci,The City of Boyne City,cityofboynecity.com,com,2026-06-30 15:43,2026-06-30,2026-06,239,2026-07-10 14:43,,,False,False,False,False,False,"cityofboynecity.com zoominfo.com/c/the-city-of-boyne-city/368244116 City of Boyne City, a community located in Charlevoix County, Michigan. It serves as a central hub for residents, providing essential information on local government, city departments, utility services, and community events. The portal also highlights the city's parks, recreation programs, and local initiatives, reflecting its vibrant lakeside lifestyle on Lake Charlevoix",US,Government & Defense,,2026-07-01,2026-06-30,domain,2026-06-30,2026-06,1.0,False,False,False,TheGentlemen
emasss,EMAS Group,emas.cz,cz,2026-06-30 15:39,2026-06-30,2026-06,239,2026-07-10 14:39,,,False,False,False,False,False,"emas.cz zoominfo.com/c/janča--emas-group-sro/532190785 JANCA & EMAS group s.r.o., one of the largest wholesale distributors of electrical equipment and materials in the Czech Republic. The company supplies a comprehensive range of electrical components, including switches, sockets, and smart home automation systems, primarily serving professional electricians and businesses. They operate an extensive network of physical branches across the country and offer a dedicated mobile app for quick ordering and inventory management.",CZ,Energy & Utilities,,2026-07-01,2026-06-30,domain,2026-06-30,2026-06,1.0,False,False,False,TheGentlemen
mnakolab,MakoLab,makolab.com,com,2026-06-30 15:38,2026-06-30,2026-06,239,2026-07-10 14:38,,,False,False,False,False,False,"makolab.com zoominfo.com/c/makolab-sa/31278202 MakoLab, a prominent Polish IT consulting and software development company acting as a digital project house.The firm specializes in digital transformation, artificial intelligence, custom software engineering, and human-centric design.They provide comprehensive business and technology consulting, product design, and global 24/7 operations support to enterprise clients worldwide",PL,Technology,,2026-07-01,2026-06-30,domain,2026-06-30,2026-06,1.0,False,False,False,TheGentlemen
nautrarr,NATURGHIACCIO,naturghiaccio.it,it,2026-06-30 15:35,2026-06-30,2026-06,239,2026-07-10 14:35,,,False,False,False,False,False,"naturghiaccio.it dnb.com/business-directory/company-profiles.naturghiaccio_srl.eae47436d39ec78b7abc7007a3637507.html Naturghiaccio, an Italian company founded in 2013 that specializes in the production and distribution of high-quality, certified food-grade ice. Operating with a fully automated plant, they supply premium packaged ice to the Ho.Re.Ca. sector, supermarkets, and event organizers across Italy. The company is an official member of the European Packaged Ice Association (EPIA), ensuring strict quality and safety standards for their products",IT,Agriculture and Food Production,,2026-07-01,2026-06-30,domain,2026-06-30,2026-06,1.0,False,False,False,TheGentlemen
osphooldiiig,OSP HOLDING FRANCE,ospholding.com,com,2026-06-30 15:34,2026-06-30,2026-06,239,2026-07-10 14:34,,,False,False,False,False,False,"ospholding.com pappers.fr/entreprise/osp-holding-france-838877108 838877108 OSP HOLDING (FRANCE) is an active French company founded in 2018 and managed by APInvest France, with a substantial share capital of over €14.4 million. It specializes in the design and assembly of industrial process control equipment, as well as the development and maintenance of software for parking management systems. The company employs between 50 and 99 people and is headquartered in Boulogne-Billancourt",FR,Professional Services,,2026-07-01,2026-06-30,domain,2026-06-30,2026-06,1.0,False,False,False,TheGentlemen
mondott,Mondottica,mondottica.com,com,2026-06-30 15:22,2026-06-30,2026-06,239,2026-07-10 14:22,,,False,False,False,False,False,"mondottica.com zoominfo.com/c/mondottica-ltd/346397915 Mondottica, a leading global eyewear company specializing in the design, production, and worldwide distribution of premium sunglasses and optical frames. Headquartered in London, the firm is renowned for managing an extensive portfolio of prestigious international fashion and lifestyle brand licenses. They combine innovative design with high-quality craftsmanship to deliver luxury eyewear collections to global markets",IT,Retail & E-Commerce,,2026-07-01,2026-06-30,domain,2026-06-30,2026-06,1.0,False,False,False,TheGentlemen
compatradd,Comp Trading Co,ctc.co.th,th,2026-06-30 15:20,2026-06-30,2026-06,239,2026-07-10 14:20,,,False,False,False,False,False,"ctc.co.th Comp Trading Co., Ltd. (CTC), a premier Thai IT solutions and services provider founded in 1985 by former IBM engineers. The company specializes in enterprise IT infrastructure, data center solutions, cybersecurity, and comprehensive system maintenance. Today, CTC serves as a strategic technology partner for businesses, delivering disaster recovery, network support, and IT consulting services",TH,Professional Services,,2026-07-01,2026-06-30,domain,2026-06-30,2026-06,1.0,False,False,False,TheGentlemen
centreophdrem,Centre Ophtalmologique dErmont,ophtalmologie-ermont.com,com,2026-06-30 15:02,2026-06-30,2026-06,239,2026-07-10 14:02,,,False,False,False,False,False,"ophtalmologie-ermont.com Centre Ophtalmologique d'Ermont, a specialized medical clinic in France dedicated to comprehensive eye care. The facility provides a full spectrum of ophthalmology services, including routine consultations, advanced diagnostics, and surgical treatments for various ocular conditions. The portal serves as a convenient hub where patients can access health information, manage their appointments, and connect with a team of expert specialists",FR,Healthcare,,2026-07-01,2026-06-30,domain,2026-06-30,2026-06,1.0,False,False,False,TheGentlemen
climmax,Climax Technology,climax.com.tw,tw,2026-06-30 14:58,2026-06-30,2026-06,239,2026-07-10 13:58,,,False,False,False,False,False,"climax.com.tw zoominfo.com/c/climax-technology-co-ltd/440165694 Climax Technology Co., Ltd., a Taipei-based company founded in 1985 that specializes in smart security systems and telecare solutions. For over three decades, the firm has leveraged its telecommunications expertise to develop innovative hybrid security panels, emergency pendants, and long-term care alert technologies. Their comprehensive product line is designed to provide reliable safety, monitoring, and rapid emergency response for residential and healthcare environments globally",TW,Technology,,2026-07-01,2026-06-30,domain,2026-06-30,2026-06,1.0,False,False,False,TheGentlemen
inndd,Indra Group,indracompany.com,com,2026-06-30 14:54,2026-06-30,2026-06,239,2026-07-10 13:54,,,False,False,False,False,False,"indracompany.com zoominfo.com/c/indra-sistemas-sa/136495916 Indra, a leading Spanish multinational technology and consulting company. It specializes in innovative solutions for defense, aerospace, air traffic management, smart mobility, and digital transformation (via its Minsait brand). The company serves as a strategic technological partner for governments and major corporations worldwide, driving modernization and security across critical sectors",ES,Technology,,2026-07-01,2026-06-24,domain,2026-06-30,2026-06,1.0,False,False,False,TheGentlemen
stteegga,Steegaa Interior,steegaa.com,com,2026-06-30 14:49,2026-06-30,2026-06,239,2026-07-10 13:49,,,False,False,False,False,False,"steegaa.com zoominfo.com/c/steegaa/408684474 Steegaa Interior, a Dutch company based in Helmond specializing in high-end custom interior design and construction.Established in 2000, the firm focuses on designing, manufacturing, and installing bespoke interiors for both private and commercial clients.They are highly regarded for their exceptional craftsmanship, attention to detail, and ability to deliver complete, turnkey interior solutions.Additionally, the company operates as a recognized training center, offering apprenticeships to foster the next generation of skilled interior builders",AE,Retail & E-Commerce,,2026-07-01,2026-06-30,domain,2026-06-30,2026-06,1.0,False,False,False,TheGentlemen
dhhccch,DHC Corporation,dhc.co.jp,jp,2026-06-30 14:45,2026-06-30,2026-06,239,2026-07-10 13:45,,,False,False,False,False,False,"dhc.co.jp zoominfo.com/c/dhc-corp/372590440 DHC Corporation, a major Japanese health and beauty company renowned for its dietary supplements, skincare, and cosmetics. The brand is especially famous for its olive oil-based beauty products and high-quality, affordable nutritional supplements. The site serves as a primary hub for consumers to purchase their popular health, wellness, and beauty essentials",JP,Not Found,,2026-08-07,2026-08-06,domain,2026-06-30,2026-06,38.0,False,False,True,TheGentlemen
iimmllli,Immling,immling.de,de,2026-06-30 14:44,2026-06-30,2026-06,239,2026-07-10 13:44,,,False,False,False,False,False,"immling.de is the official website for the Immling Festival, a renowned classical music and opera event held annually at Gut Immling in Halfing, Germany. Running primarily from June to August since 1997, it features high-quality opera productions and symphony concerts in a picturesque setting. In 2026, the festival celebrates its 30th anniversary, remaining a major cultural highlight in the Chiemgau region",DE,Manufacturing,,2026-07-01,2026-06-30,domain,2026-06-30,2026-06,1.0,False,False,False,TheGentlemen
aurescan,"Ayres Carr & Sullivan, P.C.",,,2026-06-27 09:03,2026-06-27,2026-06,239,2026-07-07 08:03,,,False,False,False,False,False,"Ayres Carr & Sullivan, P.C. is a longstanding, general civil practice and trial law firm based in Indianapolis, Indiana. Tracing its roots back to 1914, the firm serves clients across the state with a focus on civil litigation, trial practice, and specialized matters including probate, bankruptcy, and corporation law. Primary Location: 251 E. Ohio St., Suite 500, Indianapolis, IN 46204 Primary Practice Areas: Civil Litigation, Trial Practice, Personal Injury, Corporation Law, Probate, and Bankruptcy Key Attorneys: William S. Ayres, John R. Carr III, and Bret Clement https://www.linkedin.com/company/ayres-carr-&-sullivan-pc",US,Professional Services,,2026-07-01,2026-06-27,name,2026-06-27,2026-06,4.0,False,False,False,TheGentlemen
aupdapdpddd,Au Vieux Campeur,auvieuxcampeur.fr,fr,2026-06-24 11:48,2026-06-24,2026-06,239,2026-07-04 10:48,,,False,False,False,False,False,"auvieuxcampeur.fr Au Vieux Campeur is a premier French retailer and the leading independent outdoor and sports equipment company in Europe.Founded in Paris in 1941, the brand has expanded from a single historic boutique in the Latin Quarter to nearly 50 stores across France and a robust e-commerce platform.They offer an extensive selection of over 1,500 premium brands, providing specialized clothing and gear for a wide variety of activities including mountaineering, diving, skiing, and trail running",FR,Retail & E-Commerce,,2026-07-01,2026-06-02,domain,2026-06-24,2026-06,7.0,False,False,False,TheGentlemen
nattrr,Natren,natren.com,com,2026-06-24 11:46,2026-06-24,2026-06,239,2026-07-04 10:46,,,False,False,False,False,False,"natren.com zoominfo.com/c/natren-inc/26870087 Natren is a leading manufacturer of premium probiotic supplements with over 30 years of experience, dedicated to improving gut health and overall well-being.Based in California, the company offers a comprehensive range of natural, non-GMO formulas tailored for men, women, children, and even pets.They are highly regarded for their flagship ""Healthy Trinity"" 3-in-1 system and their strict cold-chain shipping process, which guarantees 100% potency through the expiration date",US,Healthcare,,2026-07-01,2026-06-24,domain,2026-06-24,2026-06,7.0,False,False,False,TheGentlemen
gklegekekege,Gegenbauer Elektrotechnik,gegenbauer-it.at,at,2026-06-24 11:37,2026-06-24,2026-06,239,2026-07-04 10:37,,,False,False,False,False,False,"gegenbauer-it.at Gegenbauer Elektrotechnik & IT GmbH is a Vienna-based service provider specializing in comprehensive electrical engineering and IT solutions for businesses.Evolving from a sole proprietorship with over 30 years of experience, the company was officially established in 2015 to offer end-to-end planning and implementation.They focus on delivering customized technical infrastructures, professional support, and employee training to meet the diverse needs of their clients",AT,Manufacturing,,2026-07-01,2026-06-24,domain,2026-06-24,2026-06,7.0,False,False,False,TheGentlemen
stafsdfa,Stadttheater Giessen,stadttheater-giessen.de,de,2026-06-24 11:36,2026-06-24,2026-06,239,2026-07-04 10:36,,,False,False,False,False,False,"stadttheater-giessen.de rocketreach.co/stadttheater-giessen-gmbh-profile_b40b4590ff936dde Stadttheater Gießen is a prominent multi-genre municipal theatre in Germany, renowned for its striking Art Nouveau (Jugendstil) building constructed in 1907. As the cultural heart of the Mittelhessen region, it offers a diverse repertoire encompassing opera, musicals, drama, and classical concerts. The theatre is celebrated for its high-quality productions, blending traditional classics with innovative contemporary works for audiences of all ages",DE,Hospitality,,2026-07-01,2026-06-18,domain,2026-06-24,2026-06,7.0,False,False,False,TheGentlemen
bsdsfcvs,BDS CZ,bds.cz,cz,2026-06-24 11:33,2026-06-24,2026-06,239,2026-07-04 10:33,,,False,False,False,False,False,"bds.cz BDS CZ is a Prague-based real estate agency that offers comprehensive property services, including Airbnb management, interior renovations, and investment consulting.The company's name originates from the Vietnamese abbreviation for real estate, indicating its strong focus on serving the local Vietnamese community and investors.Operating from its headquarters in Prague's historic Old Town, the agency assists clients in maximizing their property value and managing real estate portfolios",CZ,Professional Services,,2026-07-01,2026-06-24,domain,2026-06-24,2026-06,7.0,False,False,False,TheGentlemen
berrancc,Beran Concrete,beranconcrete.com,com,2026-06-24 11:30,2026-06-24,2026-06,239,2026-07-04 10:30,,,False,False,False,False,False,"beranconcrete.com zoominfo.com/c/beran-concrete-inc/4424481 Beran Concrete is a premier concrete construction and ready-mix supplier serving commercial and residential projects across Wichita, Kansas, and the broader Midwest.Founded in 1980, the company is driven by a deep pride in quality workmanship and a proven ability to consistently meet strict client deadlines.To support its continued growth and better serve local communities, the business actively expands its regional footprint by integrating additional ready-mix plants",CZ,Manufacturing,,2026-07-01,2026-06-24,domain,2026-06-24,2026-06,7.0,False,False,False,TheGentlemen
allddod,Al Dhow Group,al-dhow.com,com,2026-06-24 11:29,2026-06-24,2026-06,239,2026-07-04 10:29,,,False,False,False,False,False,"al-dhow.com zoominfo.com/c/al-dhow/345585723 Dhow International Holding is a diversified group of companies with a portfolio spanning high-growth and high-impact industries across the GCC region.Their extensive operations encompass a wide range of sectors, including engineering, architectural solutions, hospitality, food & beverage, logistics, healthcare, and venture capital. The group is committed to delivering integrated, end-to-end services while fostering long-term sustainable growth across all its businesses",AE,Transportation,,2026-07-01,2026-06-24,domain,2026-06-24,2026-06,7.0,False,False,False,TheGentlemen
meccanic,Meccanica Gn,meccanicagn.com,com,2026-06-24 11:27,2026-06-24,2026-06,239,2026-07-04 10:27,,,False,False,False,False,False,"meccanicagn.com zoominfo.com/c/meccanica-gn/368731563 Meccanica GN is an Italian precision manufacturing company based in Carpi, specializing in high-accuracy machining like milling, turning, and grinding.With over two decades of experience, they produce critical components for demanding sectors, including Formula 1 motorsport, aerospace, automotive, and biomedical.The company is recognized for its advanced technology, strict quality assurance, and commitment to maximum performance",IT,Manufacturing,,2026-07-01,2026-06-24,domain,2026-06-24,2026-06,7.0,False,False,False,TheGentlemen
etjettkfdf,MBO GmbH,mbo-gmbh.com,com,2026-06-22 11:16,2026-06-22,2026-06,239,2026-07-02 10:16,,,False,False,False,False,False,"mbo-gmbh.com MBO GmbH is a German surface technology company based in Roding, serving as the in-house surface treatment unit for the Mühlbauer Parts & Systems Group.With over 40 years of experience, they specialize in various advanced coating processes, including electroplating, powder coating, and painting.The company provides comprehensive technical advice and surface finishing solutions that are directly integrated with their parent company's production lines",DE,Professional Services,,2026-07-01,2026-06-22,domain,2026-06-22,2026-06,9.0,False,False,False,TheGentlemen
eroroggg,ErgoMed,ergomed.net,net,2026-06-22 11:12,2026-06-22,2026-06,239,2026-07-02 10:12,,,False,False,False,False,False,"ergomed.net ErgoMed Work Systems is a US-based occupational health and employment testing company that has been providing loss control programs since 1992.They specialize in physical demand simulation testing, musculoskeletal evaluations, and post-offer employment screening to help businesses and HR managers reduce workplace injuries",GB,Healthcare,,2026-07-01,2026-06-22,domain,2026-06-22,2026-06,9.0,False,False,False,TheGentlemen
cannwadd,Canada Wide Media,canadawide.com,com,2026-06-22 11:10,2026-06-22,2026-06,239,2026-07-02 10:10,,,False,False,False,False,False,"canadawide.com zoominfo.com/c/canada-wide-media-ltd/24612070 Canada Wide Media is Western Canada's leading independent publishing and custom content creation company, headquartered in Burnaby, British Columbia.They produce over 48 premium print and digital publications, such as BC Business and TV Week, reaching an audience of over 6 million readers.The firm specializes in audience engagement, custom publishing, and prestige media solutions tailored for various industries",CA,Technology,,2026-07-01,2026-06-22,domain,2026-06-22,2026-06,9.0,False,False,False,TheGentlemen
roowllt,Rowley Properties,rowleyproperties.com,com,2026-06-22 11:08,2026-06-22,2026-06,239,2026-07-02 10:08,,,False,False,False,False,False,"rowleyproperties.com zoominfo.com/c/rowley-properties/1117416022 Rowley Properties is a multi-generational, family-owned real estate company based in Issaquah, Washington, founded in 1954. The firm specializes in owning, developing, and managing approximately 80 acres of commercial and residential properties, including office spaces, apartments, and storage facilities in downtown Issaquah. They are deeply committed to local community development, focusing on long-term projects that help businesses succeed and families thrive",GB,Professional Services,,2026-07-01,2026-06-22,domain,2026-06-22,2026-06,9.0,False,False,False,TheGentlemen
hohokkeee,Hooke Laboratories,hookelabs.com,com,2026-06-22 11:07,2026-06-22,2026-06,239,2026-07-02 10:07,,,False,False,False,False,False,"hookelabs.com zoominfo.com/c/hooke-laboratories-inc/345976723 Hooke Laboratories is a biotechnology company based in Lawrence, Massachusetts, specializing in biological products for medical and pharmaceutical research.They are best known for their ""Hooke Kits™,"" which are ready-to-use emulsions used to induce animal models of autoimmune diseases, such as EAE, in laboratory rodents.The company operates strictly as a preclinical research supplier, working only with rodents and in vitro, and does not offer any products for human clinical use",US,Technology,,2026-07-01,2026-06-22,domain,2026-06-22,2026-06,9.0,False,False,False,TheGentlemen
giiaprr,GIA Partners,giallc.com,com,2026-06-22 11:05,2026-06-22,2026-06,239,2026-07-02 10:05,,,False,False,False,False,False,"giallc.com zoominfo.com/c/gia-partners-llc/347817491 GIA Partners, LLC is a New York-based registered investment advisor specializing in fixed income strategies and credit analysis .The firm focuses on diversified portfolios, including core fixed income, high yield, and emerging market debt, leveraging the extensive experience of its investment team.With over $1 billion in assets under management, GIA emphasizes that credit risk is well-compensated and diversifiable to generate excess returns for its clients",US,Professional Services,,2026-07-01,2026-06-22,domain,2026-06-22,2026-06,9.0,False,False,False,TheGentlemen
jusfgjdfujg,CTM India Limited motherson INDIA,,,2026-06-22 11:02,2026-06-22,2026-06,239,2026-07-02 10:02,,,False,False,False,False,False,"dnb.com/business-directory/company-profiles.ctm_india_limited.c67e34c4f71f7ed11aaf1dc39e0e10a6.html CTM India Limited is located in New Delhi, Delhi, India and is part of the Metalworking Machinery Manufacturing industry. CTM India Limited is associated with the global Motherson Group, focusing on producing specialized equipment and forms essential for industrial manufacturing processes. The company is led by key principal Bimal Dhar and operates within the broader machinery manufacturing sector",IN,Manufacturing,,2026-07-01,2026-06-22,name,2026-06-22,2026-06,9.0,False,False,False,TheGentlemen
ttgkdfskggg,Royal Thai Navy Housing Cooperative,kehanavycoop.com,com,2026-06-22 10:51,2026-06-22,2026-06,239,2026-07-02 09:51,,,False,False,False,False,False,"kehanavycoop.com Royal Thai Navy Housing Cooperative Limited, a service organization based in Bangkok, Thailand.It primarily manages housing projects like ""Navy Place,"" offering residential units for sale and rent to naval personnel and members.Additionally, the cooperative provides financial services such as member shares, loans, and deposits, alongside educational scholarships for members children",TH,Government & Defense,,2026-07-01,2026-06-22,domain,2026-06-22,2026-06,9.0,False,False,False,TheGentlemen
ieetneififrtes,International Freight Services,ifs-sfo.com,com,2026-06-22 10:46,2026-06-22,2026-06,239,2026-07-02 09:46,,,False,False,False,False,False,"ifs-sfo.com zoominfo.com/c/ifs-sfocom/348198952 IFS (International Freight Services, Inc.) is a logistics company headquartered at San Francisco International Airport (SFO). It provides international air and ocean freight forwarding, customs brokerage, warehousing, and end-to-end supply chain solutions. With decades of experience, IFS specializes in time-critical and high-touch cargo, serving industries from technology and life sciences to automotive and retail",US,Transportation,,2026-07-01,2026-06-22,domain,2026-06-22,2026-06,9.0,False,False,False,TheGentlemen
keeyweeeeee,Keywest Projects,keywestprojects.ca,ca,2026-06-22 10:37,2026-06-22,2026-06,239,2026-07-02 09:37,,,False,False,False,False,False,"keywestprojects.ca zoominfo.com/c/keywest-projects-ltd/354074136 KeyWest Projects Ltd. is a Canadian EPCM (Engineering, Procurement, Construction Management) company headquartered in Calgary, Alberta. It specializes in full-cycle project delivery for the energy sector — including oil and gas facilities, pipelines, and industrial infrastructure — primarily across Western Canada. The firm is recognized for its integrated, client-driven approach that emphasizes safety, efficiency, and technical reliability on complex energy projects",CA,Professional Services,,2026-07-01,2026-06-22,domain,2026-06-22,2026-06,9.0,False,False,False,TheGentlemen
aththeen,Athens Orthopedic Clinic,athensorthopedicclinic.com,com,2026-06-19 17:59,2026-06-19,2026-06,239,2026-06-29 16:59,,,False,False,False,False,False,"athensorthopedicclinic.com zoominfo.com/c/athens-orthopedic-clinic-greensboro/351501009 Athens Orthopedic Clinic, founded in 1966, is a leading specialized medical practice based in Athens, Georgia.The clinic provides specialized orthopedic care, including joint and spine treatments, imaging, and urgent care across multiple local facilities.It is widely recognized for its innovative solutions and patient-centered approach, actively serving the Northeast Georgia community",US,Healthcare,,2026-06-20,2026-06-19,domain,2026-06-19,2026-06,1.0,False,False,False,TheGentlemen
alkhhaaa,Al Khaja Holding,alkhajaholding.com,com,2026-06-18 10:52,2026-06-18,2026-06,239,2026-06-28 09:52,,,False,False,False,False,False,"alkhajaholding.com rocketreach.co/al-khaja-holding-profile_b451cc56fc778622 Al Khaja Holding is a prominent multi-business conglomerate based in the United Arab Emirates, originally established in 1969 as the Abu Dhabi Tyre Company.The group manages a diverse portfolio of investments across various sectors, including oil and gas, healthcare, pharmaceuticals, and retail distribution.Operating from its headquarters in Abu Dhabi, the holding company plays a significant role in the region's commercial landscape by overseeing its wide variety of subsidiary enterprises",AE,Professional Services,,2026-06-20,2026-06-18,domain,2026-06-18,2026-06,2.0,False,False,False,TheGentlemen
groruppecc,Cofaq,cofaq.fr,fr,2026-06-18 10:50,2026-06-18,2026-06,239,2026-06-28 09:50,,,False,False,False,False,False,"cofaq.fr zoominfo.com/c/groupe-cofaq/426074064 Groupe COFAQ is a prominent French cooperative of independent distributors specializing in hardware, tools, industrial supplies (QUOFI), and agricultural equipment.Headquartered in Poitiers, the organization federates hundreds of retail points of sale and independent merchants across France to strengthen their market presence.By leveraging centralized purchasing and dedicated logistics platforms like COFALOG, the group provides its members with optimized supply chain solutions and strategic commercial support",FR,Professional Services,,2026-06-20,2026-06-18,domain,2026-06-18,2026-06,2.0,False,False,False,TheGentlemen
setrtra,Sertrans,sertrans.es,es,2026-06-18 10:47,2026-06-18,2026-06,239,2026-06-28 09:47,,,False,False,False,False,False,"sertrans.es zoominfo.com/c/sertrans/372599324 Sertrans is a prominent Spanish logistics and supply chain management company founded in 1987, which has grown from a small family business into a major industry player.The company specializes in comprehensive goods transportation, offering services that range from domestic road haulage and parcel delivery to international freight.With an extensive network and decades of experience, Sertrans efficiently connects businesses across Spain, the rest of Europe, and Morocco",ES,Transportation,,2026-06-20,2026-06-18,domain,2026-06-18,2026-06,2.0,False,False,False,TheGentlemen
burrissmac,Burris MacOmber,burrismacomber.com,com,2026-06-18 10:45,2026-06-18,2026-06,239,2026-06-28 09:45,,,False,False,False,False,False,"burrismacomber.com zoominfo.com/c/burris--macomber-pllc/368834075 Burris & MacOmber, PLLC is a reputable law firm based in Tucson, Arizona, recognized for its commitment to excellence and integrity in legal practice. The firm provides a comprehensive range of services, including civil litigation, international business law, real estate transactions, and estate planning. Backed by a team of experienced attorneys and knowledgeable support staff, they deliver tailored legal solutions to effectively meet their clients' diverse needs",US,Professional Services,,2026-06-20,2026-06-18,domain,2026-06-18,2026-06,2.0,False,False,False,TheGentlemen
yududutt,Yudu Technology,yudutek.com,com,2026-06-18 10:43,2026-06-18,2026-06,239,2026-06-28 09:43,,,False,False,False,False,False,"yudutek.com zoominfo.com/c/yudu-technology-co-ltd/1340189458 Yudutek is a professional IT system integrator founded in 2008 in Zhubei, Taiwan, specializing in commercial computing hardware and generative AI solutions.With over 15 years of industry experience, the company provides enterprise on-premise AI, AI server infrastructure, and customized digital transformation services.By partnering with major technology brands, Yudutek empowers organizations to seamlessly implement advanced artificial intelligence applications and optimize their operational efficiency",SG,Technology,,2026-06-20,2026-06-18,domain,2026-06-18,2026-06,2.0,False,False,False,TheGentlemen
amiiggee,Amigest,amigest.fr,fr,2026-06-18 10:42,2026-06-18,2026-06,239,2026-06-28 09:42,,,False,False,False,False,False,"amigest.fr zoominfo.com/c/amigest/533109979 Amigest is a prominent French IT integrator based in the Lyon region, specializing in management software, professional telephony, and comprehensive IT infrastructure for SMEs. As a highly certified partner for leading brands like Sage and EBP, they provide tailored ERP solutions, cloud services, and cybersecurity to optimize business operations. With decades of experience, the company supports organizations through digital transformation, electronic invoicing compliance, and ongoing technical expertise",FR,Agriculture and Food Production,,2026-06-20,2026-06-18,domain,2026-06-18,2026-06,2.0,False,False,False,TheGentlemen
thaicocodfdf,Ty Thac Co,tythac.com.vn,vn,2026-06-18 10:39,2026-06-18,2026-06,239,2026-06-28 09:39,,,False,False,False,False,False,"tythac.com.vn Ty Thac Co., Ltd., also known as Yih Shuo Footwear, is a prominent footwear manufacturing company based in Dong Thap Province, Vietnam.Established in 2011, the enterprise specializes in the large-scale production and global export of shoes and related components.Operating from its extensive facility in Thap Muoi District, the company plays a significant role in the local industrial sector by managing complex international supply chains",VN,Manufacturing,,2026-06-20,2026-06-18,domain,2026-06-18,2026-06,2.0,False,False,False,TheGentlemen
teeerririoth,TERRIO Therapy Fitness,terriotherapy.com,com,2026-06-18 10:31,2026-06-18,2026-06,239,2026-06-28 09:31,,,False,False,False,False,False,"terriotherapy.com zoominfo.com/c/terrio-therapy-fitness-inc/351115575 TERRIO Physical Therapy & Fitness is the largest rehabilitation and wellness provider in California's Central Valley, operating numerous clinics across the region.Founded in 1998, the company specializes in outpatient orthopedics, aquatic therapy, neuro-rehabilitation, and acute inpatient care.Recognized for its exceptional patient satisfaction, TERRIO has been repeatedly voted the Best Physical Therapy Company in Kern County",MX,Retail & E-Commerce,,2026-06-20,2026-06-18,domain,2026-06-18,2026-06,2.0,False,False,False,TheGentlemen
sgsmalal,SGS Malaysia,sgsmalaysia.com,com,2026-06-18 10:29,2026-06-18,2026-06,239,2026-06-28 09:29,,,False,False,False,False,False,"sgsmalaysia.com SGS Malaysia provides integrated, AI-powered cloud, FinTech, and digital transformation solutions designed to optimize business operations and drive financial growth. Their comprehensive services span cloud workforce management, automated payroll compliance, and advanced cybersecurity protocols to ensure secure technology ecosystems. By leveraging innovative analytics and tailored platforms, the company empowers organizations to operate efficiently and scale confidently on a global level",MY,Professional Services,,2026-06-20,2026-06-18,domain,2026-06-18,2026-06,2.0,False,False,False,TheGentlemen
alleexandbu,Alexander Buch Bilanzbuchhalter,buch-bilanzbuchhalter.de,de,2026-06-18 10:25,2026-06-18,2026-06,239,2026-06-28 09:25,,,False,False,False,False,False,"buch-bilanzbuchhalter.de Alexander Buch is a certified accountant (Bilanzbuchhalter) based in Herne, Germany, offering professional financial services to both businesses and individuals. His practice specializes in ongoing bookkeeping, payroll accounting, commercial consulting, and comprehensive support for startup founders. Additionally, he provides dedicated tax assistance services, helping clients efficiently manage their financial obligations and regulatory requirements",DE,Professional Services,,2026-06-20,2026-06-18,domain,2026-06-18,2026-06,2.0,False,False,False,TheGentlemen
veracchimma,Vera Chimie Management,verachimie.fr,fr,2026-06-18 10:23,2026-06-18,2026-06,239,2026-06-28 09:23,,,False,False,False,False,False,"verachimie.fr zoominfo.com/c/vera-chimie-management/458572585 Vera Chimie is a French chemical manufacturing company based in Irigny with over 30 years of industry experience.They specialize in custom formulation, manufacturing, and packaging of liquid and powder chemicals for various industrial sectors.The company operates primarily on a subcontracting basis, delivering tailored chemical solutions with a strong focus on environmental standards and client confidentiality",FR,Manufacturing,,2026-06-20,2026-06-18,domain,2026-06-18,2026-06,2.0,False,False,False,TheGentlemen
intefdri,Integrated Distribution,int-dist.com,com,2026-06-15 17:24,2026-06-15,2026-06,92,2026-06-19 13:24,,,False,False,False,False,False,"int-dist.com zoominfo.com/c/integrated-distribution-inc/348479499 Integrated Distribution Inc. is a premier industrial distributor based in West Michigan, specializing in mechanical, electrical, and die-cutting solutions. As a vital supply chain partner, they provide high-quality engineering products and comprehensive support to diverse manufacturing sectors. Driven by expertise and reliability, they empower industries to keep their operations running smoothly and efficientl",GB,Transportation,,2026-06-08,2026-06-08,domain,2026-06-08,2026-06,-7.0,True,False,False,TheGentlemen
jjhhil,Hillside Lumber,hillsidelumber.com,com,2026-06-15 12:14,2026-06-15,2026-06,48,2026-06-17 12:14,,,False,False,False,False,False,"hillsidelumber.com Hillside Lumber is a family-owned full-service building materials supplier established in 1979, based in Westbrook, Maine. The company serves builders, contractors, and DIY enthusiasts throughout Southern Maine with high-quality lumber, saw mill products, kitchen design, and building supplies. With 38 employees, they provide professional service to both construction professionals and homeowners.",US,Manufacturing,,2026-05-09,2026-05-08,domain,2026-05-09,2026-05,-37.0,True,False,False,TheGentlemen
buecchelf,Buechel Stone,buechelstone.com,com,2026-06-15 12:14,2026-06-15,2026-06,48,2026-06-17 12:14,,,False,False,False,False,False,"buechelstone.com zoominfo.com/c/buechel-stone-corp/5800461 Founded in 1964 as a family-owned business, Buechel Stone is a premier natural stone quarrier and fabricator based in Wisconsin. Specializing in over a hundred varieties of natural stone, they provide exceptional building veneers, custom cut stone, and landscape products for architectural projects. As a third-generation company with a nationwide presence, they pride themselves on delivering unparalleled expertise and a guaranteed, dependable experience in the natural stone industry",US,Manufacturing,,2026-06-15,2026-06-15,domain,2026-06-15,2026-06,0.0,False,False,False,TheGentlemen
maccsss,McCarthy,mccarthyinc.com,com,2026-06-15 12:05,2026-06-15,2026-06,48,2026-06-17 12:05,,,False,False,False,False,False,"mccarthyinc.com McCarthy, Inc., founded in 1955 and based in Savannah, Georgia, specializes in supplying metal doors and frames, wood doors, builder's hardware, toilet partitions, signage, louvers, and specialty accessories. The company serves diverse industries including healthcare, education, commercial, government, manufacturing, and hospitality sectors across the region. McCarthy provides comprehensive products and services from project inception through completion, focusing on building lasting relationships with project teams to ensure utmost client satisfaction.",US,Professional Services,,2026-05-09,2026-05-08,domain,2026-05-09,2026-05,-37.0,True,False,False,TheGentlemen
collemmanf,Cole Manufacturing,colemfg.com,com,2026-06-15 08:47,2026-06-15,2026-06,239,2026-06-25 07:47,,,False,False,False,False,False,"colemfg.com zoominfo.com/c/cole-manufacturing-corp/344188464 Cole Manufacturing is a specialized metal fabrication and custom tooling company based in West Bend, Wisconsin, dedicated to delivering high-quality, cost-effective solutions for the metal forming industry.They offer a comprehensive range of services, including precision tool and die making, metal stamping, prototyping, and both manual and robotic welding.With versatile capabilities and advanced equipment, the company expertly handles projects of any size, providing reliable manufacturing support from custom fixtures to high-volume production runs",US,Manufacturing,,2026-06-15,2026-06-15,domain,2026-06-15,2026-06,0.0,False,False,False,TheGentlemen
koozzmminu,Kozminski University,kozminski.edu.pl,pl,2026-06-15 08:46,2026-06-15,2026-06,239,2026-06-25 07:46,,,False,False,False,False,False,"kozminski.edu.pl zoominfo.com/c/kozminski-university/372606592 Kozminski University, located in Warsaw, is Poland's premier private business school and a globally recognized academic institution holding the prestigious ""Triple Crown"" accreditation. Consistently ranked among the top European business schools by the Financial Times, it specializes in management, finance, and law. The university is dedicated to shaping future business leaders through innovative, research-driven education and strong international partnership",PL,Education,,2026-06-15,2026-06-15,domain,2026-06-15,2026-06,0.0,False,False,False,TheGentlemen
coconpirfr,Constructions Piraino,piraino.fr,fr,2026-06-15 08:45,2026-06-15,2026-06,239,2026-06-25 07:45,,,False,False,False,False,False,"piraino.fr zoominfo.com/c/constructions-piraino/459764727 Constructions Piraino is a premier custom home builder based in Wasquehal, proudly serving the Nord and Pas-de-Calais regions of France. Specializing in the design and construction of individual residential homes, they are driven by a passion for turning their clients' architectural dreams into reality. With a dedicated team of professionals, the company delivers high-quality, tailored housing solutions that perfectly blend modern comfort with personalized design across the Hauts-de-France area",FR,Manufacturing,,2026-06-15,2026-06-15,domain,2026-06-15,2026-06,0.0,False,False,False,TheGentlemen
fecococvi,Fecovita,fecovita.com,com,2026-06-15 08:44,2026-06-15,2026-06,239,2026-06-25 07:44,,,False,False,False,False,False,"fecovita.com zoominfo.com/c/fecovita/369346602 Fecovita (Argentine Federation of Wine Cooperatives) is the largest wine cooperative in the Americas and one of Argentina's most prominent viticultural groups. Uniting over 5,000 small grape growers across 29 local cooperatives in Mendoza, they sustainably cultivate approximately 25,000 hectares of premium vineyards. Driven by a mission to empower local producers, the federation masterfully blends traditional winemaking with modern innovation, exporting high-quality wines and grape products to more than 40 countries worldwide",AR,Agriculture and Food Production,,2026-06-15,2026-06-15,domain,2026-06-15,2026-06,0.0,False,False,False,TheGentlemen
truaubllb,Traublinger,traublinger.de,de,2026-06-15 08:42,2026-06-15,2026-06,239,2026-06-25 07:42,,,False,False,False,False,False,"traublinger.de Backerei Traublinger is a traditional, family-owned German bakery and confectionery company founded in 1912, headquartered near Munich in Bavaria.With over a century of heritage and around 165 employees, they expertly blend time-honored artisanal baking craftsmanship with modern culinary innovation.The company produces and distributes a wide variety of premium breads, pastries, cakes, and snacks through its extensive network of local retail branches across the region",DE,Manufacturing,,2026-06-15,2026-06-15,domain,2026-06-15,2026-06,0.0,False,False,False,TheGentlemen
timemsss,Times Software,timesoftsg.com.sg,sg,2026-06-15 08:40,2026-06-15,2026-06,239,2026-06-25 07:40,,,False,False,False,False,False,"timesoftsg.com.sg zoominfo.com/c/times-software-pte-ltd/432254282 Times Software Pte Ltd is a trusted Singaporean IT company founded in 1998, specializing in comprehensive Human Resource and Payroll management solutions.They provide businesses with robust software that seamlessly automates timesheets, leave management, and claims while ensuring strict compliance with local CPF, IRAS, and MOM regulations.With a strong focus on boosting corporate productivity, they help organizations simplify complex HR workflows and significantly reduce manual administrative work",SG,Technology,,2026-06-15,2026-06-15,domain,2026-06-15,2026-06,0.0,False,False,False,TheGentlemen
natitodenndd,National Museum,natmus.dk,dk,2026-06-15 08:38,2026-06-15,2026-06,239,2026-06-25 07:38,,,False,False,False,False,False,"natmus.dk zoominfo.com/c/national-museum/372526094 The National Museum of Denmark, located in the heart of Copenhagen, is the country's premier institution for cultural history, spanning from the Stone Age to the present day. It houses world-renowned archaeological treasures—including Viking hoards, the ancient Sun Chariot, and the Egtved Girl—alongside extensive global ethnographic collections. The museum is dedicated to exploring and sharing Denmark's rich heritage and global human history through engaging, research-driven exhibitions",DK,Government & Defense,,2026-06-15,2026-06-15,domain,2026-06-15,2026-06,0.0,False,False,False,TheGentlemen
buurururtt,Buratti,buratti.it,it,2026-06-15 08:36,2026-06-15,2026-06,239,2026-06-25 07:36,,,False,False,False,False,False,"buratti.it zoominfo.com/c/buratti-store/533160142 Buratti is a historic, third-generation Italian family business based in Bolzano, renowned for its premium footwear boutiques. They offer a vast selection of elegant, casual, and mountain shoes for men, women, and children from top Italian brands. Additionally, they specialize in professional safety footwear and work accessories for the agricultural and industrial sectors, ensuring maximum protection for workers",IT,Manufacturing,,2026-06-15,2026-06-15,domain,2026-06-15,2026-06,0.0,False,False,False,TheGentlemen
ssigigimgmggg,SigmaControl,sigmacontrol.eu,eu,2026-06-15 08:34,2026-06-15,2026-06,239,2026-06-25 07:34,,,False,False,False,False,False,"sigmacontrol.eu zoominfo.com/c/sigmacontrol-bv/446626536 SigmaControl B.V. is a premier Dutch industrial automation specialist and the exclusive Benelux distributor for the Austrian automation brand SIGMATEK. Based in Barendrecht, they deliver fully integrated machine control systems, robotics, SCADA software, and expert technical support tailored specifically for machine builders. Their core mission is to optimize manufacturing processes by providing innovative, high-quality hardware and software solutions for complex motion-oriented applications",NL,Technology,,2026-06-15,2026-06-15,domain,2026-06-15,2026-06,0.0,False,False,False,TheGentlemen
esxeccu,Executive Coach,executivecoach.net,net,2026-06-15 08:02,2026-06-15,2026-06,239,2026-06-25 07:02,,,False,False,False,False,False,"executivecoach.net zoominfo.com/c/executive-coach-inc/32002101 Executive Coach Inc. is a premier group transportation and luxury motorcoach charter company based in Lancaster, Pennsylvania, proudly serving clients since 1979. Despite its corporate-sounding name, the company does not offer leadership training; instead, it specializes in comfortable charter bus rentals, airport transfers, and customized group tours. They provide reliable, high-end travel solutions across Pennsylvania, Maryland, and beyond, seamlessly accommodating groups of all sizes with a modern and well-maintained fleet",US,Professional Services,,2026-06-15,2026-06-15,domain,2026-06-15,2026-06,0.0,False,False,False,TheGentlemen
centemedccorr,Centre Medical Crowley,crowleymd.ca,ca,2026-06-15 08:00,2026-06-15,2026-06,239,2026-06-25 07:00,,,False,False,False,False,False,"crowleymd.ca zoominfo.com/c/centre-médical-crowley/1340359581 Crowley Medical Centre is a premier healthcare facility in Montreal, located just steps away from the McGill University Health Centre (MUHC). They provide comprehensive, specialized medical care across diverse fields, including family medicine, obstetrics, ophthalmology, and rheumatology, alongside advanced medical aesthetics. Their core mission is to deliver exceptional, patient-centered treatments using state-of-the-art technology within a welcoming and highly professional environment",CA,Healthcare,,2026-06-15,2026-06-15,domain,2026-06-15,2026-06,0.0,False,False,False,TheGentlemen
pammllerrr,Palmer Sicard,palmerandsicard.com,com,2026-06-15 07:57,2026-06-15,2026-06,239,2026-06-25 06:57,,,False,False,False,False,False,"palmerandsicard.com zoominfo.com/c/palmer--sicard-inc/43926372 Palmer & Sicard is a premier, 100% employee-owned mechanical contractor established in 1954 and headquartered in Exeter, New Hampshire. For over 70 years, they have proudly served Northern New England, specializing in comprehensive HVAC systems, commercial plumbing, and custom sheet metal fabrication. Driven by a commitment to excellence, this trusted team delivers dependable, top-tier mechanical solutions from initial project conception through final installation and ongoing service",,Professional Services,,2026-06-15,2026-06-15,domain,2026-06-15,2026-06,0.0,False,False,True,TheGentlemen
miinnsssd,Ministarstvo zdravstva Republike Hrvatske,zdravlje.gov.hr,hr,2026-06-15 07:47,2026-06-15,2026-06,239,2026-06-25 06:47,,,False,False,False,False,False,"zdravlje.gov.hr zoominfo.com/c/ministarstvo-zdravstva-republike-hrvatske/1339932847 The Ministry of Health of the Republic of Croatia is the central government authority responsible for shaping national health policies, regulating medical standards, and managing the public healthcare system. Through its official portal, it provides citizens with crucial public health guidelines, legislative updates, and secure access to modern digital e-Health services. Their primary mission is to protect population well-being, ensure equitable access to high-quality medical care, and continuously modernize the national health infrastructure",HR,Government & Defense,,2026-06-15,2026-06-15,domain,2026-06-15,2026-06,0.0,False,False,False,TheGentlemen
callipaf,Calipage Humblet,humblet.calipage.be,be,2026-06-15 07:45,2026-06-15,2026-06,239,2026-06-25 06:45,,,False,False,False,False,False,"humblet.calipage.be Papeterie Humblet is a historic Belgian family business founded in 1910 that specializes in comprehensive office and school supplies. Beyond retail, the company provides professional printing and copy services to its local customers. Operating primarily in the Herstal and Blegny regions, they serve as a dedicated partner within the Calipage Benelux network",BE,Not Found,,2026-06-15,2026-06-15,domain,2026-06-15,2026-06,0.0,False,False,True,TheGentlemen
mahakkjjar,Mahajak Development,mahajak.com,com,2026-06-15 07:41,2026-06-15,2026-06,239,2026-06-25 06:41,,,False,False,False,False,False,"mahajak.com zoominfo.com/c/mahajak-development-co-ltd/346627274 Mahajak Development Co., Ltd. is a leading Thai technology provider established in 1971, headquartered in Bangkok. Evolving from an automotive air-conditioning distributor, they are now a premier supplier of Mitsubishi Heavy Duty climate systems, smart home automation, and professional audio-visual solutions. The company delivers comprehensive consulting, design, and installation services for commercial projects and government facilities across Thailand",TH,Other,,2026-06-15,2026-06-15,domain,2026-06-15,2026-06,0.0,False,False,False,TheGentlemen
sotuuthte,South Texas Spinal Clinic,spinaldoc.com,com,2026-06-15 07:40,2026-06-15,2026-06,239,2026-06-25 06:40,,,False,False,False,False,False,"spinaldoc.com zoominfo.com/c/south-texas-spinal-clinic-pa/57099280 South Texas Spinal Clinic has been a trusted regional leader in orthopedic care since 1986, specializing in comprehensive spine, bone, and joint treatments across San Antonio and South Texas. Their team of board-certified specialists focuses on delivering exceptional, patient-centered care ranging from advanced pain management to targeted bone health therapies. They are dedicated to improving mobility and quality of life through expert prevention, education, and innovative medical solutions",US,Healthcare,,2026-06-15,2026-06-15,domain,2026-06-15,2026-06,0.0,False,False,False,TheGentlemen
enndcisdf,Enciso Ltda,encisoltda.com,com,2026-06-15 07:38,2026-06-15,2026-06,239,2026-06-25 06:38,,,False,False,False,False,False,"encisoltda.com zoominfo.com/c/enciso-ltda/425799840 Enciso Ltda is a trusted Colombian company founded in 1999, specializing in the distribution of industrial safety equipment, medical supplies, and road signaling. Operating from Dosquebradas with four regional branches, they proudly serve over 5,000 clients nationwide. Their core mission is safeguarding workers' health and lives through premium protective equipment and reliable safety solutions",CL,Professional Services,,2026-06-15,2026-06-15,domain,2026-06-15,2026-06,0.0,False,False,False,TheGentlemen
allwlleeeee,Allensbach Volunteer,feuerwehr-allensbach.de,de,2026-06-10 17:11,2026-06-10,2026-06,239,2026-06-20 16:11,,,False,False,False,False,False,"feuerwehr-allensbach.de The Allensbach Volunteer Fire Brigade is the local fire service responsible for fire suppression, technical rescue, and emergency response in the municipality of Allensbach, on Lake Constance. It is staffed by trained volunteers committed to continuous training and rapid deployment. The brigade also runs an active youth wing and public fire-safety education programmes",DE,Government & Defense,,2026-06-11,2026-06-10,domain,2026-06-10,2026-06,1.0,False,False,False,TheGentlemen
jjajapapa,Tokabei Japan,,,2026-06-10 17:09,2026-06-10,2026-06,239,2026-06-20 16:09,,,False,False,False,False,False,"Tokabei is a Kyoto-based Japanese brand specialising in handcrafted textiles such as tenugui, furoshiki, and scarves. Their products are dyed using traditional aizome (indigo) techniques with natural indigo and historical patterns. The company is dedicated to preserving centuries-old craftsmanship while blending it with contemporary design",JP,Retail & E-Commerce,,2026-06-11,2026-06-10,name,2026-06-10,2026-06,1.0,False,False,False,TheGentlemen
dasdfefeffe,Silmquinas e Equipamentos,silmaquinas.com.br,br,2026-06-10 17:00,2026-06-10,2026-06,239,2026-06-20 16:00,,,False,False,False,False,False,"silmaquinas.com.br zoominfo.com/c/silmquinas-e-equipamentos-ltda/425694871 Sil Maquinas is a Brazilian company specialising in the sale, rental, and servicing of construction, road-building, and agricultural machinery. Its product line includes rollers, pavers, excavators, and tractors from leading global brands. The company also supplies genuine parts and provides comprehensive after-sales support",BR,Manufacturing,,2026-06-11,2026-06-10,domain,2026-06-10,2026-06,1.0,False,False,False,TheGentlemen
seeccnenec,Scenic Hudson,scenichudson.org,org,2026-06-10 16:59,2026-06-10,2026-06,239,2026-06-20 15:59,,,False,False,False,False,False,"scenichudson.org zoominfo.com/c/scenic-hudson-inc/61506079 Scenic Hudson is a U.S. nonprofit environmental organization founded in 1963 to protect the Hudson River Valley’s natural beauty. It preserves scenic landscapes, creates public parks, and fights industrial pollution. Today, Scenic Hudson also champions clean energy, climate resilience, and environmental justice throughout the region",US,Government & Defense,,2026-06-11,2026-06-10,domain,2026-06-10,2026-06,1.0,False,False,False,TheGentlemen
uitirrrrr,UiTM Holdings,uitmholdings.com,com,2026-06-10 16:57,2026-06-10,2026-06,239,2026-06-20 15:57,,,False,False,False,False,False,"uitmholdings.com zoominfo.com/c/ui-holdings-sdn-bhd/390203835 UiTM Holdings is the investment holding arm of Universiti Teknologi MARA (UiTM), Malaysia’s largest university. It commercialises the university’s assets and expertise across property, healthcare, education, and technology. Its primary mission is to generate sustainable revenue to support UiTM’s academic and research programmes",MY,Education,,2026-06-11,2026-06-10,domain,2026-06-10,2026-06,1.0,False,False,False,TheGentlemen
wccmcmmrre,WCM Remedium,wcm-remedium.pl,pl,2026-06-08 09:05,2026-06-08,2026-06,239,2026-06-18 08:05,,,False,False,False,False,False,"wcm-remedium.pl WCM Remedium (Wielkopolskie Centra Medyczne Remedium) is a private healthcare provider based in Poznań and Śrem, Poland, offering comprehensive medical services to both public insurance (NFZ) and private patients.",PL,Healthcare,,2026-06-08,2026-06-08,domain,2026-06-08,2026-06,0.0,False,False,False,TheGentlemen
yuayuutasdt,Yao Yuan Technology,ssat168.com.tw,tw,2026-06-08 08:55,2026-06-08,2026-06,239,2026-06-18 07:55,,,False,False,False,False,False,"ssat168.com.tw Yao Yuan Technology Co., Ltd. is a Taiwanese enterprise specializing in computer peripheral products, electronic components, and raw materials for the plastics and rubber industries. The company focuses on providing specialized plastic parts coating and comprehensive material solutions to support diverse manufacturing and technology sectors. Operating as a dedicated B2B supplier, they deliver reliable sourcing and distribution services tailored to the precise needs of industrial and electronic production",TW,Technology,,2026-06-08,2026-06-08,domain,2026-06-08,2026-06,0.0,False,False,False,TheGentlemen
tidfititjtt,Integrated Distribution,int-dist.com,com,2026-06-08 08:46,2026-06-08,2026-06,239,2026-06-18 07:46,,,False,False,False,False,False,"int-dist.com zoominfo.com/c/integrated-distribution-inc/348479499 ntegrated Distribution Inc. is a prominent industrial distributor based in Comstock Park, Michigan, serving local manufacturers since 1998. The company specializes in fast-response sourcing, technical support, and the supply of critical components such as bearings, belts, motors, and power transmission parts. With a strong focus on minimizing equipment downtime, IDI provides tailored industrial solutions for diverse sectors, including automotive, food processing, and packaging",GB,Transportation,,2026-06-08,2026-06-08,domain,2026-06-08,2026-06,0.0,False,False,False,TheGentlemen
clclcicicf,The Clinic,wfsportscare.com,com,2026-06-08 08:43,2026-06-08,2026-06,239,2026-06-18 07:43,,,False,False,False,False,False,"wfsportscare.com zoominfo.com/c/the-clinic/537916104 The Clinic: Family and Sports Chiropractic is a specialized healthcare facility located in West Fargo, North Dakota, dedicated to providing patient-focused chiropractic care",GB,Healthcare,,2026-06-08,2026-06-08,domain,2026-06-08,2026-06,0.0,False,False,False,TheGentlemen
triggo,Trigon America,trigonamerica.com,com,2026-06-08 08:39,2026-06-08,2026-06,239,2026-06-18 07:39,,,False,False,False,False,False,"trigonamerica.com zoominfo.com/c/trigon-america/560898982 Trigon America is a premier contract manufacturer based in Aurora, Illinois, specializing in precision-machined complex components and assemblies. Founded in 2000, the company serves the highly regulated Medical Device and Aerospace industries, holding both ISO 13485 and AS9100 certifications. With decades of expertise, they focus on delivering world-class manufacturing solutions for intricate instrumentation and critical medical equipment",US,Energy & Utilities,,2026-06-08,2026-06-08,domain,2026-06-08,2026-06,0.0,False,False,False,TheGentlemen
jyjyyhh,Jyharn Electronic,jyharn.com,com,2026-06-08 08:36,2026-06-08,2026-06,239,2026-06-18 07:36,,,False,False,False,False,False,"jyharn.com zoominfo.com/c/jyharn-electronic-tech-co-ltd/370944477 Jyharn Electronic Tech. Co., Ltd. is a professional electronic components distributor founded in 1992, headquartered in Taiwan with branch operations in Shenzhen. The company specializes in supplying a wide range of semiconductor and optoelectronic parts, representing major industry brands such as LITEON, FITIPOWER, UTC, and Lattice. With decades of experience, Jyharn delivers comprehensive component solutions, including power management ICs, LEDs, and diodes, to support global manufacturing and technology clients",TW,Manufacturing,,2026-06-08,2026-06-08,domain,2026-06-08,2026-06,0.0,False,False,False,TheGentlemen
emempt,Empty,empty.es,es,2026-06-08 08:34,2026-06-08,2026-06,239,2026-06-18 07:34,,,False,False,False,False,False,"empty.es zoominfo.com/c/empty/439336503 Empty is a prominent Spanish construction and architecture firm headquartered in Madrid, specializing in the execution of complex architectural, museum, and exhibition projects. With a team of over 50 professionals and offices in Madrid, Barcelona, and Paris, the company excels in mobilizing technical resources to deliver high-profile builds, such as the Spanish Pavilion at Expo Dubai 2020 and BBVA’s ""La Vela"" headquarters. Founded with the vision of redefining the construction industry, Empty acts as a comprehensive partner for drafting and executing large-scale, sophisticated structures",ES,Not Found,,2026-06-08,2026-06-08,domain,2026-06-08,2026-06,0.0,False,False,True,TheGentlemen
cerrervv,Institucion Cervantes,cervantes.edu.ar,ar,2026-06-08 08:32,2026-06-08,2026-06,239,2026-06-18 07:32,,,False,False,False,False,False,"cervantes.edu.ar zoominfo.com/c/institución-cervantes/372383480 nstitucion Cervantes is a private higher education institution based in Córdoba, Argentina, with over 60 years of history and more than 3,000 students. The school specializes in short-term, future-oriented careers ranging from one to three years, focusing on practical fields like Business Administration, Data Science, IT, and Law. It is highly recognized in the region for its strong commitment to student development and rapid professional integration into the job market",AR,Education,,2026-06-08,2026-06-08,domain,2026-06-08,2026-06,0.0,False,False,False,TheGentlemen
rttrre,Tress,tress.com,com,2026-06-08 08:29,2026-06-08,2026-06,239,2026-06-18 07:29,,,False,False,False,False,False,"tress.com zoominfo.com/c/tress-as/430422624 Tress is a leading Scandinavian supplier of sports, play, and leisure equipment, headquartered in Denmark and operating across the Nordic countries. The company specializes in providing high-quality gear and playground solutions for schools, kindergartens, and sports clubs. With decades of industry experience, Tress focuses on creating active and inclusive environments for children and athletes through its comprehensive product range",US,Technology,,2026-06-08,2026-06-08,domain,2026-06-08,2026-06,0.0,False,False,False,TheGentlemen
metnte,Metroply,metroply.com,com,2026-06-08 08:27,2026-06-08,2026-06,239,2026-06-18 07:27,,,False,False,False,False,False,"metroply.com zoominfo.com/c/metroply/353622883 Metroply is one of the largest wood-based panel manufacturers in Thailand and Southeast Asia, boasting over 70 years of industry experience. The company specializes in producing a comprehensive range of engineered wood products, including particle board, MDF, plywood, hardboard, and doors. Utilizing reliable automated technology, Metroply is recognized as a regional leader in delivering world-class quality wood substitutes and building materials",,Not Found,,2026-06-08,2026-06-08,domain,2026-06-08,2026-06,0.0,False,False,True,TheGentlemen
ipprpp,IP Rings,iprings.com,com,2026-06-08 08:24,2026-06-08,2026-06,239,2026-06-18 07:24,,,False,False,False,False,False,"iprings.com zoominfo.com/c/ip-rings-ltd/62719470 IP Rings Ltd is an India-based automotive component manufacturer and a member of the Amalgamations Group, founded in 1991. The company specializes in producing piston rings, high-precision forgings, and crank pins using advanced orbital cold forming technology. It is a publicly traded corporation with over 500 employees, serving global clients with cutting-edge surface treatments and high-quality parts",IE,Technology,,2026-06-08,2026-06-08,domain,2026-06-08,2026-06,0.0,False,False,False,TheGentlemen
michigansurge,Michigan Surgical Center,www.michigansurgicalcenter.com,com,2026-06-03 21:47,2026-06-03,2026-06,180,2026-06-11 09:47,,,False,False,False,False,False,"www.michigansurgicalcenter.com https://www.zoominfo.com/c/michigan-surgical-center-llc/90769926 Michigan Surgical Center is an outpatient surgical facility specializing in ophthalmic and plastic surgeries, with over 25 years of experience. The center is physician-owned and has received multiple awards for quality care, including recognition as one of America's Best Ambulatory Surgical Centers by Newsweek. Their mission focuses on providing high-quality, patient-centered care with an emphasis on value-based services. They aim to lead in outpatient surgical care through innovative methodologies and a commitment to integrity and respect. 2075 Coolidge Rd, East Lansing, Michigan",US,Healthcare,,2026-06-04,2026-06-03,domain,2026-06-03,2026-06,1.0,False,False,False,TheGentlemen
thjhetosahgtsi,Thoresen Thai Agencies,thoresen.com,com,2026-06-03 15:09,2026-06-03,2026-06,239,2026-06-13 14:09,,,False,False,False,False,False,"thoresen.com zoominfo.com/c/thoresen-thai-agencies-plc/56951398 Thoresen is a strategic investment holding company listed on the Stock Exchange of Thailand, with a maritime heritage dating back to 1904. Its core business, Thoresen Shipping, operates a modern fleet of dry bulk carriers transporting commodities like ore, coal, grain, and steel across global trade routes. The group serves major industrial clients in mining, agriculture, and energy sectors, combining owned and chartered vessels to deliver flexible, reliable logistics solutions",TH,Transportation,,2026-06-04,2026-06-03,domain,2026-06-03,2026-06,1.0,False,False,False,TheGentlemen
kunnallsss,Kunal Enterprises,kunalenterprise.com,com,2026-06-03 15:00,2026-06-03,2026-06,239,2026-06-13 14:00,,,False,False,False,False,False,"kunalenterprise.com Kunal Enterprises is not a single global corporation, but rather a popular name shared by several independent industrial and manufacturing companies across India. Depending on the region, businesses operating under this brand specialize in diverse sectors such as paper packaging, industrial weighing systems, engineering, and chemical manufacturing. Notable examples include a prominent screen-printing solution provider established in 2001 and a major paper industry supplier founded in 1992. These firms primarily serve the B2B market, delivering specialized equipment, infrastructure, and manufacturing services to their clients",IN,Not Found,,2026-06-04,2026-06-03,domain,2026-06-03,2026-06,1.0,False,False,True,TheGentlemen
grergacergg,3E Accounting,3ecpa.com.sg,sg,2026-06-03 14:57,2026-06-03,2026-06,239,2026-06-13 13:57,,,False,False,False,False,False,"3ecpa.com.sg zoominfo.com/c/3e-accounting-pte-ltd/431955167 3E Accounting is a premier corporate services provider in Singapore, offering a comprehensive one-stop solution for business setup and management. The award-winning firm specializes in seamless online company registration, corporate secretarial work, accounting, and taxation. Through its fast and secure digital approach, the agency successfully helps both local and international entrepreneurs establish and grow their ventures",SG,Professional Services,,2026-06-04,2026-06-03,domain,2026-06-03,2026-06,1.0,False,False,False,TheGentlemen
gggdggsdddg,Liztex Guatemala,liztex.com,com,2026-06-03 14:54,2026-06-03,2026-06,239,2026-06-13 13:54,,398.0,False,False,False,False,False,liztex.com Liztex is a leading Guatemalan textile manufacturer with over 50 years of experience in producing fabrics. We want to inform you that our group managed to breach and encrypt Liztex network. 398GB leaked from there as a result of this breach. What kind of data leaked: - SAP data - contacts - contracts - planning - logistics - projects data - personal data - employee data - medical data - partners data - customers data - financial data - correspondence - production data - quality control data - offers and proposals - subsidiary data - other sensitive business data,GT,Manufacturing,,2026-06-04,2026-06-03,domain,2026-06-03,2026-06,1.0,False,False,False,TheGentlemen
dasdttttt,TeLoh,te-loh.de,de,2026-06-03 14:49,2026-06-03,2026-06,239,2026-06-13 13:49,,,False,False,False,False,False,"te-loh.de rocketreach.co/te-loh-michael-korn-gmbh-profile_b7c5fa01c183a43f TE-LOH Germany GmbH is an established Electronics Manufacturing Services provider located in Norderstedt, Germany. With over 30 years of industry experience, the company specializes in circuit board assembly, cable harness production, and complete electronic device manufacturing. They offer comprehensive, tailor-made solutions from a single source, focusing primarily on high-quality small to medium production series",DE,Technology,,2026-06-04,2026-06-03,domain,2026-06-03,2026-06,1.0,False,False,False,TheGentlemen
soojja,Soja de Portugal,sojadeportugal.pt,pt,2026-06-03 14:43,2026-06-03,2026-06,239,2026-06-13 13:43,,491.0,False,False,False,False,False,"sojadeportugal.pt zoominfo.com/c/soja-de-portugal/458493209 491GB leaked from there as a result of this breach. What kind of data leaked: - SAP data - contacts - contracts - planning - logistics - projects data - personal data - employee data - partners data - customers data - financial data - correspondence - production data - quality control data - offers and proposals - data related to Sorgal, Avicasal, Savinor and other brands - other sensitive business data Instead of negotiations, threats were made and the leaked data was not even reported to anyone here is the text they wrote https://write.as/82ak8bffqy42t.md",PT,Agriculture and Food Production,,2026-06-04,2026-06-03,name,2026-06-03,2026-06,1.0,False,False,False,TheGentlemen
dowojf,Downriver Medical Associates,downrivermedicalassociates.com,com,2026-06-03 14:42,2026-06-03,2026-06,239,2026-06-13 13:42,,,False,False,False,False,False,"downrivermedicalassociates.com zoominfo.com/c/downriver-medical-associates/357511215 Downriver Medical Associates is a full-service medical office and urgent care center located in Wyandotte, Michigan. Specializing in internal medicine and family practice, they provide comprehensive primary care for patients of all ages. The clinic focuses on holistic healthcare, emphasizing wellness, disease prevention, and improving the overall quality of life for the local community",US,Healthcare,,2026-06-04,2026-06-03,domain,2026-06-03,2026-06,1.0,False,False,False,TheGentlemen
subbbrrr,Suburban Water,suburbanwaterinc.com,com,2026-06-01 08:17,2026-06-01,2026-06,239,2026-06-11 07:17,,,False,False,False,False,False,"suburbanwaterinc.com zoominfo.com/c/suburban-water-inc/350908787 Suburban Water, Inc. is a dedicated public water utility based in Basehor, Kansas, committed to delivering safe and reliable drinking water to local residential and commercial communities. Operating as a vital part of the regional infrastructure, the company prioritizes strict water quality standards, sustainable resource management, and exceptional customer service. Through continuous system maintenance and proactive operations, they ensure the long-term health, safety, and well-being of the neighborhoods they proudly serve",US,Energy & Utilities,,2026-06-04,2026-06-01,domain,2026-06-01,2026-06,3.0,False,False,False,TheGentlemen
sonnvivia,Soniva Dental,sonivadental.com,com,2026-06-01 08:03,2026-06-01,2026-06,239,2026-06-11 07:03,,,False,False,False,False,False,"sonivadental.com rocketreach.co/soniva-dental-care-profile_b73bd863c7ef0f15 Soniva Dental is a premier Texas-based dental clinic recognized for setting a benchmark in excellence and comprehensive oral healthcare. With over 15 years of trusted experience, the practice integrates 13 branches of dentistry under one roof, supported by state-of-the-art equipment and a world-class CAD-CAM dental laboratory. From routine check-ups to advanced dental implants, their dedicated team is committed to delivering high-quality, patient-focused care that creates healthier, beautiful smiles",PK,Healthcare,,2026-06-04,2026-06-01,domain,2026-06-01,2026-06,3.0,False,False,False,TheGentlemen
mattioa,National Industries,nationalindustries.in,in,2026-06-01 08:01,2026-06-01,2026-06,239,2026-06-11 07:01,,,False,False,False,False,False,"nationalindustries.in zoominfo.com/c/national-industries/453107978 Established in 1976 in Ludhiana, National Industries is a premier automotive manufacturing enterprise and a core part of the esteemed Metalman Group. Specializing in precision-engineered components, the company supplies high-quality parts to top-tier two-wheeler brands, combining decades of expertise with modern manufacturing excellence. With a strong foundation in engineering innovation and award-winning workplace practices, National Industries continues to drive reliability and technological advancement in the automotive sector",IN,Manufacturing,,2026-06-04,2026-06-01,domain,2026-06-01,2026-06,3.0,False,False,False,TheGentlemen
bouruuur,Bouri Group,bouri.net,net,2026-06-01 07:58,2026-06-01,2026-06,239,2026-06-11 06:58,,,False,False,False,False,False,"bouri.net zoominfo.com/c/bouri-group/356964813 Established in 1976, Bouri Group is a prominent Egyptian enterprise specializing in the manufacturing, importing, and retail distribution of premium home essentials and electrical appliances. As a leading provider of energy-efficient household solutions, the company offers an extensive portfolio of trusted international brands across kitchenware, houseware, and personal care. Through its comprehensive retail network and modern digital platforms, Bouri consistently delivers high-quality, durable products designed to equip and enhance everyday living",TN,Other,,2026-06-04,2026-06-01,domain,2026-06-01,2026-06,3.0,False,False,False,TheGentlemen
compptt,Computime Group,computime.com,com,2026-06-01 07:56,2026-06-01,2026-06,239,2026-06-11 06:56,,,False,False,False,False,False,"computime.com zoominfo.com/c/computime-group-ltd/9208093 Computime is a global electronics engineering and manufacturing partner that has been pioneering intelligent control solutions since 1974. Delivering end-to-end services from initial concept to final delivery, the company specializes in designing advanced electronic controls for the appliance, HVAC, smart home, and medical industries. With a strong commitment to innovation, Computime empowers brands worldwide with cutting-edge technology that enables smarter and more sustainable living",HK,Technology,,2026-06-04,2026-06-01,domain,2026-06-01,2026-06,3.0,False,False,False,TheGentlemen
bbrjjss,Brian Jessel BMW,brianjesselbmw.com,com,2026-06-01 07:51,2026-06-01,2026-06,239,2026-06-11 06:51,,,False,False,False,False,False,"brianjesselbmw.com zoominfo.com/c/brian-jessel-bmw/347467232 Established in 1986, Brian Jessel BMW is one of Canada's premier luxury automotive dealerships, proudly located in Vancouver, British Columbia. Recognized as a top-tier retailer for both new and pre-owned vehicles, the company offers an extensive selection of BMW models alongside expert financing and comprehensive service solutions. With a dedicated team of over 200 professionals, they have built a decades-long legacy of delivering exceptional customer experiences and automotive excellence",US,Retail & E-Commerce,,2026-06-04,2026-06-01,domain,2026-06-01,2026-06,3.0,False,False,False,TheGentlemen
fibbrrr,Fibrenoire,fibrenoire.ca,ca,2026-06-01 07:47,2026-06-01,2026-06,239,2026-06-11 06:47,,,False,False,False,False,False,"fibrenoire.ca zoominfo.com/c/fibrenoire-inc/347982087 Fibrenoire is a premier Canadian telecommunications provider specializing exclusively in high-speed, fiber-optic connectivity solutions tailored for business environments. Operating primarily across Quebec and Ontario as part of Videotron Business, they deliver mission-critical services including dedicated internet, private networks, VoIP, and cloud infrastructure. With an avant-garde approach, the company focuses on building robust, scalable, and secure networks that empower enterprises to thrive in a demanding digital landscape",CA,Manufacturing,,2026-06-04,2026-06-01,domain,2026-06-01,2026-06,3.0,False,False,False,TheGentlemen
smsmdis,Smile Siam Printing Service,smile-siam.com,com,2026-06-01 07:45,2026-06-01,2026-06,239,2026-06-11 06:45,,,False,False,False,False,False,"smile-siam.com zoominfo.com/c/smile-siam-printing-service-co-ltd/355813513 Smile Siam Printing Service is a distinguished Bangkok-based printing house founded in 1995, offering comprehensive one-stop solutions in offset, digital, inkjet, and silk screen printing for local and international clients. With ISO-certified production facilities and a dedicated team, they ensure exceptional quality, competitive pricing, and seamless project management from design to delivery. Their integrated logistics and business services further streamline operations, making them a trusted partner for premium printed materials and corporate solutions",TH,Professional Services,,2026-06-04,2026-06-01,domain,2026-06-01,2026-06,3.0,False,False,False,TheGentlemen
appphh,Arabian Procession Holding,aph.com.sa,sa,2026-06-01 07:43,2026-06-01,2026-06,239,2026-06-11 06:43,,,False,False,False,False,False,"aph.com.sa zoominfo.com/c/arabian-procession-holding/483326397 Established in 1989, Arabian Procession Holding (APH) is a prominent family-owned investment firm based in Riyadh, Saudi Arabia, managing a diversified portfolio across the aviation, real estate, contracting, and retail sectors. Over the past three decades, the company has expanded its strategic footprint, notably operating duty-free shops in Saudi international airports through high-profile joint ventures. Driven by a commitment to sustainable growth, APH continues to develop local and global brands, delivering exceptional value to businesses and consumers alike",SA,Professional Services,,2026-06-04,2026-06-01,domain,2026-06-01,2026-06,3.0,False,False,False,TheGentlemen
anddji,Anandji Haridas,ahcpl.com,com,2026-06-01 07:37,2026-06-01,2026-06,239,2026-06-11 06:37,,,False,False,False,False,False,"ahcpl.com zoominfo.com/c/anandji-haridas--co-ltd/354316069 Anandji Haridas & Co. (AHCPL) is a pioneering Indian manufacturer with over seven decades of expertise in cold forming, tool design, and advanced sheet metal fabrication.As a fully certified OEM supplier, they specialize in producing high-precision, cost-effective critical automotive components and spun pulleys through integrated in-house engineering.With a steadfast commitment to world-class quality, AHCPL remains a trusted partner for innovative and reliable sheet metal forming solutions",IN,Manufacturing,,2026-06-04,2026-06-01,domain,2026-06-01,2026-06,3.0,False,False,False,TheGentlemen
mrrocc,M Rocha J Serra Lda,mrjs.pt,pt,2026-06-01 07:35,2026-06-01,2026-06,239,2026-06-11 06:35,,,False,False,False,False,False,"mrjs.pt zoominfo.com/c/m-rocha--j-serra-lda/541302825 M. Rocha & J. Serra (MRJS) is a distinguished Portuguese metalworking enterprise specializing in high-quality fabricated metal products and specialized components for electrical distribution networks. With a strong commitment to production flexibility and consistent quality, they utilize advanced equipment to meet the rigorous demands of the energy and industrial sectors",PT,Professional Services,,2026-06-04,2026-06-01,domain,2026-06-01,2026-06,3.0,False,False,False,TheGentlemen
porork,Corporacion Prokompra,,,2026-05-28 16:32,2026-05-28,2026-05,239,2026-06-07 15:32,,,False,False,False,False,False,"dnb.com/business-directory/company-profiles.corporacion_prokompra_2020_ca.cafb282c8025c52485cccb47942fa6b9.html Corporacion Prokompra 2020, C.A. is a Venezuelan retail company based in Caracas, operating in the department store and general merchandise sector. The company is led by key principal Tsvi Kornbluth Seinfeld and focuses on home products, cosmetics, sporting goods, and novelty items. Registered in the Mercantile Registry of Caracas, it serves local consumers through traditional retail channels. The business combines regional market knowledge with diversified product offerings to meet everyday consumer needs in Venezuela",VE,Professional Services,,2026-05-28,2026-05-28,name,2026-05-28,2026-05,0.0,False,False,False,TheGentlemen
gorooeer,Heartland Growers,heartlandgrowers.com,com,2026-05-28 16:04,2026-05-28,2026-05,239,2026-06-07 15:04,,,False,False,False,False,False,"heartlandgrowers.com zoominfo.com/c/heartland-growers/48466328 Heartland Growers is a family-owned wholesale greenhouse in Westfield, Indiana, operated by the Gapinski family since 1984. They supply spring annuals, holiday plants, and hydroponic produce to garden centers, florists, and retailers across the Midwest. Their 30-acre modern facility features advanced automation and a skilled workforce of up to 175 employees. Committed to innovation and quality, they combine decades of expertise with sustainable growing practices",US,Agriculture and Food Production,,2026-05-28,2026-05-28,domain,2026-05-28,2026-05,0.0,False,False,False,TheGentlemen
ffrfrffrrfrfr,Fonderia Corra,fonderiacorra.com,com,2026-05-28 16:02,2026-05-28,2026-05,239,2026-06-07 15:02,,,False,False,False,False,False,"fonderiacorra.com zoominfo.com/c/fonderia-corrà/371359796 Fonderia Corra is an Italian foundry founded in 1946, specializing in high-precision cast iron components for industrial sectors like railway, energy, and machinery. With over 70 years of expertise, they offer in-house services from design optimization to final finishing, ensuring quality, waste reduction, and ISO 9001 certification. The company operates two plants in Thiene and Montebelluna, producing lamellar and spheroidal graphite cast iron using advanced automation and skilled professionals. Family-led since its founding, Fonderia Corra combines tradition, innovation, and passion to shape metal into core elements for demanding global industries",IT,Manufacturing,,2026-05-28,2026-05-28,domain,2026-05-28,2026-05,0.0,False,False,False,TheGentlemen
gruppp,Grupo Premier,grupopremier.com.mx,mx,2026-05-28 15:59,2026-05-28,2026-05,239,2026-06-07 14:59,,,False,False,False,False,False,"grupopremier.com.mx zoominfo.com/c/grupo-premier/439704898 Grupo Premier is a leading Mexican company with 50+ years in importing, processing, and distributing nuts and dried fruits. They offer wholesale, retail, and industrial solutions with ISO 22000 certification and advanced quality control systems. The company operates nationwide distribution routes and serves as exclusive distributor for brands like Ocean Spray in Mexico. Headquartered in Mexico, they combine tradition, technology, and trust to deliver premium agricultural products across the country",MX,Retail & E-Commerce,,2026-05-28,2026-05-28,domain,2026-05-28,2026-05,0.0,False,False,False,TheGentlemen
ththchtch,Techmar,techmar.com,com,2026-05-26 16:31,2026-05-26,2026-05,239,2026-06-05 15:31,,,False,False,False,False,False,"techmar.com https://www.zoominfo.com/c/techmar-inc/37699777 is a Dutch company specializing in 12 Volt outdoor lighting solutions since 2002. Headquartered in Hengelo, Netherlands, it designs, produces, and supplies lighting fixtures globally.Products serve gardens, landscapes, and commercial applications with a focus on quality and innovation.The brand emphasizes in-house development, sustainability, and reliable low-voltage technology",GB,Technology,,2026-05-28,2026-05-26,domain,2026-05-26,2026-05,2.0,False,False,False,TheGentlemen
autotomatitt,Mayelia Automotive,mayelia.com,com,2026-05-26 14:54,2026-05-26,2026-05,239,2026-06-05 13:54,,,False,False,False,False,False,"mayelia.com zoominfo.com/c/mayelia-automotive/480899337 is an Ivorian automotive company specializing in vehicle technical inspections.Founded in 2019, it operates under Mayelia Participations holding across multiple African sectors.Services include technical checks, stickers, and corporate solutions for drivers and businesses.The company emphasizes customer service, modern equipment, and road safety education",MX,Manufacturing,,2026-05-28,2026-05-26,domain,2026-05-26,2026-05,2.0,False,False,False,TheGentlemen
openndmd,Openmind Networks,openmindnetworks.com,com,2026-05-24 04:05,2026-05-24,2026-05,239,2026-06-03 03:05,,,False,False,False,False,False,"openmindnetworks.com zoominfo.com/c/openmind-networks-ltd/351059313 Dublin-based independent technology firm with 20+ years of expertise in mobile messaging infrastructure. Delivers advanced software solutions for telecom operators: intelligent message routing, AI-powered fraud prevention, and RCS business messaging platforms for the 5G era. Processes over 1.5 billion messages daily for a global clientele of leading mobile carriers and wholesale aggregators, with annual revenue of approximately $20.1 million",,Technology,,2026-05-24,2026-05-24,domain,2026-05-24,2026-05,0.0,False,False,True,TheGentlemen
kkkoagl,Koa Glass,koaglass.co.jp,jp,2026-05-24 04:01,2026-05-24,2026-05,239,2026-06-03 03:01,,,False,False,False,False,False,"koaglass.co.jp zoominfo.com/c/koa-glass-co-ltd/347978270 prestigious Japanese glass packaging manufacturer established in 1943 and headquartered in Tokyo. Specializes in high-end glass containers for cosmetics, fragrance, and pharmaceuticals, delivering end-to-end solutions: design, production, decoration, and innovative antibacterial ""Million Guard"" technology. With 500+ employees and facilities across Japan and China, Koa Glass serves global luxury brands including Chanel, Shiseido, L'Oreal, and Estee Lauder",JP,Manufacturing,,2026-05-24,2026-05-24,domain,2026-05-24,2026-05,0.0,False,False,False,TheGentlemen
trranss,TRANSSYSTEM Group,transsystem.pl,pl,2026-05-24 03:57,2026-05-24,2026-05,239,2026-06-03 02:57,,,False,False,False,False,False,"transsystem.pl Polish engineering powerhouse with 30+ years of expertise in designing and manufacturing advanced technological transport systems and steel structures. Delivers turnkey intralogistics solutions for automotive, tire, and industrial sectors, with 200+ successful projects across 30+ countries worldwide. Trusted by global leaders including Tesla, Goodyear, Michelin, Continental, and KUKA for innovation, precision, and operational excellence",PL,Transportation,,2026-05-24,2026-05-24,domain,2026-05-24,2026-05,0.0,False,False,False,TheGentlemen
caakkta,Caka Grup Lojistik,cakagrup.com,com,2026-05-24 03:55,2026-05-24,2026-05,239,2026-06-03 02:55,,,False,False,False,False,False,"cakagrup.com Turkish logistics provider delivering end-to-end solutions for domestic and international freight operations. Core services include warehousing, customs clearance, import-export facilitation, plus specialized trade in glass mosaic and packaging materials. Built on principles of speed, quality, and cost-efficiency, the company advances as a sector pioneer through expert teamwork and unwavering commitment to customer satisfaction.",TR,Transportation,,2026-05-24,2026-05-24,domain,2026-05-24,2026-05,0.0,False,False,False,TheGentlemen
dedlesdlet,Sanatorio Delta,sanatoriodelta.com,com,2026-05-24 03:46,2026-05-24,2026-05,239,2026-06-03 02:46,,,False,False,False,False,False,"sanatoriodelta.com zoominfo.com/c/sanatorio-delta/533085034 private healthcare institution in Rosario, Argentina, with over 40 years of medical excellence and patient-centered care. Delivers comprehensive services across 50+ specialties through 10 modern facilities, including cardiology, trauma care, and advanced diagnostics. A dedicated team of 250+ professionals, seamless online scheduling, and 24/7 emergency support ensure exceptional health outcomes for every patient",AR,Healthcare,,2026-05-24,2026-05-24,domain,2026-05-24,2026-05,0.0,False,False,False,TheGentlemen
ghfghhshh,Le Perreux sur Marne,leperreux94.fr,fr,2026-05-24 03:43,2026-05-24,2026-05,239,2026-06-03 02:43,,,False,False,False,False,False,"leperreux94.fr official municipal portal of this Parisian suburb, offering residents access to e-services: ID appointment booking, local event calendars, transport schedules, and social programs. The site serves as a central hub for citizen engagement with local government and real-time community updates",FR,Government & Defense,,2026-05-24,2026-05-24,domain,2026-05-24,2026-05,0.0,False,False,False,TheGentlemen
saeleele,Seeley Office Systems,seeleyoffice.com,com,2026-05-24 03:41,2026-05-24,2026-05,239,2026-06-03 02:41,,,False,False,False,False,False,"seeleyoffice.com zoominfo.com/c/seeley-office-systems-inc/347773140 family-owned business since 1981, based in Glens Falls, New York. They deliver comprehensive office solutions: from printers and MFPs to managed print services and supply procurement. Focused on boosting business productivity through personalized service and competitive pricing across the Capital and Adirondack regions",AU,Professional Services,,2026-05-24,2026-05-24,domain,2026-05-24,2026-05,0.0,False,False,False,TheGentlemen
yumccc,YMCA of Columbia,columbiaymca.org,org,2026-05-21 07:24,2026-05-21,2026-05,239,2026-05-31 06:24,,,False,False,False,False,False,"columbiaymca.org zoominfo.com/c/ymca-of-columbia/8912958 Founded in 1854, the YMCA of Columbia is a cornerstone charitable organization dedicated to building healthy spirit, mind, and body for all across South Carolina's Midlands. Through five community branches, they deliver impactful youth development, wellness programs, and social responsibility initiatives rooted in Christian values of caring, respect, and inclusion. Every day, the Y empowers neighbors of all ages and backgrounds to learn, grow, and thrive together",US,Retail & E-Commerce,,2026-05-21,2026-05-21,domain,2026-05-21,2026-05,0.0,False,False,False,TheGentlemen
mbmbmbm,MBM Corp,mbmcorp.com,com,2026-05-21 07:22,2026-05-21,2026-05,239,2026-05-31 06:22,,,False,False,False,False,False,"mbmcorp.com rocketreach.co/mbm-corp-profile_b5efe288f42e7251 MBM Corporation, founded in 1936 and headquartered in Charleston, South Carolina, is a trusted leader in professional print finishing and document security solutions. Renowned for Destroyit® shredders, Triumph™ cutters, and AeroCut® digital finishing systems, MBM empowers print shops and businesses with precision-engineered equipment backed by expert support and industry-leading warranties",US,Not Found,,2026-05-21,2026-05-21,domain,2026-05-21,2026-05,0.0,False,False,True,TheGentlemen
grprgp,Grupo Pasquel,grupopasquel.com,com,2026-05-21 07:19,2026-05-21,2026-05,239,2026-05-31 06:19,,,False,False,False,False,False,"grupopasquel.com zoominfo.com/c/grupo-pasquel/430007218 Grupo Pasquel is a well-established Ecuadorian enterprise from Quito, with over three decades of excellence in construction and hardware retail. Through its Mi Ferre brand, it delivers quality products and integrated solutions, empowering builders and DIY enthusiasts nationwide with trusted service and logistics",EC,Agriculture and Food Production,,2026-05-21,2026-05-21,domain,2026-05-21,2026-05,0.0,False,False,False,TheGentlemen
adasdgfgrttt,University of Finance and Administration,vsfs.cz,cz,2026-05-18 17:30,2026-05-18,2026-05,239,2026-05-28 16:30,,,False,False,False,False,False,"vsfs.cz rocketreach.co/university-of-finance-and-administration-prague-profile_b5c5d93ff42e0e40 University of Finance and Administration is a prestigious private university in Prague, founded in 1999 and recognized as one of the Czech Republic's first private business schools. With campuses in Prague, Karlovy Vary, and Most, it offers modern bachelor's, master's, and doctoral programs in economics, finance, law, marketing, and IT — taught in Czech, English, and Russian. Combining academic excellence with practical focus, VŠFS empowers over 5,000 students through flexible study formats, international partnerships, and strong industry connections",CZ,Education,,2026-05-18,2026-05-18,domain,2026-05-18,2026-05,0.0,False,False,False,TheGentlemen
modddd,Modern Display,moderndisplay.com,com,2026-05-18 17:27,2026-05-18,2026-05,239,2026-05-28 16:27,,,False,False,False,False,False,"moderndisplay.com zoominfo.com/c/modern-display/25347032 odern Display is a beloved family-owned retail destination in Salt Lake City, Utah, founded in 1946 and specializing in seasonal décor, holiday treasures, and home accents. With 150+ team members and a 300,000 sq. ft. facility, they offer everything from Christmas trees and patriotic flags to floral arrangements and parade float supplies. Beyond retail, they power expo services, wholesale floral, and graphic design—helping customers celebrate life's special moments with beauty and joy for nearly 80 years",US,Manufacturing,,2026-05-18,2026-05-18,domain,2026-05-18,2026-05,0.0,False,False,False,TheGentlemen
dddeeevvvd,DEVO-Tech,devo-tech.ch,ch,2026-05-18 17:26,2026-05-18,2026-05,239,2026-05-28 16:26,,,False,False,False,False,False,"devo-tech.ch zoominfo.com/c/devo-tech-ag/430812943 DEVO-Tech AG is a Swiss family-owned engineering company from Ziefen, specializing in custom mechanical solutions for apparatus engineering, vacuum lifting technology, and tunnel construction since 1997. With 25+ years of expertise and a team of 30+ professionals, they deliver high-precision, flexible manufacturing and full-cycle project support — from planning to production. Their innovations serve clients in 45+ countries, combining Swiss quality, sustainability, and reliable partnership for complex industrial challenges",CH,Technology,,2026-05-18,2026-05-18,domain,2026-05-18,2026-05,0.0,False,False,False,TheGentlemen
eeeccddd,E-Control Systems,econtrolsystems.com,com,2026-05-18 17:23,2026-05-18,2026-05,239,2026-05-28 16:23,,,False,False,False,False,False,"econtrolsystems.com zoominfo.com/c/e-control-systems-inc/34461104 E-Control Systems is a California-based technology leader founded in 1998, specializing in IoT-powered wireless temperature monitoring solutions for critical environments. Their turnkey FusionLive™ platform delivers real-time alerts, cloud-based dashboards, and regulatory compliance tools for food service, healthcare, life sciences, and retail industries. With 5,000+ installations nationwide, ECS combines custom-engineered hardware and intuitive software to safeguard products, ensure safety standards, and streamline operations 24/7",AT,Technology,,2026-05-18,2026-05-18,domain,2026-05-18,2026-05,0.0,False,False,False,TheGentlemen
inteesrrr,Internet Technologies Designs,itd-system.com,com,2026-05-18 17:21,2026-05-18,2026-05,239,2026-05-28 16:21,,,False,False,False,False,False,"itd-system.com zoominfo.com/c/internet-technologies-designs/529178114 ITD System is a French IT solutions integrator founded in 1994, specializing in adaptable digital tools for business productivity. They deliver customized software, VoIP telephony, CRM integration, and secure infrastructure services tailored to SMEs. With offices in Mâcon, Moulins, and Paray-le-Monial, the company combines local proximity with technical expertise to support digital transformation",FR,Technology,,2026-05-18,2026-05-18,domain,2026-05-18,2026-05,0.0,False,False,False,TheGentlemen
ppollalcc,Polyrack,polyrack.com,com,2026-05-18 17:19,2026-05-18,2026-05,239,2026-05-28 16:19,,,False,False,False,False,False,"polyrack.com zoominfo.com/c/polyrack-ag/30835122 POLYRACK tech-group is a German family-owned engineering company founded in 1979, specializing in high-quality electronic packaging solutions and customized mechanical systems. They design and manufacture subracks, aluminum housings, backplanes, and ruggedized components for demanding industries like aerospace, medical technology, telecommunications, and transportation. With over 45 years of expertise and 500+ employees worldwide, POLYRACK delivers innovative, future-oriented solutions that combine precision engineering with reliable series production",GB,Manufacturing,,2026-05-18,2026-05-18,domain,2026-05-18,2026-05,0.0,False,False,False,TheGentlemen
innnnttteee,Internal Medicine,internalmedicineofswf.com,com,2026-05-18 17:17,2026-05-18,2026-05,239,2026-05-28 16:17,,,False,False,False,False,False,"internalmedicineofswf.com zoominfo.com/c/internal-medicine-of-southwest-florida/559515842 a private, physician-owned primary care practice founded in 1998 and located in Fort Myers, FL . The site provides patient resources, contact information, office hours, and details about their proactive, preventative healthcare services. They focus on quality, patient-centric care for both wellness visits and urgent medical needs",US,Healthcare,,2026-05-18,2026-05-18,domain,2026-05-18,2026-05,0.0,False,False,False,TheGentlemen
diggprir,Digiprint,digiprint.pl,pl,2026-05-15 16:45,2026-05-15,2026-05,96,2026-05-19 16:45,,,False,False,False,False,False,"digiprint.pl zoominfo.com/c/digiprint/372856266 leading Polish company established in 2000 that delivers innovative solutions for the printing industry. They specialize in digital and flexographic printing technologies, wide-format production, and packaging design, partnering with global brands like HP Indigo and Esko. Beyond equipment sales, Digiprint provides expert installation, training, and after-sales support to help print businesses thrive in a digital era",PL,Manufacturing,,2026-05-15,2026-05-14,domain,2026-05-15,2026-05,0.0,False,False,False,TheGentlemen
ponnniissh,Ponisch Abogados,poenisch.com.mx,mx,2026-05-14 22:24,2026-05-14,2026-05,239,2026-05-24 21:24,,,False,False,False,False,False,"poenisch.com.mx zoominfo.com/c/ponisch-abogados/557504173 German-Mexican business collaboration, specializing in professional services that may span legal advisory, consulting, or industrial solutions. Though public details are intentionally discreet, the company appears to value precision, cross-cultural expertise, and long-term partnerships. The website is currently under maintenance, reflecting a commitment to quality and continuous improvement. For the most accurate information, reaching out through professional channels once the site is live is recommended.",MX,Professional Services,,2026-05-15,2026-05-14,domain,2026-05-14,2026-05,1.0,False,False,False,TheGentlemen
gruppaaalv,Grupo Alvorada,galvorada.com,com,2026-05-14 22:15,2026-05-14,2026-05,239,2026-05-24 21:15,,,False,False,False,False,False,"galvorada.com zoominfo.com/c/grupo-alvorada/536571880 a prestigious Brazilian family-owned agribusiness founded in the 1970s and based in São Paulo. The company specializes in the production and export of high-quality fertile eggs and day-old chicks, serving both domestic and international markets with a strong focus on biosecurity and antibiotic-free practices. With over 50 years of heritage, Grupo Alvorada combines tradition, innovation, and sustainability to deliver excellence in poultry genetics and animal nutrition",BR,Manufacturing,,2026-05-15,2026-05-14,domain,2026-05-14,2026-05,1.0,False,False,False,TheGentlemen
insttt,Instituut voor de Nederlandse,ivdnt.org,org,2026-05-14 22:13,2026-05-14,2026-05,239,2026-05-24 21:13,,,False,False,False,False,False,"ivdnt.org rocketreach.co/instituut-voor-de-nederlandse-taal-profile_b45f686efc6979e6 It advances the study and preservation of Dutch through cutting-edge research, digital tools, and open-access resources covering vocabulary, grammar, dialects, and terminology. The institute curates authoritative references like the Algemene Nederlandse Spraakkunst for scholars, educators, and language enthusiasts worldwide",NL,Government & Defense,,2026-05-15,2026-05-14,domain,2026-05-14,2026-05,1.0,False,False,False,TheGentlemen
gtttgettt,GeTeCe,getece.com,com,2026-05-12 17:25,2026-05-12,2026-05,239,2026-05-22 16:25,,,False,False,False,False,False,"getece.com zoominfo.com/c/getece-co-ltd/353619915 GeTeCe is Thailand's trusted ingredients partner since 1978, specializing in premium chemicals, fragrances, flavours, and food ingredients for diverse manufacturing industries. With four decades of expertise, a state-of-the-art blending facility, and strategic global partnerships, they deliver tailored solutions backed by deep market insights and regulatory compliance. Their dedicated technical team and reliable supply chain empower clients to innovate confidently and stay ahead in competitive markets across Southeast Asia",DE,Technology,,2026-05-12,2026-05-12,domain,2026-05-12,2026-05,0.0,False,False,False,TheGentlemen
ammdddgga,Amstel Securities,amstelsecurities.com,com,2026-05-12 17:22,2026-05-12,2026-05,239,2026-05-22 16:22,,,False,False,False,False,False,"amstelsecurities.com zoominfo.com/c/amstel-securities-llp/353641962 Amstel Securities is a premier independent brokerage firm founded in 1989, connecting Asian and global markets with 35+ years of expertise in fixed income, equities, and derivatives. As a trusted agency and matched-principal broker, they specialize in Southeast Asian domestic currency bonds, high-yield credit, and G7 markets, serving institutional clients with unbiased execution and deep liquidity. Backed by strategic partnerships with BNY Mellon's Pershing for clearing and custody, they deliver secure, efficient solutions for wealth managers, family offices, and accredited investors worldwide",NL,Financial Services,,2026-05-12,2026-05-12,domain,2026-05-12,2026-05,0.0,False,False,False,TheGentlemen
dgdfodosss,Dodson & Horrell,dodsonandhorrell.com,com,2026-05-12 17:19,2026-05-12,2026-05,239,2026-05-22 16:19,,,False,False,False,False,False,"dodsonandhorrell.com zoominfo.com/c/dodson--horrell-ltd/21104188 Dodson Horrell is a world-leading, family-run feed manufacturer established in 1939, specializing in premium nutrition for horses, poultry, and zoo animals. With over 80 years of expertise, their science-backed formulations and dedicated Nutritional Helpline empower owners to care for every animal as an individual. As exclusive feed partners to the British Equestrian Teams and a trusted name across global equestrian communities, they combine heritage, innovation, and unwavering quality",GB,Agriculture and Food Production,,2026-05-12,2026-05-12,domain,2026-05-12,2026-05,0.0,False,False,False,TheGentlemen
vvalllfde,Value Exchange International,valueexch.com,com,2026-05-12 17:17,2026-05-12,2026-05,239,2026-05-22 16:17,,,False,False,False,False,False,"valueexch.com Value Exchange International Inc. is a trailblazing retail technology leader with over 30 years of expertise, delivering comprehensive digital solutions across Asia, the UK, Australia, and New Zealand. Their 300+ professionals provide 24/7 Managed Operations, Systems Integration, and innovative retail hardware — from Electronic Shelf Labels to AI-powered inspection robots — powering 20,000+ daily POS transactions and HK$400+ billion in annual retail sales. With a customer-centric approach and cutting-edge technology, VEII empowers retailers to thrive through seamless digital transformation and operational excellence",HK,Financial Services,,2026-05-12,2026-05-12,domain,2026-05-12,2026-05,0.0,False,False,False,TheGentlemen
settttcc,SETCAR,setcar.com.tn,tn,2026-05-12 17:12,2026-05-12,2026-05,239,2026-05-22 16:12,,,False,False,False,False,False,"setcar.com.tn zoominfo.com/c/setcar/507355731 SETCAR is Tunisia's pioneering private manufacturer of buses, coaches, and minibuses, with over 50 years of excellence since 1976. Partnering with global leaders like Volvo and Iveco, they produce up to 500 vehicles annually, serving public transport, tourism, and institutional clients across Africa and the Middle East. With a 300-strong expert team, advanced production facilities, and dedicated after-sales support, SETCAR delivers innovative, eco-friendly mobility solutions built for reliability and performance",TN,Transportation,,2026-05-12,2026-05-12,domain,2026-05-12,2026-05,0.0,False,False,False,TheGentlemen
orororr,Oriental Diamond,orientaldiamond.jp,jp,2026-05-12 17:09,2026-05-12,2026-05,239,2026-05-22 16:09,,,False,False,False,False,False,"orientaldiamond.jp Oriental Diamond Inc. is a pioneering Japanese diamond enterprise established in 1966, specializing in the import, design, and manufacturing of fine diamond jewelry and loose stones. As the first company in Japan to earn the prestigious Sightholder qualification, they combine global sourcing with in-house craftsmanship to deliver conflict-free diamonds and elegant collections like Hoshi no Suna. With a heritage of excellence and a diversified portfolio spanning jewelry, bridal, and traditional kimono wholesale, they continue to innovate as a trusted market leader in Tokyo's luxury sector",JP,Manufacturing,,2026-05-12,2026-05-12,domain,2026-05-12,2026-05,0.0,False,False,False,TheGentlemen
elleee,Electroban SAE,electroban.com.py,py,2026-05-12 17:04,2026-05-12,2026-05,239,2026-05-22 16:04,,,False,False,False,False,False,"electroban.com.py zoominfo.com/c/electroban-sae/372861276 Electroban is a leading 100% Paraguayan retail company founded in 2007, specializing in home appliances, electronics, furniture, and motorcycles. With nationwide coverage through numerous branches and home delivery, they serve over 100,000 customers with a certified e-commerce platform and reliable after-sales support. Backed by a team of 700+ employees and values like honesty and continuous learning, Electroban is expanding toward 70 stores to bring innovation and quality of life to families across Paraguay",PY,Manufacturing,,2026-05-12,2026-05-12,domain,2026-05-12,2026-05,0.0,False,False,False,TheGentlemen
qqqqqaaa,Qatar National Broadband,qnbn.qa,qa,2026-05-12 17:02,2026-05-12,2026-05,239,2026-05-22 16:02,,,False,False,False,False,False,"qnbn.qa zoominfo.com/c/qatar-national-broadband-network-qnbn/1121927707 Qatar National Broadband Network is a government-owned leader in passive fiber infrastructure, established in 2011 to power Qatar's digital transformation and National Vision 2030. With nationwide fiber-optic coverage, QNBN enables ultra-fast, secure connectivity for homes, businesses, and government through open access for all licensed service providers. Strategic partnerships with Microsoft and Carnegie Mellon Qatar underscore its commitment to innovation, AI readiness, and cyber-resilient infrastructure — all delivered with sustainability and future-ready excellence",QA,Technology,,2026-05-12,2026-05-12,domain,2026-05-12,2026-05,0.0,False,False,False,TheGentlemen
sharrrrk,Shajarpak Securities,shajarpaksecurities.com,com,2026-05-12 17:00,2026-05-12,2026-05,239,2026-05-22 16:00,,,False,False,False,False,False,"shajarpaksecurities.com Shajarpak Securities is a trusted SECP-licensed brokerage and part of the Shajarpak Group, empowering clients with secure online trading on the Pakistan Stock Exchange. Their seasoned equity team brings 60+ years of combined experience, delivering timely market insights and best-in-class execution with strict compliance and ethical standards. With a robust Oracle®-based platform, mobile apps, and dedicated support for NRPs and institutional investors, they make intelligent investing accessible anytime, anywhere",IR,Financial Services,,2026-05-12,2026-05-12,domain,2026-05-12,2026-05,0.0,False,False,False,TheGentlemen
fffocccs,Focus Design Partners,fdpme.com,com,2026-05-12 16:57,2026-05-12,2026-05,239,2026-05-22 15:57,,,False,False,False,False,False,"fdpme.com zoominfo.com/c/focus-design-partners/368873259 Focus Design Partners (fdpme.com) is a Grade-A international firm with nearly 50 years of excellence in architecture, engineering, and project management, delivering iconic projects like Qatar's Al Jannoub Stadium and Lusail Circuit. With offices across 6+ countries, they combine global expertise with strategic partnerships and a people-first culture certified by Great Place To Work®. Their integrated, sustainable design solutions span sports, healthcare, commercial, and infrastructure sectors — all delivered with full accountability and innovation",QA,Professional Services,,2026-05-12,2026-05-12,domain,2026-05-12,2026-05,0.0,False,False,False,TheGentlemen
mmmiisddsd,Misr Chemical Industries,mci.com.eg,eg,2026-05-08 13:55,2026-05-08,2026-05,239,2026-05-18 12:55,,,False,False,False,False,False,"mci.com.eg Misr Chemical Industries Co. (MCI), founded in 1959 and headquartered in Alexandria, Egypt, is a publicly listed chemical manufacturer on the Egyptian Exchange (EGX). As the oldest Egyptian producer of liquid caustic soda, chlorine gas, and derivatives, the company specializes in manufacturing chemicals including hydrochloric acid, sodium hydroxide solutions, and compressed hydrogen for domestic and regional markets. MCI serves industrial clients across Egypt and the Middle East, focusing on meeting local demand while exporting surplus production to support regional chemical supply chains.",EG,Manufacturing,,2026-05-09,2026-05-08,domain,2026-05-08,2026-05,1.0,False,False,False,TheGentlemen
ttdddd,TDS,tdstelecom.com,com,2026-05-08 13:52,2026-05-08,2026-05,239,2026-05-18 12:52,,,False,False,False,False,False,"tdstelecom.com TDS Telecommunications LLC, founded in 1969 and headquartered in Madison, Wisconsin, is a leading U.S. telecommunications provider serving residential and business customers across urban, suburban, and rural communities. The company delivers high-speed fiber-optic internet (up to 8 Gigabit), IP-based TV entertainment, and traditional phone services, alongside business solutions like VoIP, dedicated internet, and data networking. With over 1.1 million connections, TDS is a wholly owned subsidiary of Telephone and Data Systems, Inc. (NYSE: TDS), committed to enhancing communities through reliable, innovative communications technology.",US,Technology,,2026-05-09,2026-05-08,domain,2026-05-08,2026-05,1.0,False,False,False,TheGentlemen
vevevevrr,VeriCon,vericon.nl,nl,2026-05-08 13:46,2026-05-08,2026-05,239,2026-05-18 12:46,,,False,False,False,False,False,"vericon.nl VeriCon is an independent structural engineering consultancy firm based in Veldhoven, Netherlands, founded over 20 years ago by Jos Hoonhout. The company specializes in designing, calculating, and drawing constructions for civil and utility construction projects. VeriCon is active in BIM and industrial building, with particular expertise in prefabricated concrete and steel constructions. The firm distinguishes itself by integrating innovative solutions into structural designs and providing clients with additional information about constructive elements and building materials beyond standard deliverables.",NL,Professional Services,,2026-05-09,2026-05-08,domain,2026-05-08,2026-05,1.0,False,False,False,TheGentlemen
ccchhhfddd,CHX Express,chxpress.com.ve,ve,2026-05-08 13:35,2026-05-08,2026-05,239,2026-05-18 12:35,,,False,False,False,False,False,"chxpress.com.ve C.H. Express C.A. is a Venezuelan transportation and logistics company with over 20 years of experience, headquartered in San Diego, Carabobo. The company specializes in national cargo transportation, package delivery services, and light cargo consolidation, covering the entire Venezuelan territory. With a strategic location, modern fleet, and large warehouse facilities, they ensure fast, reliable deliveries and efficient logistics solutions for various industries across the country.",VE,Transportation,,2026-05-09,2026-05-08,domain,2026-05-08,2026-05,1.0,False,False,False,TheGentlemen
ddddee,DEVCO,devco.pl,pl,2026-05-08 13:34,2026-05-08,2026-05,239,2026-05-18 12:34,,,False,False,False,False,False,"devco.pl DEVCO Sp. z o.o. is a Polish real estate company established in 1997, headquartered in Wroclaw at ul. Strzegomska 46-56. The company specializes in renting office and warehouse spaces, notably operating the Wroclawski Park Biznesu (Wroclaw Business Park). Their mission is to create comfortable, inspiring, and business-friendly work environments for tenants.",PL,Professional Services,,2026-05-09,2026-05-08,domain,2026-05-08,2026-05,1.0,False,False,False,TheGentlemen
derrrrr,DermaPharm,dermapharm.dk,dk,2026-05-08 13:22,2026-05-08,2026-05,239,2026-05-18 12:22,,,False,False,False,False,False,"dermapharm.dk DermaPharm A/S is a 100% Danish-owned skincare company founded in 1980, specializing in mild, eco-certified, and allergy-friendly personal care products. Headquartered in Fårup, Denmark, they operate a 10,000 m production facility and serve as both a brand owner (Derma) and a full-service private label manufacturer for third parties The company is a market leader in Nordic suncare and a trusted partner of the Danish Cancer Society",DK,Healthcare,,2026-05-09,2026-05-08,domain,2026-05-08,2026-05,1.0,False,False,False,TheGentlemen
munndddd,Mundo Amtae,mundoamtae.com,com,2026-05-06 13:01,2026-05-06,2026-05,239,2026-05-16 12:01,,,False,False,False,False,False,"mundoamtae.com zoominfo.com/c/mundo-amtae/372405633 Mundo AMTAE (Asociacion Mutual de Trabajadores Estatales) is one of Argentina's top 5 mutual aid organizations, founded in 1987 and headquartered at Lavalle 3155, Buenos Aires. With over 30 years of experience and 100,000 members spread across 20 branches nationwide, the organization provides a broad range of social, health, and financial services to state workers, retirees, and the general public. Its core offerings include medical consultations across all specialties, dental care, clinical analysis, physiotherapy, home medical visits, 24/7 ambulance service, and optical coverage. AMTAE also offers loan programs and financial assistance, with tiered membership plans (Plata, Dorado, Platino) covering varying levels of healthcare and personal accident protection",MX,Not Found,,2026-05-06,2026-05-06,domain,2026-05-06,2026-05,0.0,False,False,True,TheGentlemen
wroodkgdg,Worralls,worrall.co.nz,nz,2026-05-06 12:59,2026-05-06,2026-05,239,2026-05-16 11:59,,,False,False,False,False,False,"worrall.co.nz W.H. Worrall & Co. Limited (Worralls) is New Zealand's leading distributor of world-class cycling and sporting brands, with roots going back to the early 1900s when it was founded by W.H. Worrall in Auckland. Today, the company is headquartered at 12 Hugo Johnston Drive, Penrose, Auckland, and remains a family-linked business formally registered since May 27, 1988. Worralls distributes an impressive portfolio of premium brands including Bell Helmets, Campagnolo, SRAM, Continental, Rock Shox, Cane Creek, Blackburn, San Marco, and Tacx, catering to both professional cyclists and recreational riders. The company has historically been a pioneer in the NZ cycling market — it was among the first to have Japanese manufacturers produce bicycles to English specifications",NZ,Retail & E-Commerce,,2026-05-06,2026-05-06,domain,2026-05-06,2026-05,0.0,False,False,False,TheGentlemen
majjjjgh,Manhattan Fire Safety Corp,mfsnyc.com,com,2026-05-06 12:56,2026-05-06,2026-05,239,2026-05-16 11:56,,,False,False,False,False,False,"mfsnyc.com rocketreach.co/mfs-nyc-profile_b4779b17fc5cb39e Manhattan Fire & Security (MFS) is a licensed fire alarm and security services firm based in New York City, with over 15 years of experience serving commercial and industrial clients across NYC and surrounding areas. The company employs NICET-certified engineers and licensed fire alarm contractors who design, install, inspect, and maintain fire alarm and ARC (Auxiliary Radio Coverage) systems fully in compliance with FDNY requirements. Beyond fire safety, MFS also provides IT communication systems, structured cabling, and security solutions, offering 24/7 monitoring and maintenance to eliminate downtime and ensure continuous operational safety for businesse",US,Professional Services,,2026-05-06,2026-05-06,domain,2026-05-06,2026-05,0.0,False,False,False,TheGentlemen
clarrrrkfs,Clark Fixture Technologies,clarkfixtures.com,com,2026-05-06 12:54,2026-05-06,2026-05,239,2026-05-16 11:54,,,False,False,False,False,False,"clarkfixtures.com zoominfo.com/c/clark-fixture-technologies-inc/31954083 Clark Fixture Technologies, Inc. is a privately held American manufacturer founded in 1978, headquartered at Bowling Green, Ohio, with an estimated annual revenue of $42.9 million and a staff of 51–200 employees. The company designs, manufactures, and inspects quality check fixtures and gages for bent tube, hose, wire, and weld products, serving industries including automotive, aerospace, space, medical, and agriculture. Clark Fixtures operates globally with facilities in the US, Mexico (Saltillo), and India (Bangalore), servicing clients across 11 countries, including a prestigious roster of aerospace and space clients who rely on its orbital weld tooling for propulsion and life support assemblies. It also offers CMM inspection services and advanced automated robotic cell fixture solutio",US,Manufacturing,,2026-05-06,2026-05-06,domain,2026-05-06,2026-05,0.0,False,False,False,TheGentlemen
fmmfsmfsf,FMS,fmsinc.com,com,2026-05-06 12:53,2026-05-06,2026-05,239,2026-05-16 11:53,,,False,False,False,False,False,"fmsinc.com zoominfo.com/c/fms-inc/14729979 FMS, Inc. is a privately held American software company founded in 1986 by Luke Chung (Harvard graduate), headquartered in Vienna, Virginia, near Washington DC. The company is the world's leading developer of tools for Microsoft Access, and a top vendor for SQL Server, Visual Studio .NET, and Visual Basic communities, with tens of thousands of customers across 100+ countries, including 90 of the Fortune 100 and every US federal government department. FMS is a Microsoft Gold Certified Partner, has won over 40 industry awards, and is recognized as one of the SD Times Top 100 most innovative software firms. It also offers custom software development consulting and its own Sentinel Visualizer link analysis product, used by intelligence and law enforcement agencies",US,Professional Services,,2026-05-06,2026-05-06,domain,2026-05-06,2026-05,0.0,False,False,False,TheGentlemen
gdcdgdsfg,C2O Architects,c2o-architects.be,be,2026-05-06 12:52,2026-05-06,2026-05,239,2026-05-16 11:52,,,False,False,False,False,False,"c2o-architects.be zoominfo.com/c/c2o-architects/451291685 C2O Architects (C2O-Architects bv) is a Belgian architectural and urban planning firm founded on June 29, 2000, headquartered at Nieuwstraat 26, Asse, Flemish Brabant, Belgium. The studio is led by Marnik Dehaen, who also serves as Chairman of the Flemish Council of the Order of Architects, and co-owned by Erna Polspoel. The firm works across a wide range — from small private renovations and residential expansions to large-scale public projects — with a multidisciplinary team that adds value through expertise in architecture, urban design, and spatial planning. A notable project includes the award-winning Asse Landform complex (2014), a regional fire station and youth center designed in collaboration with ORG Permanent Modernity",BE,Professional Services,,2026-05-06,2026-05-06,domain,2026-05-06,2026-05,0.0,False,False,False,TheGentlemen
damttmdtth,DATAMATIC,datamatic.it,it,2026-05-06 12:49,2026-05-06,2026-05,239,2026-05-16 11:49,,,False,False,False,False,False,"datamatic.it rocketreach.co/datamatic-spa-profile_b54e4ebcf94229d2 Datamatic S.p.A. is an Italian company headquartered in Milan, operating in the consumer electronics sector with an estimated revenue of $50–100 million and a workforce of 251–500 employees. The company functions as a major distributor and sales organization, supported by over 200 staff dedicated to sales, logistics, and partner support for its network of distributors. Its published company profile positions it as a reliable and dynamic organization focused on delivering strong commercial and operational support to trade partners across Italy and beyond",IT,Technology,,2026-05-06,2026-05-06,domain,2026-05-06,2026-05,0.0,False,False,False,TheGentlemen
gattttttr,Gator Cases,gatorcases.com,com,2026-05-06 12:47,2026-05-06,2026-05,239,2026-05-16 11:47,,,False,False,False,False,False,"gatorcases.com zoominfo.com/c/gator-cases/20824928 Gator Cases is a leading American manufacturer of protective cases, bags, stands, and accessories for musicians and audio/visual professionals, founded in 2000 by father-daughter team Jerry Freed and Crystal Morris in Tampa, Florida. Starting with a small lineup of molded plastic guitar cases at the Summer NAMM show, the company has grown to offer over 1,000 product solutions across categories including pro audio, IT, DJ, percussion, band instruments, and AV equipment. With an annual revenue of approximately 27 million and ~96 employees, Gator operates a major 180,000 sq. ft. manufacturing and distribution facility in Columbia City, Indiana, and backs all products with a Limited Lifetime Warranty",US,Manufacturing,,2026-05-06,2026-05-06,domain,2026-05-06,2026-05,0.0,False,False,False,TheGentlemen
ipeprerfggf,IPE,ipesrl.com,com,2026-05-06 12:45,2026-05-06,2026-05,239,2026-05-16 11:45,,,False,False,False,False,False,"ipesrl.com zoominfo.com/c/ipe-srl/372826031 IPE Technologies S.r.l. is an Italian company and the flagship entity of the IPE Group, specializing in the distribution of sealed lead-acid batteries, battery chargers, shielded cables, and Panasonic electronic components across Italy. Active in the sector since 1986, the company distributes premium brands such as Yuasa and Panasonic, alongside its own proprietary brands Remco and RemcoX. Its client base includes alarm system installers, UPS maintenance companies, specialized retailers, and industrial automation and telecommunications firms",IT,Manufacturing,,2026-05-06,2026-05-06,domain,2026-05-06,2026-05,0.0,False,False,False,TheGentlemen
rirggggggg,Riggotts,riggott.co.uk,uk,2026-05-06 12:43,2026-05-06,2026-05,239,2026-05-16 11:43,,,False,False,False,False,False,"riggott.co.uk zoominfo.com/c/riggotts--co-ltd/345701355 Riggotts (Riggott and Company Limited) is one of the UK's leading line marking and surface coating contractors, founded on 2 November 1994 by brothers Nick and Darren Riggott. Headquartered in Tuxford, Newark, Nottinghamshire, the company has grown to operate more than 50 specialist teams working 24/7 across the entire United Kingdom. Estimated annual turnover stands at approximately 8 million",GB,Professional Services,,2026-05-06,2026-05-06,domain,2026-05-06,2026-05,0.0,False,False,False,TheGentlemen
agfgfgda,Da Guan Technology,daguan-tech.com.tw,tw,2026-05-06 12:42,2026-05-06,2026-05,239,2026-05-16 11:42,,,False,False,False,False,False,"daguan-tech.com.tw Da Guan Technology serves as the official distributor of two major brands: Mitsubishi Electric (Japan) and Lifegear (Taiwan) — offering a full range of products including heat recovery ventilators (HRV), bathroom warm-air dryers, ultra-quiet exhaust fans, circulation fans, and fresh-air systems. Their primary sales channels include construction companies, interior designers, plumbing distributors, and premium bathroom retailers",TW,Technology,,2026-05-06,2026-05-06,domain,2026-05-06,2026-05,0.0,False,False,False,TheGentlemen
ntnrtrt,Nrt India,nrtindia.com,com,2026-05-06 12:40,2026-05-06,2026-05,239,2026-05-16 11:40,,,False,False,False,False,False,"nrtindia.com zoominfo.com/c/nrt-india/372321597 NRT India is a premier IIT-JEE and NEET coaching institute headquartered in Lucknow, Uttar Pradesh, India. It was originally founded in 1997 by Shree Indu Shekhar Shukla under the name ""NRT,"" and re-established on August 30–31, 2010 by Sir A.N. Pandey, who previously served as Head of Department of Physics at the same institute. The institute now operates study centers in Lucknow, Barabanki, Dehradun, and Pratapgarh",IN,Professional Services,,2026-05-06,2026-05-06,domain,2026-05-06,2026-05,0.0,False,False,False,TheGentlemen
farmemttttt,Farmers Association of Iceland,bondi.is,is,2026-05-03 20:43,2026-05-03,2026-05,239,2026-05-13 19:43,,,False,False,False,False,False,"bondi.is Farmers Association of Iceland, is Iceland's primary agricultural interest organization representing approximately 3,000 people employed in farming and agriculture-related jobs across the country. The association acts as the official advocate for Icelandic farmers in public forums, protecting their interests in matters of policy, economics, and sustainability, while also developing climate action roadmaps for sustainable farm management. Headquartered in Borgartún 25 in Reykjavík, BÍ publishes agricultural statistics, supports farm productivity improvement, and bridges the gap between society and food producers",IS,Agriculture and Food Production,,2026-05-06,2026-05-03,domain,2026-05-03,2026-05,3.0,False,False,False,TheGentlemen
lafkfdttt,La Kaffa International,lakaffagroup.com,com,2026-05-03 20:38,2026-05-03,2026-05,239,2026-05-13 19:38,,,False,False,False,False,False,"lakaffagroup.com zoominfo.com/c/la-kaffa-international-co-ltd/426003975 La Kaffa International is a publicly listed Taiwanese multinational food and beverage group (Taiwan Stock Exchange, code: 2732), founded in 2004 and headquartered in Zhubei City, Hsinchu County, Taiwan, with over 663 employees and annual revenues around $46 million. The company is best known as the parent brand of Chatime — the world-famous bubble tea chain expanded to 50+ countries across 6 continents, making it the top takeout tea brand in Australia, Southeast Asia, and beyond. Beyond Chatime, La Kaffa manages a multi-brand portfolio of 9+ F&B concepts including ZenQ Dessert, Bake Code Bakery, ChunSun Cake, La Kaffa Cafe, Wagokoro Tonkatsu, and Osaka Ohsho Taiwan, with over 1,100 outlets in China alone",IT,Agriculture and Food Production,,2026-05-06,2026-05-03,domain,2026-05-03,2026-05,3.0,False,False,False,TheGentlemen
medddias,Mediaplex,mediaplexcnc.com,com,2026-05-03 20:37,2026-05-03,2026-05,239,2026-05-13 19:37,,,False,False,False,False,False,"mediaplexcnc.com zoominfo.com/c/mediaplex-inc/465166226 Mediaplex sas is a young, dynamic Italian manufacturing company based in Casoria (Naples, Italy), specializing in CNC machining, cutting, and fabrication of plexiglass and plastic materials in general. The company serves clients needing precision plastic components, decorative elements, displays, and custom-made plastic parts produced via CNC routing, laser cutting, and thermoforming. Rated 4.5/5 by customers, Mediaplex is regarded as a reliable plastic fabrication partner in the Campania region of Italy",CA,Technology,,2026-05-06,2026-05-03,domain,2026-05-03,2026-05,3.0,False,False,False,TheGentlemen
muumkrrl,Marutake,kk-marutake.co.jp,jp,2026-05-03 20:30,2026-05-03,2026-05,239,2026-05-13 19:30,,,False,False,False,False,False,"kk-marutake.co.jp zoominfo.com/c/marutake/561552308 Marutake Co., Ltd. is a comprehensive pharmaceutical and medical wholesale company founded on June 15, 1925, and headquartered in Niigata City, Japan, with a 100-year history of connecting manufacturers to healthcare providers across the region. The company distributes prescription pharmaceuticals, medical devices, clinical diagnostic reagents, hygiene materials, nursing care products, and healthcare IT systems to hospitals, clinics, and pharmacies, primarily across Niigata, Yamagata, Miyagi, Akita, Tokyo, and Gunma prefectures. With a workforce of 477 employees and capital of ¥100 million, Marutake positions itself as a ""supporter of the medical frontline,"" ensuring stable supply of essential medical commodities to local communities",JP,Agriculture and Food Production,,2026-05-06,2026-04-28,domain,2026-05-03,2026-05,3.0,False,False,False,TheGentlemen
kasssss,Kasapreko,kasapreko.com,com,2026-05-03 20:28,2026-05-03,2026-05,239,2026-05-13 19:28,,,False,False,False,False,False,"kasapreko.com zoominfo.com/c/kasapreko-company-ltd/113558803 Kasapreko PLC is Ghana's leading herbal beverage manufacturer, founded in 1989 by Dr. Kwabena Adjei in a garage in Nungua, Accra, and today grown into a multinational company with over 500 employees, 100+ product SKUs, and exports to 16 countries worldwide. The company pioneered the first scientifically formulated herbal-based alcoholic beverage in Ghana — Alomo Bitters — which became its flagship product and was named by CNN Money as one of the top 5 emerging brands in the world in 2013. ISO 22000:2005 certified and a member of the prestigious Ghana Club 100, Kasapreko produces bitters, whisky, gin, liqueur, brandy, wine, soft drinks, and water, with active expansion into East Africa including Kenya",GH,Agriculture and Food Production,,2026-05-06,2026-05-03,domain,2026-05-03,2026-05,3.0,False,False,False,TheGentlemen
leegvvvvfg,Levante Living,levanteliving.com,com,2026-05-03 20:27,2026-05-03,2026-05,239,2026-05-13 19:27,,,False,False,False,False,False,"levanteliving.com zoominfo.com/c/levante-living-lp/388951109 Levante Living is a Canadian-owned senior living enterprise founded in 2016 by Michael Petersen and Jim MacDonald, and headquartered in Toronto, Ontario, focused on acquiring, managing, and redeveloping senior housing across North America. The company currently operates 24 retirement residences across Ontario, employs over 600 team members, and manages approximately 1,600 investors with over $175 million in senior living assets. Its service offerings span the full care spectrum — independent living, assisted living, memory care, respite care, and long-term care — guided by the values of dignity, compassion, integrity, and excellence",IT,Retail & E-Commerce,,2026-05-06,2026-05-03,domain,2026-05-03,2026-05,3.0,False,False,False,TheGentlemen
ontrtat,Ontario Physiotherapy Association,opa.on.ca,ca,2026-05-03 20:26,2026-05-03,2026-05,239,2026-05-13 19:26,,,False,False,False,False,False,"opa.on.ca zoominfo.com/c/ontario-physiotherapy-association/130548231 The Ontario Physiotherapy Association (OPA) is a non-profit, physiotherapist-led professional association representing over 5,500 physiotherapists, physiotherapist assistants (PTAs), and students across Ontario, Canada. Its core mission is to provide leadership, advocacy, professional development, and career support to ensure accessible, high-quality physiotherapy services throughout the province. Founded over 60 years ago, OPA has a well-documented history of advocacy wins — from expanding PT scopes of practice to supporting virtual care access and removing referral requirements from physicians",CA,Healthcare,,2026-05-06,2026-05-03,domain,2026-05-03,2026-05,3.0,False,False,False,TheGentlemen
millpd,Millennium Partners,millenniumptrs.com,com,2026-05-03 20:24,2026-05-03,2026-05,239,2026-05-13 19:24,,,False,False,False,False,False,"millenniumptrs.com zoominfo.com/c/millennium-partners-inc/483051874 Millennium Partners is a premier luxury real estate developer founded in 1991 and headquartered in New York City, with over three decades of transforming urban neighborhoods through landmark mixed-use developments in gateway cities such as New York, Boston, San Francisco, and Washington D.C.. The company has pioneered the luxury branded residential experience by forging first-of-their-kind partnerships with Ritz-Carlton and Four Seasons, and today owns a portfolio worth over $5 billion encompassing 3,200+ condominiums, 10 hotels, 2 million sq ft of office space, and 1 million sq ft of retail. In 2023, Millennium Partners opened Winthrop Center in Boston — the world's largest Passive House office building — setting a new global benchmark for sustainability and human-centered design",US,Financial Services,,2026-05-06,2026-05-03,domain,2026-05-03,2026-05,3.0,False,False,False,TheGentlemen
eastttttt,East,east-inc.jp,jp,2026-05-03 20:23,2026-05-03,2026-05,239,2026-05-13 19:23,,,False,False,False,False,False,"east-inc.jp zoominfo.com/c/east/5000054099 East Inc. is a Japanese company headquartered in Tokyo that provides comprehensive outsourcing services for commercial facilities — shopping malls, outlet parks, and office complexes — covering everything from day-to-day operations to system development, website management, and information services. The company has an impressive track record of over 800 commercial facilities nationwide across Japan, with clients including Roppongi Hills, Nihonbashi Takashimaya S.C., Mitsui Outlet Parks, and Ebisu Garden Place. Since 2007, East Inc. has also been supporting Japanese companies expanding into China, offering systems and operational know-how for overseas operations",JP,Not Found,,2026-05-06,2026-04-24,domain,2026-05-03,2026-05,3.0,False,False,True,TheGentlemen
thhgfsfgf,The Modern Flour Mill,modernflourmills.com,com,2026-05-03 20:21,2026-05-03,2026-05,239,2026-05-13 19:21,,,False,False,False,False,False,"modernflourmills.com zoominfo.com/c/the-modern-flour-mills-and-macaroni-factories-co/425333381 Modern Flour Mills & Macaroni Factories Co. (MFM) is a diversified cereal processor founded in 1949 and headquartered in Amman, Jordan, with a workforce of 201–500 employees. The company operates four main production plants — wheat flour milling, pasta, snack foods, and bakery ingredients — and notably opened the first pasta factory in the entire Middle East in 1967. Its products are sold under well-known regional brands: Al-Ghazal (flour & pasta), Suprema/Barakeh (pasta), MFM (specialty flour & baking mixes), and Samar (snacks), with co-packing and private labeling available for export markets",,Agriculture and Food Production,,2026-05-06,2026-05-03,domain,2026-05-03,2026-05,3.0,False,False,True,TheGentlemen
eafghggg,Engineered Advantage,eapsc.net,net,2026-05-03 20:19,2026-05-03,2026-05,239,2026-05-13 19:19,,,False,False,False,False,False,"eapsc.net zoominfo.com/c/engineered-advantage/1292942990 Engineered Advantage, PSC (EA) is a multidisciplinary architecture and engineering (A/E) firm founded in 2011 and headquartered in San Juan, Puerto Rico, serving both public and private sector clients. The company's expertise spans architecture, civil and structural engineering, forensic engineering, water resources, field inspections, damage assessments, and construction management. EA operates across Puerto Rico, Florida, and the U.S. Virgin Islands, and notably provided post-hurricane recovery engineering services following Hurricanes Irma and Maria in St. Thomas, St. Croix, and St. Maarten",US,Professional Services,,2026-05-06,2026-05-03,domain,2026-05-03,2026-05,3.0,False,False,False,TheGentlemen
trrrrrt,Triquim,triquim.com.ar,ar,2026-05-03 20:15,2026-05-03,2026-05,239,2026-05-13 19:15,,,False,False,False,False,False,"triquim.com.ar zoominfo.com/c/triquim-sa/430429498 TRIQUIM S.A. is an Argentine pharmaceutical manufacturer founded in 1980 and headquartered in Tortuguitas, Buenos Aires, that has dedicated over 40 years to the synthesis and supply of Active Pharmaceutical Ingredients (APIs) for human and veterinary use. The company operates as a CMO/CDMO partner, offering custom API development, contract manufacturing, regulatory services, containment, and analytical services to pharma clients worldwide. TRIQUIM holds certifications from Brazil's ANVISA and Mexico's COFEPRIS, and supplies clients across North America, Europe, and emerging markets with a portfolio of 16 pharmaceutical products including Benfotiamine, Bosentan, and Clonixinal",AR,Manufacturing,,2026-05-06,2026-05-03,domain,2026-05-03,2026-05,3.0,False,False,False,TheGentlemen
tanatg,Keretapi Tanah,ktmb.com.my,my,2026-05-03 20:13,2026-05-03,2026-05,239,2026-05-13 19:13,,,False,False,False,False,False,"ktmb.com.my zoominfo.com/c/keretapi-tanah-melayu-berhad/21365008 KTMB (Keretapi Tanah Melayu Berhad) is Malaysia's largest and oldest railway company, with a rail network spanning 1,699 km across Peninsular Malaysia, extending into Singapore and Thailand. It operates multiple services including KTM Komuter (urban commuter trains since 1995), ETS electric intercity trains, and diesel-powered KTM Intercity trains. The company was privatized in 1992 and today offers online ticketing via its website and mobile app, with a QR-code boarding system",MY,Transportation,,2026-05-06,2026-05-03,domain,2026-05-03,2026-05,3.0,False,False,False,TheGentlemen
meedddda,Media Consulting,mconweb.it,it,2026-05-03 20:11,2026-05-03,2026-05,239,2026-05-13 19:11,,,False,False,False,False,False,"mconweb.it zoominfo.com/c/media-consulting-srl/372633129 Media Consulting is an Italian web agency based in Cesena that designs and develops custom responsive websites. They offer a full range of digital services including Social Media Marketing, Web Marketing (Google Ads, Email Marketing, Analytics), and graphic design. The agency also provides web marketing training for teams and assists businesses in accessing public funding grants",IT,Professional Services,,2026-05-06,2026-05-03,domain,2026-05-03,2026-05,3.0,False,False,False,TheGentlemen
BEKO,Arcelik,,,2026-05-01 20:56,2026-05-01,2026-05,239,2026-05-11 19:56,11800.0,,False,False,False,True,False,"https://www.zoominfo.com/c/arelik-global/462472631 Stock Symbol ARCLK Revenue $11.8 Billion Arcelik Global is a Turkish multinational household appliances manufacturer headquartered in Istanbul, Turkey. Founded in 1955 as a subsidiary of Koc Holding, the company has grown into a worldwide producer and marketer of consumer durables and consumer electronics. The company operates 46 production facilities across 14 countries. With approximately 55,000 employees globally, Arcelik maintains subsidiaries in 58 countries and provides goods and services in over 145 countries. 22 brands including Arcelik, Beko, Grundig, Blomberg, Arctic, Defy, Dawlance, Hotpoint, Indesit, Leisure, Singer, Voltas Beko, and ElektraBregenz.Confluence: 7,736 spaces, 16,371+ pages, 10,313+ attachments, with full technical documentation, internal rules, marketing, engineering specs, R&D results, quality manuals, and project docs across business units. Jira: 10,419 projects - ETC. Access broker - ADAPTAVIST LTD. Thanks",TR,Manufacturing,,2026-05-06,2026-05-01,name,2026-05-01,2026-05,5.0,False,False,False,TheGentlemen
kkkin,Kınık Gross,kinikgross.com,com,2026-04-29 13:02,2026-04-29,2026-04,239,2026-05-09 12:02,,,False,False,False,False,False,"kinikgross.com Kınık Gross Toptan Market is the first and only local wholesale market in the Thrace (Trakya) region of Turkey, located in Çorlu. It offers a wide range of products including fresh produce, meat, deli, legumes, cleaning supplies, and personal care items — all at competitive wholesale prices",TR,Professional Services,,2026-05-06,2026-04-29,domain,2026-04-29,2026-04,7.0,False,False,False,TheGentlemen
divisisf,Diviso Grupo Financiero,diviso.pe,pe,2026-04-29 12:53,2026-04-29,2026-04,239,2026-05-09 11:53,,,False,False,False,False,False,"diviso.pe zoominfo.com/c/diviso-grupo-financiero-sa/372139811 Diviso Grupo Financiero S.A. is a Lima-based financial holding company founded in 2003 (formerly NCF Inversiones SA, rebranded in November 2013). With around 1,000–5,000 employees and led by CEO José Romero Tapia, it offers a comprehensive portfolio of capital market services through its two main subsidiaries — DIVISO Fondos (mutual and investment funds) and DIVISO Bolsa (stock brokerage). The group holds strategic stakes in major regional exchanges, including the Lima Stock Exchange (BVL), CAVALI, and the Chilean Products Exchange. It is publicly traded on the Lima Stock Exchange under ticker DIVIC1 with a market cap of ~313 million PEN",PE,Financial Services,,2026-05-06,2026-04-29,domain,2026-04-29,2026-04,7.0,False,False,False,TheGentlemen
magggdg,Magisterial Service,magisterialservices.gov.pg,pg,2026-04-29 12:52,2026-04-29,2026-04,239,2026-05-09 11:52,,,False,False,False,False,False,"magisterialservices.gov.pg The Magisterial Service of Papua New Guinea (MS) is the administrative arm of the country's District Court system, established in 1975 under Section 173(1) of the PNG Constitution. It oversees the effective and efficient administration of 63 District Court establishments and over 400 gazetted court-holding locations across the country. Headquartered in Port Moresby, the service is led by the Chief Magistrate and operates under the Ministry of Justice and Attorney General. Its budget for 2025 was projected at K109 million, reflecting the government's commitment to improving access to justice nationwide",PG,Professional Services,,2026-05-06,2026-04-29,domain,2026-04-29,2026-04,7.0,False,False,False,TheGentlemen
fofgds,Forsheda Stlverktyg,stalverktyg.com,com,2026-04-29 12:50,2026-04-29,2026-04,239,2026-05-09 11:50,,,False,False,False,False,False,"stalverktyg.com zoominfo.com/c/forsheda-stlverktyg-ab/345814836 Forsheda Stalverktyg AB is a Swedish industrial company founded in 1961 by Sigfrid Johansson, based in Forsheda, Sweden. For over 60 years, it has developed, manufactured, and serviced high-quality injection molding tools for the plastics, rubber, and metal industries. The company manages the full tool lifecycle — from product idea and manufacturing to repair and modification — and is certified to ISO 9001:2015 and ISO 14001:2015. It employs 11–50 people and collaborates with international suppliers in Asia",SE,Manufacturing,,2026-05-06,2026-04-29,domain,2026-04-29,2026-04,7.0,False,False,False,TheGentlemen
fabr,Fabritius,fabritius.be,be,2026-04-29 12:47,2026-04-29,2026-04,239,2026-05-09 11:47,,,False,False,False,False,False,"fabritius.be ETS Fabritius SPRL is a Belgian family-owned company founded in 1976, with roots going back to 1945. For over 50 years, it has manufactured and sold temperature measurement equipment — including thermocouples, resistance thermometers, converters, regulators, and connectors. The business has been passed down through three generations of the Fabritius family, combining deep product expertise with a commitment to quality and flexible customer service",BE,Manufacturing,,2026-05-06,2026-04-29,domain,2026-04-29,2026-04,7.0,False,False,False,TheGentlemen
aaffref,ACFA Regionale de Calgary,acfa.ab.ca,ca,2026-04-27 11:24,2026-04-27,2026-04,239,2026-05-07 10:24,,,False,False,False,False,False,"acfa.ab.ca zoominfo.com/c/acfa-régionale-de-calgary/354494275 The ACFA (French Canadian Association of Alberta) was founded in 1926 and serves as the official political spokesperson for all French-speaking people in Alberta. Its core mission is to protect francophone linguistic rights, advance French-language education, and strengthen the cultural vitality of Alberta's Francophone communities across 13+ regional branches. The non-profit is headquartered in Edmonton and employs between 11–50 people. It is currently approaching its 100th anniversary, with the board actively planning centennial celebrations",CA,Professional Services,,2026-05-06,2026-04-27,domain,2026-04-27,2026-04,9.0,False,False,False,TheGentlemen
beaccc,Beaconhouse School System,beaconhouse.net,net,2026-04-27 11:22,2026-04-27,2026-04,239,2026-05-07 10:22,,,False,False,False,False,False,"beaconhouse.net zoominfo.com/c/beaconhouse-school-system/351460008 Beaconhouse was founded in November 1975 in Lahore, Pakistan, as the modest Les Anges Montessori Academy with just 19 toddlers. Today it has grown into a global network with over 380,000 students across 8 countries, including Pakistan, the UK, Malaysia, the Philippines, UAE, Oman, Belgium, and Thailand. The group employs more than 18,000 staff from around the world and encompasses everything from early childhood education to university-level institutions such as Beaconhouse National University and Concordia Colleges. In 1996, it became the first private school network in the world to receive financing from the World Bank's International Finance Corporation",PK,Education,,2026-05-06,2026-04-27,domain,2026-04-27,2026-04,9.0,False,False,False,TheGentlemen
cooldldff,Colegio Notre Dame Campinas,notredamecampinas.com.br,br,2026-04-27 11:20,2026-04-27,2026-04,239,2026-05-07 10:20,,,False,False,False,False,False,"notredamecampinas.com.br zoominfo.com/c/colégio-notre-dame-campinas/460150468 Colégio Notre Dame is a private Catholic school founded in 1961 in Campinas, São Paulo, Brazil, by the Congregation of Holy Cross. The school offers education from kindergarten through secondary school (Ensino Infantil to Ensino Médio), as well as international curriculum programs. With over 12,000 Instagram followers and 51–200 employees, it is one of the most recognized private schools in the Campinas region. Its motto — ""educating minds and hearts"" — reflects its mission to combine academic excellence with Catholic values",BR,Education,,2026-05-06,2026-04-27,domain,2026-04-27,2026-04,9.0,False,False,False,TheGentlemen
ititimafg,IT Management,itmanagement.co.th,th,2026-04-27 11:17,2026-04-27,2026-04,239,2026-05-07 10:17,,,False,False,False,False,False,"itmanagement.co.th zoominfo.com/c/it-management-co-ltd/446178193 IT Management Co., Ltd. is a small local IT company based in Bangkok, Thailand, located at 562 Dindaeng Road, Din Daeng district. The company specializes in network intelligence and IT infrastructure solutions, assembling teams capable of handling a full range of networking functions. It appears to be a boutique-sized local business with a modest online presence",TH,Technology,,2026-05-06,2026-04-27,domain,2026-04-27,2026-04,9.0,False,False,False,TheGentlemen
mimmsms,MIMS,mims.com,com,2026-04-27 11:14,2026-04-27,2026-04,239,2026-05-07 10:14,,,False,False,False,False,False,"mims.com zoominfo.com/c/mims-pte-ltd/354424916 MIMS is a pharmaceutical prescribing reference guide first published in the United Kingdom in 1959 by Haymarket Media Group. The platform provides comprehensive drug information — including dosages, interactions, clinical guidelines, and prescribing data — for healthcare professionals across the globe. MIMS operates internationally across Asia, Australia, and beyond, with dedicated editions for countries including Malaysia, India, Indonesia, Japan, Singapore, and many others. Its mobile app and online database are used daily by doctors and pharmacists for drug lookups, medical news, and CME articles",SG,Professional Services,,2026-05-06,2026-04-27,domain,2026-04-27,2026-04,9.0,False,False,False,TheGentlemen
noostrr,Nostrum,nostrum.co.jp,jp,2026-04-27 11:09,2026-04-27,2026-04,239,2026-05-07 10:09,,,False,False,False,False,False,"nostrum.co.jp Nostrum Corporation, based in Japan, was founded in 1991 and specializes in smartphone app development, web system development, and website construction. The company is represented by Ryoichi Jono and is registered on the J-GoodTech platform as a verified Japanese technology business. One of their flagship self-developed products is a job aptitude test preparation tool — a simulation platform replicating real SPI, TG-WEB, and similar employment exam interfaces used by major Japanese companies",JP,Technology,,2026-05-06,2026-04-19,domain,2026-04-27,2026-04,9.0,False,False,False,TheGentlemen
keinff,Heinrich Kopp,kopp.eu,eu,2026-04-27 11:03,2026-04-27,2026-04,239,2026-05-07 10:03,,,False,False,False,False,False,"kopp.eu https://www.zoominfo.com/c/heinrich-kopp-gmbh/372789517 Heinrich Kopp GmbH, headquartered in Kahl am Main, Germany, has been developing and manufacturing electrical installation products ""Made in Germany"" since 1927. The company offers a catalog of over 7,000 products — from simple plugs and switches to Smart Home and wireless radio systems. Kopp is one of the leading electrical installation brands in German-speaking countries, serving both professional electricians and DIY customers. In 2020, the company launched a new ""Energy & Home Automation"" division, expanding into the smart home market",DE,Manufacturing,,2026-05-06,2026-04-27,domain,2026-04-27,2026-04,9.0,False,False,False,TheGentlemen
sdsss,Suzhou Yike Kejian,,,2026-04-23 16:50,2026-04-23,2026-04,239,2026-05-03 15:50,,,False,False,False,False,False,"dnb.com/business-directory/company-profiles.suzhou_yike_kejian_architectural_design_research_institute_co_ltd_nanjing_bra_nch.12f22121a67d4f912a7d8a5b634d830a.html Suzhou Yike Kejian Architectural Design Research Institute Co., Ltd. (Nanjing Branch) is a Chinese architectural design and research firm operating in the Residential Building Construction sector, classified under the Construction of Buildings industry. The company is registered in Nanjing, Jiangsu Province, and operates as a branch of the parent entity headquartered in Suzhou, Jiangsu. It is a small regional design institute serving the competitive Yangtze River Delta construction market, with professionally certified engineers on staff",CN,Manufacturing,,2026-04-26,2025-10-07,name,2026-04-23,2026-04,3.0,False,False,False,TheGentlemen
laswdsd,Lawson Software,lawson.co.th,th,2026-04-23 16:09,2026-04-23,2026-04,239,2026-05-03 15:09,,,False,False,False,False,False,"lawson.co.th zoominfo.com/c/lawson-software-co-ltd/454540883 Lawson Software (Thailand) Co., Ltd. is a Bangkok-based IT consulting firm specializing in ERP (Enterprise Resource Planning) implementation and business software solutions, founded in 1999. The company is headquartered at Gypsum Metropolitan Tower, Si Ayutthaya Road, Ratchathewi, Bangkok, and has a team of 11–50 employees",TH,Professional Services,,2026-04-26,2026-04-26,domain,2026-04-23,2026-04,3.0,False,False,False,TheGentlemen
cargtlasf,Coralina,coralina.gov.co,co,2026-04-23 16:00,2026-04-23,2026-04,239,2026-05-03 15:00,,,False,False,False,False,False,"coralina.gov.co zoominfo.com/c/coralina/425697881 CORALINA (Corporación para el Desarrollo Sostenible del Archipiélago de San Andrés, Providencia y Santa Catalina) is the official Colombian government environmental authority responsible for managing and protecting the natural resources of the San Andrés, Providencia, and Santa Catalina archipelago in the Caribbean. It was created under Article 37 of Law 99 of December 22, 1993 and operates as a public entity with administrative and financial autonomy, its own assets, and legal status",CO,Government & Defense,,2026-04-26,2026-04-26,domain,2026-04-23,2026-04,3.0,False,False,False,TheGentlemen
eeeccc,EEC Group,eecegypt.com,com,2026-04-23 15:58,2026-04-23,2026-04,239,2026-05-03 14:58,,,False,False,False,False,False,"eecegypt.com zoominfo.com/c/eec-group/372746808 EEC Group (Engineering Enterprises for Civil & Steel Constructions S.A.E.) is an Egyptian engineering and construction conglomerate headquartered at EEC Tower, Sheraton Heliopolis, Cairo. Founded in 1977 as a construction company, it expanded into steel structure manufacturing in 1983 and became a telecom infrastructure turnkey contractor from 1996 onwards",EG,Professional Services,,2026-04-26,2026-04-26,domain,2026-04-23,2026-04,3.0,False,False,False,TheGentlemen
erereryry,Euro Creations,eurocreations.co.th,th,2026-04-20 15:01,2026-04-20,2026-04,239,2026-04-30 14:01,,,False,False,False,False,False,"eurocreations.co.th Luxury furniture retailer founded in 1996, Bangkok — Euro Creations is a Thailand-based public company (SET: EURO) specializing in importing and distributing European luxury furniture, lighting, and home accessories, headquartered on Sukhumvit Road, Bangkok. Three flagship stores in prime Bangkok locations — The company operates showrooms at CDC, Siam Paragon, and Thonglor, offering curated collections from world-renowned European brands across living room, bedroom, bathroom, kitchen, outdoor, and wardrobe categories.",TH,Retail & E-Commerce,,2026-04-23,2026-04-20,domain,2026-04-20,2026-04,3.0,False,False,False,TheGentlemen
gchhahacffg,Champion Homes,championhomes.com.au,au,2026-04-20 14:49,2026-04-20,2026-04,239,2026-04-30 13:49,,,False,False,False,False,False,"championhomes.com.au zoominfo.com/c/champion-homes-pty-ltd/345413802 Established Sydney home builder since 1998 — Champion Homes is a residential building company operating in Greater Sydney and the Illawarra region of NSW, with thousands of homes built over more than 25 years. Specializes in duplexes, knockdown rebuilds & house/land packages — Their core offerings include duplex construction, knock-down rebuilds, house & land packages, narrow lot designs, and custom single or double-storey homes with 3–5 bedrooms.Quality-first approach with guarantees — Every completed home comes with 9 Champion Certificates & Guarantees, and the company partners exclusively with leading Australian brands as standard inclusions for maximum value.",AU,Retail & E-Commerce,,2026-04-23,2026-04-21,domain,2026-04-20,2026-04,3.0,False,False,False,TheGentlemen
airrrrcos,AIRCOS,aircospascual-anjac.com,com,2026-04-19 13:21,2026-04-19,2026-04,100,2026-04-23 17:21,,,False,False,False,False,False,"aircospascual-anjac.com rocketreach.co/aircos-profile_b5cafd62f42e1406 Aircos Pascual is a French industrial cosmetics manufacturer and part of the ANJAC Group, specializing in hybrid makeup technologies — loose powders, hot-cast formulas, lip fluids, and foundation fluids. With 300 employees, 25 R&D specialists, 450 active formulas, and 3 production sites across France, the company serves leading beauty brands from ideation through launch.",FR,Transportation,,2026-04-04,2026-04-04,domain,2026-04-04,2026-04,-15.0,True,False,False,TheGentlemen
systlwe,Teleos Systems,teleosvet.co.uk,uk,2026-04-19 13:12,2026-04-19,2026-04,239,2026-04-29 12:12,,,False,False,False,False,False,"teleosvet.co.uk Teleos Systems Limited is a UK-based software company founded on 14 November 1997, headquartered in St. Neots, Cambridgeshire, and is the largest independent supplier of Veterinary Practice Management Systems (VPMS) in the UK and Ireland. The company has been developing and supporting its flagship veterinary management software for over 20 years, serving small independent practices as well as large multi-site veterinary groups.",GB,Technology,,2026-04-19,2026-04-19,domain,2026-04-19,2026-04,0.0,False,False,False,TheGentlemen
anddrerr,Anderlues,anderlues.be,be,2026-04-19 13:09,2026-04-19,2026-04,239,2026-04-29 12:09,,,False,False,False,False,False,"Anderlues.be is the official website of the municipality of Anderlues, a small town in the province of Hainaut, Wallonia, Belgium, with a population of approximately 12,000 residents and an area of 17 km². The site serves as the main digital portal for local government services, including an e-counter (E-Guichet) for requesting official documents online, news and announcements, cultural events, and public infrastructure services. The municipality is governed by a local council and offers residents services such as recycling centres, social assistance, energy subsidies, and cultural programmes through its community centre ""La Bourlette""",BE,Manufacturing,,2026-04-19,2026-04-08,domain,2026-04-19,2026-04,0.0,False,False,False,TheGentlemen
suaskl,Suma Sklep,suma24.pl,pl,2026-04-19 12:40,2026-04-19,2026-04,239,2026-04-29 11:40,,,False,False,False,False,False,"Suma24.pl is a Polish B2B online store specializing in professional cleaning products, catering equipment, and hygiene systems for the HoReCa (Hotel, Restaurant, Catering) and food industry sectors. It is operated by Suma Service, a family-owned company founded in 1995 and headquartered in Koszalin, Poland. The store offers 24/7 online ordering with payment via bank transfer, BLIK, and online transfers, and provides personalized offers, technical consulting, and long-term partnership programs",PL,Retail & E-Commerce,,2026-04-19,2026-04-19,domain,2026-04-19,2026-04,0.0,False,False,False,TheGentlemen
jeanctctttr,Jean Cultural,jeancard.com,com,2026-04-19 12:39,2026-04-19,2026-04,239,2026-04-29 11:39,,,False,False,False,False,False,"jeancard.com Jean Cultural & Creative Co., Ltd. is a Taiwanese stationery, greeting card, and gift company founded in 1976, with nearly 50 years of experience in the international gifts and stationery industry. The company specializes in original-design handmade greeting cards, stickers, gift wrap, and creative lifestyle products, blending traditional and modern craftsmanship with designs inspired by everyday life and nature. It operates globally with products distributed in over 80 countries and maintains an online shop at shop.jeancard.com.",TW,Retail & E-Commerce,,2026-04-19,2026-04-19,domain,2026-04-19,2026-04,0.0,False,False,False,TheGentlemen
philippee,Philip Lee,philiplee.ie,ie,2026-04-19 12:35,2026-04-19,2026-04,239,2026-04-29 11:35,,,False,False,False,False,False,"philiplee.ie zoominfo.com/c/philip-lee/429614246 Philip Lee LLP is one of Ireland's leading full-service corporate and commercial law firms, founded in 1993 by Philip Lee as a sole practitioner and grown to a staff of over 200 professionals. The firm has offices in Dublin, Cork, London, and New York, and is the sole Irish member of Multilaw — a global network of 10,000+ lawyers across 100 countries. It is recognized as a top-tier practice in areas including corporate & M&A, data protection (acting as sole legal adviser to the Irish Data Protection Commission), construction, energy, IP, fintech, and blockchain",IE,Professional Services,,2026-04-19,2026-04-19,domain,2026-04-19,2026-04,0.0,False,False,False,TheGentlemen
juujumb,Jumbo Transport,jumbotransport.dk,dk,2026-04-19 12:32,2026-04-19,2026-04,239,2026-04-29 11:32,,,False,False,False,False,False,"jumbotransport.dk zoominfo.com/c/jumbo-transport/1161644600 Jumbo Transport A/S is a privately-owned Danish freight forwarding and logistics company founded in 1982, headquartered in Brøndby (Copenhagen) with 3 locations in Denmark and own offices in Sweden, Norway, and Finland. The company operates 100+ trucks across Europe daily, 14,000 m² of heated warehouse space, and is an IATA-certified air cargo agent with 38 partners across Europe. Its services cover road, sea, and air freight, warehousing, logistics, ADR dangerous goods, and specialized transport (wine & spirits, furniture, point-of-sale materials)",DK,Transportation,,2026-04-19,2026-04-19,domain,2026-04-19,2026-04,0.0,False,False,False,TheGentlemen
santalu,Laboratório Santa Luzia,sluzia.com.br,br,2026-04-19 12:30,2026-04-19,2026-04,239,2026-04-29 11:30,,,False,False,False,False,False,"sluzia.com.br zoominfo.com/c/laboratório-médico-santa-luzia/430822893 Laboratório Santa Luzia is a leading clinical analysis laboratory based in Florianópolis, Brazil, with over 45 years of experience in diagnostic and preventive medicine. It offers more than 2,000 types of medical tests, vaccination services, home collection, and pediatric care across nearly 30 units in the Greater Florianópolis area. The lab also provides corporate health plans, pre-employment exams, and partnerships with clinics, hospitals, and other labs.",BR,Healthcare,,2026-04-19,2026-04-19,domain,2026-04-19,2026-04,0.0,False,False,False,TheGentlemen
bmtttp,Bmtp,bmtp.co.th,th,2026-04-19 12:28,2026-04-19,2026-04,239,2026-04-29 11:28,,,False,False,False,False,False,"bmtp.co.th zoominfo.com/c/bmtp/471078846 BMTP (BMT Pacific Ltd.) is a private container terminal and full-service logistics provider located in Bangkok, Thailand, operating along the Chao Phraya River. The company offers comprehensive import/export cargo handling — including FCL/LCL containers, reefer cargo (225 plugs), oversized and dangerous goods — as well as warehousing, fumigation, and on-site paperless customs clearance. BMTP is ISO 9001:2015 certified, has over 30 years of experience, operates 24/7, and is connected via barge to Laem Chabang deep-sea port",TH,Transportation,,2026-04-19,2026-04-19,domain,2026-04-19,2026-04,0.0,False,False,False,TheGentlemen
ravandskrt,Ravands Plastech,ravands.com,com,2026-04-15 11:33,2026-04-15,2026-04,239,2026-04-25 10:33,,,False,False,False,False,False,"ravands.com zoominfo.com/c/ravands-plastech/347934317 Ravands Plastech (also known as Ravands Controls Inc.) is an Indian manufacturer of irrigation components founded in 2002 in Chittoor, Andhra Pradesh, by a farmer's son with a mission to solve water management challenges for local farmers. The company produces thermoplastic ball valves, gate valves, non-return valves, filters, and drip irrigation components using high-quality polymers and CNC injection molding technology",IN,Manufacturing,,2026-04-08,2026-04-08,domain,2026-04-08,2026-04,-7.0,True,False,False,TheGentlemen
ordedeghgg,El Ordeno,elordeno.com,com,2026-04-15 11:31,2026-04-15,2026-04,239,2026-04-25 10:31,,,False,False,False,False,False,"elordeno.com zoominfo.com/c/el-ordeño/363579816 El Ordeño (Sociedad Industrial Ganadera El Ordeño S.A.) is an Ecuadorian agro-industrial dairy company founded in 2001, headquartered in Quito, Pichincha Province. It operates an inclusive and associative business model that connects over 6,000 small and medium dairy producers across 100+ collection centers in the Ecuadorian highlands and Amazon. In 2019, it became the first certified B Corporation dairy company in Ecuador, Latin America, and the Caribbean",EC,Agriculture and Food Production,,2026-04-19,2026-04-15,domain,2026-04-15,2026-04,4.0,False,False,False,TheGentlemen
marchsikdde,Marchesi di Barolo,marchesibarolo.com,com,2026-04-15 11:29,2026-04-15,2026-04,239,2026-04-25 10:29,,,False,False,False,False,False,"marchesibarolo.com zoominfo.com/c/marchesi-di-barolo/372735437 English: Marchesi di Barolo is one of Piedmont's most prestigious wine estates, with roots dating back to the early 19th century, when Marchesa Juliette Colbert Falletti pioneered the production of dry, structured Barolo — earning it the title ""Wine of Kings, King of Wines"". In 1929, local winemaker Pietro Abbona acquired the historic cellars, and the Abbona family has been leading the estate for six generations ever since",IT,Agriculture and Food Production,,2026-04-19,2026-04-15,domain,2026-04-15,2026-04,4.0,False,False,False,TheGentlemen
diskspero,Disk Precision,diskprecision.com,com,2026-04-15 11:25,2026-04-15,2026-04,239,2026-04-25 10:25,,,False,False,False,False,False,"diskprecision.com zoominfo.com/c/disk-precision-group/11452653 Disk Precision Group (DP Group) is a Singapore-headquartered precision engineering company founded in 1986, specializing in CNC Turning and Milling of high-precision metal components. With manufacturing sites across Southeast Asia (Singapore, Malaysia, Thailand), they serve global OEM clients in Oil & Gas, Automotive, Consumer Electronics, and Aerospace sectors",SG,Manufacturing,,2026-04-19,2026-04-15,domain,2026-04-15,2026-04,4.0,False,False,False,TheGentlemen
grenephar,Greenpharma,greenpharma.com.br,br,2026-04-15 11:23,2026-04-15,2026-04,239,2026-04-25 10:23,,,False,False,False,False,False,"greenpharma.com.br zoominfo.com/c/greenpharma-química-e-farmacêutica-eireli/558034818 Greenpharma Química & Farmaceutica is a Brazilian pharmaceutical manufacturer founded in 1989 in Anapolis, Goiás, acquired in 1995 by industrial pharmacist Eduardo Gonçalves. The company produces generic and OTC medicines, distributes across all Brazilian states through pharmacy and hospital channels, and operates its own certified pharmaceutical equivalence laboratory (EQFAR-21) accredited by ANVISA",BR,Healthcare,,2026-04-19,2026-04-15,domain,2026-04-15,2026-04,4.0,False,False,False,TheGentlemen
satsssf,SATS Sports Club Sweden,sats.se,se,2026-04-12 11:36,2026-04-12,2026-04,72,2026-04-15 11:36,,,False,False,False,False,False,"sats.se zoominfo.com/c/sats-sports-club-sweden-ab/431547514 SATS is the largest fitness chain in the Nordics, founded in Sweden in 1995 with a mission to make people healthier and happier. Operating under the brands SATS, ELIXIA, and Fresh Fitness, the group runs over 274 clubs across Norway, Sweden, Finland, and Denmark, serving 733,000 members with 10,000 employees. It is also one of the five largest fitness operators in Europe, offering gym facilities, group classes, personal training, and digital fitness tools",SE,Hospitality,,2026-03-22,2026-03-22,domain,2026-03-22,2026-03,-21.0,True,False,False,TheGentlemen
reintrv,Verzinkerei Rentrop,verzinkerei-rentrop.de,de,2026-04-12 11:28,2026-04-12,2026-04,239,2026-04-22 10:28,,,False,False,False,False,False,"verzinkerei-rentrop.de zoominfo.com/c/verzinkerei-rentrop-gmbh/1103509945 Verzinkerei Rentrop GmbH is a German industrial company founded in 1929 in Plettenberg, NRW, specializing in steel surface treatment — primarily hot-dip galvanizing, electrogalvanizing, and phosphatizing. The company also produces steel products such as protective grids, fencing, sheets, and profiles. After filing for insolvency in 2019, its assets were sold to Verzinkerei",DE,Manufacturing,,2026-04-14,2026-04-14,domain,2026-04-12,2026-04,2.0,False,False,False,TheGentlemen
cdoublecfaa,Double C Farm,doublecfarm.net,net,2026-04-11 16:25,2026-04-11,2026-04,239,2026-04-21 15:25,,,False,False,False,False,False,"doublecfarm.net zoominfo.com/c/double-c-farm-llc/356570449 Double C Farm is a private equestrian facility in Montgomery County, Maryland, near Sugarloaf Mountain, owned and operated by Cridder Halle. It features an Extreme Mountain Trail Obstacle Course with 30+ obstacles (bridges, balance beams, water obstacles, trenches) and offers Ranch Riding clinics, group/private lessons, and schooling shows for all skill levels — approved by the East Coast Ranch Riding Association (ECRRA).",US,Agriculture and Food Production,,2026-04-14,2026-04-14,domain,2026-04-11,2026-04,3.0,False,False,False,TheGentlemen
hostptitaltt,International Maritime Hospita,imah.gov.gh,gh,2026-04-11 16:24,2026-04-11,2026-04,239,2026-04-21 15:24,,,False,False,False,False,False,"imah.gov.gh zoominfo.com/c/international-maritime-hospital-imah/1339985496 IMaH (International Maritime Hospital) is a government-affiliated, world-class healthcare facility located in Tema, Ghana, operating 24/7 year-round including holidays. It specializes in maritime and general health services, offering a wide range of facilities including operating theatres, maternity wards, an oxygen plant, morgue, and emergency care. The hospital is ranked among the top ten hospitals in Ghana and actively participates in international medical tourism expos",GH,Healthcare,,2026-04-14,2026-04-14,domain,2026-04-11,2026-04,3.0,False,False,False,TheGentlemen
harrrrrlem,Harlem Stage,harlemstage.org,org,2026-04-11 16:22,2026-04-11,2026-04,239,2026-04-21 15:22,,,False,False,False,False,False,"harlemstage.org zoominfo.com/c/harlem-stage/109888723 Founded in 1983, Harlem Stage is a New York-based performing arts organization dedicated to empowering artists of the Global Majority — amplifying stories that have been whispered, silenced, or erased. Operating under the motto ""Harlem is our home; the world is our stage,"" it supports dance, music, theater, film, and visual arts through commissions, festivals, education programs, and global partnerships.",US,Retail & E-Commerce,,2026-04-14,2026-04-14,domain,2026-04-11,2026-04,3.0,False,False,False,TheGentlemen
clelcroe,Cleor,cleor.com,com,2026-04-11 16:17,2026-04-11,2026-04,239,2026-04-21 15:17,,,False,False,False,False,False,"cleor.com zoominfo.com/c/cleor/355616744 CLEOR is a historic French jewelry brand with over 20 years of experience, offering jewelry, watches, and accessories for men, women, and children online and in stores across France. They control the full production chain — from raw material sourcing to creative design and assembly — with a focus on quality precious materials (18K gold, diamonds, pearls, gemstones) at fair prices",FR,Retail & E-Commerce,,2026-04-14,2026-04-14,domain,2026-04-11,2026-04,3.0,False,False,False,TheGentlemen
beranadd,Brand Collective,brandcollective.com.au,au,2026-04-11 16:14,2026-04-11,2026-04,100,2026-04-15 20:14,,,False,False,False,False,False,"brandcollective.com.au zoominfo.com/c/brand-collective-pty-ltd/366644163 Brand Collective is Australia's leading house of apparel, footwear, and sports brands. They manage owned and licensed brands across the full product lifecycle — from strategy, design, and development to sales, supply chain, retail operations, e-commerce, and marketing.",AU,Professional Services,,2026-04-14,2026-04-14,domain,2026-04-11,2026-04,3.0,False,False,False,TheGentlemen
gemmttt,GEM Terminal,gem.com.tw,tw,2026-04-09 17:19,2026-04-09,2026-04,239,2026-04-19 16:19,,,False,False,False,False,False,"gem.com.tw zoominfo.com/c/gem-terminal-industry-co-ltd/46452181 Gem Terminal Ind. Co., Ltd. is engaged in the manufacture and sale of terminals used for electronic communication, automobile transportation and electrical plugs. The Company also offers ceramic ferrules, bushings and modules. During the year ended December 31, 2007, the Company obtained approximately 92% of its total revenue from terminals",TW,Technology,,2026-04-14,2026-04-01,domain,2026-04-09,2026-04,5.0,False,False,False,TheGentlemen
intrrra,Intra,intracare.co.nz,nz,2026-04-09 17:00,2026-04-09,2026-04,238,2026-04-19 15:00,,,False,False,False,False,False,"intracare.co.nz zoominfo.com/c/intra-ltd/430152179 IntraCare is New Zealand's leading private centre of excellence for advanced image-guided medical diagnostics and interventions, founded in 1990 in Auckland. It specialises in three areas: Interventional Cardiology, Electrophysiology, and Interventional Radiology, with over 30 practising specialists treating more than 2,000 patients per year. The clinic operates from two locations — Allevia Hospital Epsom and Southern Cross Hospital North Shore — and is internationally recognized for pioneering procedures like TAVI, implanting the first device in the Asia-Pacific region in 2008",NZ,Healthcare,,2026-04-14,2026-03-20,domain,2026-04-09,2026-04,5.0,False,False,False,TheGentlemen
psyyss,PsychPlus,psychplus.com,com,2026-04-08 17:28,2026-04-08,2026-04,239,2026-04-18 16:28,,,False,False,False,False,False,"psychplus.com zoominfo.com/c/psychplus/1319245304 PsychPlus is a Houston-based mental health company founded in 2019–2020, offering virtual and in-person care via licensed psychiatrists and therapists. It focuses on accessibility by accepting 99% of commercial insurances (including Medicare/Medicaid), providing same/next-day appointments, and enabling 24/7 online booking through its app and EHR platform, with over 200 providers and plans to expand into 20 new U.S. markets in 2025",US,Healthcare,,2026-04-14,2026-04-14,domain,2026-04-08,2026-04,6.0,False,False,False,TheGentlemen
dggsgds,DGS,dgsts.com,com,2026-04-07 11:25,2026-04-07,2026-04,239,2026-04-17 10:25,,,False,False,False,False,False,"dgsts.com DGS Technical Services is a structural steel and mechanical engineering firm that has been providing comprehensive design, detailing, and 3D modeling services since 2004. Based in Elgin, Illinois, they serve a variety of industrial and commercial clients, including those in the semiconductor and vending machine industries.",US,Manufacturing,,2026-04-08,2026-04-08,domain,2026-04-07,2026-04,1.0,False,False,False,TheGentlemen
winnacccrr,Win Academy,winacademy.net,net,2026-04-07 11:22,2026-04-07,2026-04,239,2026-04-17 10:22,,,False,False,False,False,False,"Winacademy.net is an educational platform dedicated to preparing students for the JEE Main engineering entrance exam in India. It provides comprehensive details about the exam, including its pattern, syllabus, and eligibility criteria for top engineering institutes",IN,Education,,2026-04-08,2026-04-08,domain,2026-04-07,2026-04,1.0,False,False,False,TheGentlemen
jolddinin,Innovision Holdings,ivcorp.com,com,2026-04-07 11:20,2026-04-07,2026-04,239,2026-04-17 10:20,,,False,False,False,False,False,"ivcorp.com zoominfo.com/c/innovision-holdings-corp/1132964507 Founded in 2004, InnoVision Holdings Corporation is a group of apparel and accessories companies that focus on brand developments, product innovation, global sales, marketing and distribution. From the company's luxury fashion division to the company's mass market fan wear subsidiary, InnoVisions companies combine innovative designs, high quality, utility with respected brands in their respective markets. Through its portfolio of brands, be it its fully owned or licensed, created or acquired, InnoVision designs, manufacture and distribute to a diverse base of retailers in luxury lifestyle, outdoor, speciality and mass markets in over 30 countries",GB,Retail & E-Commerce,,2026-04-08,2026-04-05,domain,2026-04-07,2026-04,1.0,False,False,False,TheGentlemen
mahahyccc,Mahyco Pvt,mahyco.com,com,2026-04-07 11:17,2026-04-07,2026-04,239,2026-04-17 10:17,,,False,False,False,False,False,"mahyco.com zoominfo.com/c/mahyco-pvt-ltd/23527722 Mahyco Private Limited is a pioneer in the research, development, production, processing, and marketing of high-quality hybrid and open-pollinated seeds for the Indian agricultural sector. Founded in 1964, the company aims to enhance the lives of farmers through innovative agricultural products and cutting-edge technology. Mahyco serves a diverse clientele of farmers across India, providing them with superior seed varieties that improve yield and profitability",IN,Agriculture and Food Production,,2026-04-08,2026-04-08,domain,2026-04-07,2026-04,1.0,False,False,False,TheGentlemen
ciaarusrss,Ciarus,ciarus.de,de,2026-04-07 11:16,2026-04-07,2026-04,239,2026-04-17 10:16,,,False,False,False,False,False,"ciarus.de zoominfo.com/c/ciarus/1324145982 Ciarus Technologies is a software development company based in Germany that specializes in custom software development, web and mobile app development, IT outsourcing, and DevOps services. They cater to businesses looking for tailored IT solutions to enhance their competitiveness in the digital landscape. With a focus on exceptional customer service and technical expertise, Ciarus aims to help clients bring their ideas to life through reliable and cost-effective technology",DE,Technology,,2026-04-08,2026-04-08,domain,2026-04-07,2026-04,1.0,False,False,False,TheGentlemen
hosptttt,Hospital del Sur,hospitaldelsur.gov.co,co,2026-04-07 11:14,2026-04-07,2026-04,239,2026-04-17 10:14,,,False,False,False,False,False,"hospitaldelsur.gov.co zoominfo.com/c/hospital-del-sur-itag-gabriel-jaramillo-piedrahita-sede-santamara/547031936 E.S.E Hospital del Sur is a healthcare institution located in Itagüí, Antioquia, Colombia, providing a range of medical services including general consultations, hospitalization, imaging, laboratory services, and emergency care",AR,Healthcare,,2026-04-08,2026-04-08,domain,2026-04-07,2026-04,1.0,False,False,False,TheGentlemen
opttitt,Optima Servicios Financieros,optima.com.sv,sv,2026-04-07 11:13,2026-04-07,2026-04,239,2026-04-17 10:13,,,False,False,False,False,False,"optima.com.sv zoominfo.com/c/optima-servicios-financieros/372626508 Optima Sociedad de Ahorro y Crédito provides financial products and services tailored for the micro, small, and medium enterprises sector in El Salvador. The company offers various types of loans, including business, corporate, and personal loans, along with services such as basic services payment and remittances. With over 15 years of experience and international backing, Optima aims for dual profitability in its operations. Their commitment to customer service and transparency is supported by a range of financial solutions designed to assist their clients effectively",MX,Financial Services,,2026-04-08,2026-04-08,domain,2026-04-07,2026-04,1.0,False,True,True,TheGentlemen
accceeeee,ACE Consulting Engineers,ace-mb.com,com,2026-04-07 10:59,2026-04-07,2026-04,239,2026-04-17 09:59,,,False,False,False,False,False,"ace-mb.com rocketreach.co/ace-consulting-engineers-moharrambakhoum-profile_b6a453d5c87891f3 CE Moharam Bakhoum is a privately-owned international multidisciplinary engineering consultancy and project management organization, founded in 1950. With over 70 years of experience, ACE has become one of the most accomplished and well-renowned companies worldwide. We operate primarily across the Middle East, Africa, Asia, and Eastern Europe and have an exceptional portfolio of mega-projects and award-winning designs in more than 35 countries. Our services span across the entire range of construction-related activities; planning, design, project management and construction supervision, to name a few",EG,Professional Services,,2026-04-08,2026-04-08,domain,2026-04-07,2026-04,1.0,False,False,False,TheGentlemen
thaisse,Thai Special Gas,tsgco.co.th,th,2026-04-07 10:57,2026-04-07,2026-04,239,2026-04-17 09:57,,,False,False,False,False,False,"tsgco.co.th zoominfo.com/c/thai-special-gas-co-ltd/454621538 Thai Special Gas (TSG) specializes in providing high-quality industrial and energy gases, onsite gas generators, refrigerants, and related equipment. The company is dedicated to delivering exceptional customer service and integrated solutions, ensuring client satisfaction through advanced technology and rapid response. TSG also offers engineering services, quality control and laboratory testing, cylinder testing, and training programs for gas handling. With over 20 years of expertise",TH,Energy & Utilities,,2026-04-08,2026-04-08,domain,2026-04-07,2026-04,1.0,False,False,False,TheGentlemen
strtrrrrr,Structures Stucco,structuresstucco.com,com,2026-04-07 10:56,2026-04-07,2026-04,239,2026-04-17 09:56,,,False,False,False,False,False,"structuresstucco.com zoominfo.com/c/structures-stucco-llc/398264895 Structures Stucco, LLC is a stucco subcontractor based in Phoenix, Arizona, specializing in multi-family homes, single-family homes, and commercial buildings. The company is committed to providing quality work, honest service, and great value, ensuring customer satisfaction through top-quality stucco services. They offer written quotes with accurate estimates of time and budget before starting any project. Structures Stucco prioritizes delivering quality jobs without compromising affordability or speed of implementation",US,Manufacturing,,2026-04-08,2026-04-08,domain,2026-04-07,2026-04,1.0,False,False,False,TheGentlemen
thairunn,Thai Rung Union Car,thairung.co.th,th,2026-04-07 10:53,2026-04-07,2026-04,239,2026-04-17 09:53,,,False,False,False,False,False,thairung.co.th zoominfo.com/c/thai-rung-union-car-public-company-ltd/104628554 Thai Rung Union Car Public Company Limited focuses on providing high-quality automotive solutions tailored for the Thai market. The company emphasizes constant innovation and sustainable development in its operations. It aims to build a better community through its products and services. Their target clients include individuals and businesses seeking reliable and innovative automotive options,TH,Transportation,,2026-04-08,2026-04-08,domain,2026-04-07,2026-04,1.0,False,False,False,TheGentlemen
mettttrr,Metropolitan Pediatrics,metropeds.com,com,2026-04-07 10:49,2026-04-07,2026-04,239,2026-04-17 09:49,,,False,False,False,False,False,"metropeds.com zoominfo.com/c/metropolitan-pediatrics/51350701 Metropolitan Pediatrics is an independent pediatrician practice with a 51-year history of providing quality care to Metropolitan Pediatrics's community. Metropolitan Pediatrics's pediatricians are all trained to manage and prevent health problems in infants, children, teens and young adults in the most friendly and cost effective manner possible",US,Healthcare,,2026-04-08,2026-04-08,domain,2026-04-07,2026-04,1.0,False,False,False,TheGentlemen
Heatherwoodgolf,Heatherwood Golf Club,,,2026-04-06 12:57,2026-04-06,2026-04,239,2026-04-16 11:57,,,False,False,False,False,False,"https://www.zoominfo.com/c/heatherwood-golf-club/46681078 www.heatherwood.com For more than 60 years, Heatherwood has been committed to building upscale residential rental communities, commercial property and luxury urban spaces. Heatherwood is a privately owned, family run company founded on the principles of exemplary service, striking design, quality construction and appreciation for natural beauty. It is the company's commitment to these principles that has made Heatherwood one of the most highly regarded leaders in the industry. The company's formidable portfolio spans rental property from Brooklyn and Queens to the east end of Long Island. Heatherwood made its mark in the construction industry in the 1950's; building 5,000 homes across Long Island. The company has maintained the company's presence in the ""for sale"" real estate market with the completion of two senior communities; The Meadows at Valley Stream (2000) and Dutchgate Condominiums (2006).",GB,Hospitality,,2026-05-06,2026-04-06,name,2026-04-06,2026-04,30.0,False,False,False,TheGentlemen
eqqquuiitt,Equity Life,equity.co.id,id,2026-04-02 16:11,2026-04-02,2026-04,239,2026-04-12 15:11,,,False,False,False,False,False,"equity.co.id zoominfo.com/c/equity-life-indonesia/372772715 Equity Life Indonesia offers a range of life and health insurance solutions tailored for individual clients, corporate employee benefits, and retail insurance through various distribution channels. Their services include professional agency support, bancassurance partnerships, and customizable employee benefit programs to ensure the safety and well-being of employees",ID,Financial Services,,2026-04-04,2026-04-04,domain,2026-04-02,2026-04,2.0,False,False,False,TheGentlemen
azssmmr,Zamek Namest,zamek-namest.cz,cz,2026-04-02 16:04,2026-04-02,2026-04,239,2026-04-12 15:04,,,False,False,False,False,False,"zamek-namest.cz is a historic Czech town famous for its Renaissance chateau and a unique 18th-century Baroque bridge decorated with 20 statues. It serves as a cultural hub in the Vysocina region, hosting the popular Folk Holidays music festival and various art exhibitions. The town is also strategically significant due to its proximity to the Namest military airbase and the Dukovany nuclear power plant",CZ,Hospitality,,2026-04-04,2026-04-04,domain,2026-04-02,2026-04,2.0,False,False,False,TheGentlemen
dreaamttt,Dreamtoy,dreamtoy.co.th,th,2026-04-02 15:57,2026-04-02,2026-04,239,2026-04-12 14:57,,,False,False,False,False,False,"dreamtoy.co.th zoominfo.com/c/dreamtoy/539777419 Dream Toy Co., Ltd. specializes in the sale of authentic Japanese toys, including popular brands such as BANDAI, GUNDAM, KAMEN RIDER, and SENTAI. The company offers a wide range of products including action figures, model kits, and collectibles aimed at enthusiasts and fans of Japanese pop culture",TH,Retail & E-Commerce,,2026-04-04,2026-04-04,domain,2026-04-02,2026-04,2.0,False,False,False,TheGentlemen
ucpsssrrr,UCPS,ucpsthai.com,com,2026-04-02 15:55,2026-04-02,2026-04,239,2026-04-12 14:55,,,False,False,False,False,False,"ucpsthai.com United Creation Packaging Solutions (Thailand) Co., Ltd (UCPS) is a leading large-scale integrated packaging and printing company based in Thailand, established in 1994. It is recognized as Asia's largest packaging company and holds the prestigious title of No. 1 in Forest and Paper Products. The company focuses on sustainable, innovative, and eco-friendly packaging solutions for global markets.",TH,Government & Defense,,2026-04-04,2026-04-04,domain,2026-04-02,2026-04,2.0,False,False,False,TheGentlemen
temrinaaaaa,Terminal 21,terminal21.co.th,th,2026-04-02 15:47,2026-04-02,2026-04,239,2026-04-12 14:47,,,False,False,False,False,False,"terminal21.co.th zoominfo.com/c/terminal-21/425950251 Terminal21 is a unique shopping complex that brings together the essence of global shopping experiences under one roof, catering to diverse lifestyles. The mall features a themed design inspired by famous shopping streets and landmarks from eight major cities around the world. With a focus on convenience and a wide variety of merchandise and food options, Terminal21 aims to provide an extraordinary shopping experience.",TH,Transportation,,2026-04-04,2026-04-04,domain,2026-04-02,2026-04,2.0,False,False,False,TheGentlemen
meddcicic,Medici Group,themedicigroup.com,com,2026-04-02 15:44,2026-04-02,2026-04,239,2026-04-12 14:44,,,False,False,False,False,False,"themedicigroup.com zoominfo.com/c/medici-group-llc/348014372 Via Renaissance offers a subscription-based enterprise solution designed to enhance organizational performance through innovative methods developed over 20 years of research and 15 years of consulting. Their approach, known as MOVES, enables organizations to implement simple, actionable changes that foster high-performance behaviors and adaptability. Targeting government organizations, they provide tailored support and resources, including an AI Coach and performance engineering sessions, to facilitate sustained change",US,Financial Services,,2026-04-04,2026-04-04,domain,2026-04-02,2026-04,2.0,False,False,False,TheGentlemen
farreeas,Far East Fame,fareastfamelineddb.com,com,2026-03-31 12:34,2026-03-31,2026-03,239,2026-04-10 11:34,,,False,False,False,False,False,"fareastfamelineddb.com zoominfo.com/c/far-east-fame-line-ddb-plc/455777113 Far East Fame Line DDB is a data-driven advertising and marketing communications agency . The company specializes in ""Connected Creative Solutions,"" combining data analytics, AI technology, and creative strategy to build brand platforms and deliver performance marketing campaigns . Their approach focuses on understanding the customer journey and behavioral insights to drive brand momentum in the modern digital landscape",TH,Retail & E-Commerce,,2026-04-04,2026-04-04,domain,2026-03-31,2026-03,4.0,False,False,False,TheGentlemen
alloohhf,alloha.com,alloha.com,com,2026-03-31 12:24,2026-03-31,2026-03,239,2026-04-10 11:24,,,False,False,False,False,False,"alloha.com zoominfo.com/c/alloha-fibra/1318975911 Alloha is the largest independent FTTH (Fiber To The Home) operator in Brazil, founded in 2018 and headquartered in Sao Paulo. The company has a network of over 140,000 km of optical fiber and serves 1.5 million customers across 280 cities",US,Retail & E-Commerce,,2026-04-04,2026-04-04,domain,2026-03-31,2026-03,4.0,False,False,False,TheGentlemen
ggaaapppss,Gaposa,gaposa.it,it,2026-03-30 16:24,2026-03-30,2026-03,239,2026-04-09 15:24,,,False,False,False,False,False,"gaposa.it zoominfo.com/c/gaposa-srl/372820509 Founded in 1969, Gaposa has persevered from its first years of activity in a constant R&D policy in order to anticipate market changes. With a number of patents and a 100% Italian production, Gaposa has strengthened its position as one of the leaders in both the industrial and residential markets",ES,Manufacturing,,2026-04-04,2026-04-04,domain,2026-03-30,2026-03,5.0,False,True,True,TheGentlemen
dasslabb,Das Labor,daslabor.eu,eu,2026-03-29 09:18,2026-03-29,2026-03,239,2026-04-08 08:18,,,False,False,False,False,False,"daslabor.eu zoominfo.com/c/friedrich-holzweber/549578383 is an Austrian private medical and chemical diagnostic laboratory led by Dr. Margit Striednig-Zechner and Dr. Beatrix Sterz. The lab offers a dedicated online ordering system called Cyberlab for referring physicians and healthcare professionals, emphasizing quality-oriented and service-driven care. It is a regional clinical diagnostics practice focused on delivering reliable medical and chemical laboratory testing to local healthcare providers",DE,Healthcare,,2026-04-04,2026-04-04,domain,2026-03-29,2026-03,6.0,False,False,False,TheGentlemen
zannnzizi,Zanzi,zanzi.com,com,2026-03-29 09:13,2026-03-29,2026-03,239,2026-04-08 08:13,,,False,False,False,False,False,"zanzi.com rocketreach.co/zanzi-spa-profile_b420e827fee433b4 Zanzi S.p.A. is an Italian engineering company founded in 1920 by Giovanni Zanzi in Ivrea, Turin, recognized as a global leader in high-performance valve manufacturing for engines. The company serves the aeronautical, motor racing, motorbike racing, and marine diesel sectors, producing mono- and bi-metallic intake/exhaust valves and sodium-cooled hollow valves — a technology they invented and patented in the 1930s",IT,Manufacturing,,2026-04-04,2026-04-04,domain,2026-03-29,2026-03,6.0,False,False,False,TheGentlemen
synnergg,Synergy France,synergy.fr,fr,2026-03-29 09:09,2026-03-29,2026-03,239,2026-04-08 08:09,,,False,False,False,False,False,"synergy.fr zoominfo.com/c/synergy-france/430369679 Synergy France specializes in data-centric solutions, assisting clients with data management projects, including integration, storage, and transformation in the cloud. They offer services in data analysis, reporting, data visualization, and data science, as well as governance through the establishment of data repositories. The company provides certified training programs in Lille and Paris, tailored to meet the specific needs of businesses",FR,Professional Services,,2026-04-08,2026-04-08,domain,2026-03-29,2026-03,10.0,False,False,False,TheGentlemen
dsyssaa,DYSA,dysa.com.py,py,2026-03-29 09:07,2026-03-29,2026-03,239,2026-04-08 08:07,,,False,False,False,False,False,"dysa.com.py DYSA Healthcare S.A. is a family-founded Paraguayan company co-founded by Ricardo Hellmers Fonseca and Florencia Llano de Hellmers, dedicated to supplying healthcare technologies and services to hospitals and medical professionals in Paraguay",MX,Healthcare,,2026-04-08,2026-04-08,domain,2026-03-29,2026-03,10.0,False,True,True,TheGentlemen
gessvva,Gesvalt,gesvalt.es,es,2026-03-29 09:03,2026-03-29,2026-03,239,2026-04-08 08:03,,,False,False,False,False,False,"gesvalt.es zoominfo.com/c/gesvalt/429923714 Gesvalt is a leading Spanish real estate valuation and appraisal company serving both private individuals and businesses. It offers official property appraisals for mortgage guarantees, asset distribution, and general valuation purposes, with prices starting from €75 for garages and storage units, and €165 for residential properties — reports are valid for all Spanish banks. Beyond standard appraisals, the company also provides sustainability consulting services, including BREEAM certification and decarbonization roadmaps for commercial real estate and hotel portfolios",ES,Professional Services,,2026-04-08,2026-04-08,domain,2026-03-29,2026-03,10.0,False,False,False,TheGentlemen
ravanddooss,Ravands Plastech,ravands.com,com,2026-03-29 09:01,2026-03-29,2026-03,239,2026-04-08 08:01,,,False,False,False,False,False,"ravands.com zoominfo.com/c/ravands-plastech/347934317 Ravands Plastech is an Indian manufacturer based in Chittoor, Andhra Pradesh, founded in 2002 by a farmer's son with a mission to solve irrigation challenges for local farmers. The company produces thermoplastic ball valves, gate valves, non-return valves, filters, and drip irrigation components using high-quality polymers and CNC injection molding technology. With over 20 years of experience and nearly 7 million valves sold, Ravands is considered one of India's leading irrigation component manufacturers.",IN,Manufacturing,,2026-04-08,2026-04-08,domain,2026-03-29,2026-03,10.0,False,False,False,TheGentlemen
gcaacgro,GCA Group,gcagroupllc.com,com,2026-03-29 08:57,2026-03-29,2026-03,239,2026-04-08 07:57,,,False,False,False,False,False,"gcagroupllc.com zoominfo.com/c/gca-group-llc/539618075 GCA Group LLC (Global Capital Advisors Group LLC) is an international business development and capital formation advisory firm focused on start-ups, early-stage businesses, alternative asset managers, and philanthropic organizations worldwide. Their services include capital introductions, marketing, brand management, new product development plans, and event coordination and logistics. The company is privately held, headquartered in Houston, Texas, with approximately 6 employees and annual revenues of around $7.2 million",US,Professional Services,,2026-04-04,2026-04-04,domain,2026-03-29,2026-03,6.0,False,False,False,TheGentlemen
testtrit,Test Rite,successwithtestrite.com,com,2026-03-29 08:46,2026-03-29,2026-03,239,2026-04-08 07:46,,,False,False,False,False,False,"successwithtestrite.com Test Rite is a publicly listed Taiwanese company founded in 1978 and headquartered in Taipei, with nearly 40 years of expertise in export trading and global supply. It supplies quality products to major international retailers including Walmart, Sam's Club, Target, Staples, Carrefour, and Metro, operating across 10+ countries. Beyond B2B trading, the company runs its own retail brands — HOLA, HOLA CASA, TLW, and HOLA Petite — in Taiwan and China, making it a fully omni-channel enterprise.",TW,Professional Services,,2026-04-08,2026-04-08,domain,2026-03-29,2026-03,10.0,False,False,False,TheGentlemen
tapponcorr,Tapon Corona,taponcorona.com.mx,mx,2026-03-29 08:43,2026-03-29,2026-03,239,2026-04-08 07:43,,,False,False,False,False,False,"taponcorona.com.mx Tapon Corona S.A. de C.V. is a Mexican manufacturer based in Azcapotzalco, Mexico City, specializing in world-class crown caps (metal bottle caps) for beer and soft drink brands. The company is part of Grupo Zapata and operates alongside subsidiaries producing aluminum cans (Jalisco) and PET packaging (CDMX).",MX,Manufacturing,,2026-04-08,2026-04-08,domain,2026-03-29,2026-03,10.0,False,False,False,TheGentlemen
caja,Caja De Seguro Social,www.css.org.pa,pa,2026-03-27 20:23,2026-03-27,2026-03,239,2026-04-06 19:23,,3072.0,False,False,False,False,False,"www.css.org.pa https://www.zoominfo.com/c/caja-de-seguro-social/455482072 www.css.gob.pa Caja de Seguro Social (CSS), the Panamanian Social Security Fund. The CSS is a public institution responsible for administering and governing the national social security and healthcare system in the Republic of Panama. Manages a network of hospitals and clinics nationwide, serving approximately 84% of Panama's population. 3TB of data, including pension, medical, and investment data. As gentlemen, we offered to pay a fair price for the mistake made, after which all data would be permanently deleted from our servers. The management decided that their influence on public opinion is so strong that the incident will remain unnoticed, so we are forced to publish proof of the hack and put the medical and pension databases containing 80% of Panama's population up for sale as a single package for 2 BTC.",PA,Government & Defense,,2026-04-14,2026-04-14,domain,2026-03-27,2026-03,18.0,False,False,False,TheGentlemen
aicchhii,Aichi Electric,aichidenki.jp,jp,2026-03-26 09:40,2026-03-26,2026-03,239,2026-04-05 08:40,,,False,False,False,False,False,"aichidenki.jp zoominfo.com/c/aichi-electric-co-ltd/425347408 Aichi Electric Co., Ltd., founded in 1942 and headquartered in Kasugai, Aichi Prefecture, Japan, is a publicly listed manufacturer of power equipment and industrial motors. The company produces transformers, distribution switchgear, control systems, and various motors for electric power infrastructure, serving utilities and industries across Japan and internationally. Operating under the motto ""Active management, Technology training, Respect for human,"" Aichi Electric has offices and group companies nationwide and abroad, working toward its 100th anniversary vision of contributing to a sustainable society through manufacturing",JP,Manufacturing,,2026-04-08,2026-04-08,domain,2026-03-26,2026-03,13.0,False,False,False,TheGentlemen
cassadandd,Casa Andina,casaandina.com.co,co,2026-03-26 09:33,2026-03-26,2026-03,239,2026-04-05 08:33,,,False,False,False,False,False,"casaandina.com.co zoominfo.com/c/casa-andina/426558931 Casa Andina SAS is the leading hardware and construction materials distributor in south-western Colombia, headquartered in Pasto, Nariño. The company serves both wholesale and retail channels, offering a specialized portfolio including plumbing, drainage, lightweight construction systems (drywall), architectural carpentry, paints, ceramics, and chemical construction products. With 51–200 employees and nationwide online delivery across Colombia, Casa Andina positions itself as a one-stop specialist solutions provider for builders and renovators",CO,Hospitality,,2026-04-19,2026-03-26,domain,2026-03-26,2026-03,24.0,False,False,False,TheGentlemen
chexxpr,CH Express,chxpress.com.ve,ve,2026-03-26 09:31,2026-03-26,2026-03,239,2026-04-05 08:31,,,False,False,False,False,False,"chxpress.com.ve C.H. Express C.A. is a Venezuelan logistics and light cargo transport company with over 20 years of experience in the national market. Based in San Diego, Carabobo state — a strategically central location — the company offers parcel delivery (encomiendas), cargo consolidation, and nationwide distribution across all Venezuelan states. The company continuously invests in fleet renewal, staff training, and technology to maintain efficiency and reliability throughout Venezuela",VE,Transportation,,2026-05-09,2026-05-08,domain,2026-03-26,2026-03,44.0,False,False,False,TheGentlemen
jatttid,Jati Tinggi,jatitinggi.com,com,2026-03-26 09:29,2026-03-26,2026-03,239,2026-04-05 08:29,,,False,False,False,False,False,"jatitinggi.com zoominfo.com/c/jati-tinggi-holding-sdn-bhd/399353498 Jati Tinggi Group Berhad, founded in 2003 and headquartered in Cheras, Selangor, Malaysia, is a publicly listed infrastructure utilities engineering company (KLSE: JTGROUP). The company specialises in underground and overhead utilities for electricity transmission & distribution, fiber optic networks, drainage, sewerage pipelines, substation EPCC services, and street lighting. It operates as a subsidiary of Broad River Capital Sdn Bhd, employs 51–200 people, and recently won an RM80 million contract from TNB (Tenaga Nasional Berhad)",MY,Manufacturing,,2026-04-19,2026-03-26,domain,2026-03-26,2026-03,24.0,False,False,False,TheGentlemen
amerrddttt,Americo Advogados,americoadvogados.com.br,br,2026-03-26 09:28,2026-03-26,2026-03,239,2026-04-05 08:28,,,False,False,False,False,False,"americoadvogados.com.br zoominfo.com/c/americo-advogados-associados/513361264 Americo Advogados Associados is a Brazilian private law firm founded in 1995 and headquartered in Anápolis, Goiás, Brazil. The firm is a mid-to-large legal practice with 201–500 employees, offering a full range of legal services for individuals and businesses. It is one of the more established regional law firms in the Centre-West of Brazil, serving clients from its main office on Rua Engenheiro Portela in central Anápolis",BR,Professional Services,,2026-04-19,2026-03-26,domain,2026-03-26,2026-03,24.0,False,False,False,TheGentlemen
sunnsrpr,Sunspray Food,sunspray.co.za,za,2026-03-26 09:22,2026-03-26,2026-03,239,2026-04-05 08:22,,,False,False,False,False,False,"sunspray.co.za zoominfo.com/c/sunspray-food-ingredients-ltd/425184083 Sunspray Solutions (Pty) Ltd, founded in 1944 and headquartered in Johannesburg, South Africa, is the country's largest independent manufacturer of spray-dried food ingredients. The company operates 10 spray dryers across two manufacturing sites (Industria, Johannesburg and Bronkhorstspruit, Gauteng), producing hundreds of products including caramel powders, fat powders, fruit & vegetable powders, creamers, egg powders, and cheese powders. In 2023, Israeli company Turpaz Industries acquired a 55% controlling stake, enabling Sunspray's geographic and portfolio expansion",ZA,Agriculture and Food Production,,2026-04-19,2026-03-26,domain,2026-03-26,2026-03,24.0,False,False,False,TheGentlemen
cosmoggrr,Cosmo Group,cosmo.co.th,th,2026-03-26 09:19,2026-03-26,2026-03,239,2026-04-05 08:19,,,False,False,False,False,False,"cosmo.co.th zoominfo.com/c/cosmo-group-public-co/459326707 Cosmo Group PCL, founded in 1964 and headquartered in Bangkok (Sukhumvit), is a Thai luxury packaging manufacturer with over 60 years of experience. The company specializes in premium gift boxes, displays, watch dials, cases, and accessories for global luxury brands in jewelry, watches, cosmetics, and perfume. With 1,000–5,000 employees and a Swiss sales office (Cosmo Pusterla 1880), Cosmo serves top-tier international clients and holds multiple quality and sustainability certifications",TH,Manufacturing,,2026-04-19,2026-03-26,domain,2026-03-26,2026-03,24.0,False,False,False,TheGentlemen
systehrr,SYSTHERM INFO,systherm-info.pl,pl,2026-03-26 09:17,2026-03-26,2026-03,239,2026-04-05 08:17,,,False,False,False,False,False,"systherm-info.pl Systherm Info Sp. z o.o. is a Polish IT company headquartered in Poznan, founded in 1996. It specializes in GIS (Geographic Information Systems), IT solutions, and software security — most notably developing GEO-INFO, a leading land information system widely used in Polish geodesy and surveying. The company also distributes world-class software protection solutions (Sentinel/Gemalto) and holds ISO quality certifications",PL,Technology,,2026-04-19,2026-03-26,domain,2026-03-26,2026-03,24.0,False,False,False,TheGentlemen
sgtttt,Sgt,sgt-pet.com,com,2026-03-26 09:13,2026-03-26,2026-03,239,2026-04-05 08:13,,,False,False,False,False,False,"sgt-pet.com zoominfo.com/c/sgt/370244282 SGT founded in 1981 and based in France, is a specialist in PET and RPET packaging . The company designs and manufactures PET/RPET preforms (mono- and multi-layer), HDPE caps, and bottles for the beverage and industrial sectors . With over 200 employees, 26 injection presses, and two recycled PET (SGR) factories, SGT is strongly committed to eco-responsibility and circular packaging .",FR,Professional Services,,2026-04-19,2026-03-26,domain,2026-03-26,2026-03,24.0,False,False,False,TheGentlemen
frdaddk4,Friktimporten Stockholm,fruktimporten.se,se,2026-03-26 09:11,2026-03-26,2026-03,239,2026-04-05 08:11,,,False,False,False,False,False,"fruktimporten.se rocketreach.co/fruktimporten-stockholm-ab-profile_b7bc38e2c53a0296 Fruktimporten Stockholm AB, founded in 2013 and based in Norsborg (Stockholm), is the leading fruit and vegetable wholesaler in the Mälardalen region. They stock over 950 products across a ~5,000 m² warehouse, offering fresh produce from around the world — loose, packed, cut, and processed. The company is part of Dole Nordic AB, a subsidiary of the global giant Dole plc",SE,Retail & E-Commerce,,2026-04-19,2026-03-26,domain,2026-03-26,2026-03,24.0,False,False,False,TheGentlemen
distttric,Distritech,distritech.com,com,2026-03-23 09:39,2026-03-23,2026-03,239,2026-04-02 08:39,,,False,False,False,False,False,"distritech.com zoominfo.com/c/distritech-llc/358799326 DISTRITECH LLC offers a wide range of consumer electronics and accessories, including audio and video equipment, computers, cameras, mobility devices, gaming products, wearables, smart home solutions, and home living items. The company targets technology enthusiasts and everyday consumers seeking high-quality electronic products and personalized service. With a commitment to providing updated inventories and quick warranty support, DISTRITECH emphasizes exceptional customer experience and market insights. Additionally, they provide options for vendor registration and a range of weekly deals, making technology accessible and affordable to their clients",US,Retail & E-Commerce,,2026-03-23,2026-03-23,domain,2026-03-23,2026-03,0.0,False,False,False,TheGentlemen
omikkkke,Omikenshi,omikenshi.co.jp,jp,2026-03-23 09:38,2026-03-23,2026-03,239,2026-04-02 08:38,,,False,False,False,False,False,"omikenshi.co.jp zoominfo.com/c/omikenshi-co-ltd/372144961 Omikenshi specializes in the production of textiles, including cotton and yarn, as well as advanced processing technologies. The company also offers a range of lifestyle products, cosmetics, and software development services. Their intended clients include businesses seeking office supplies and electronic catalogs. Additionally, Omikenshi is committed to environmental sustainability and actively engages in eco-friendly practices",JP,Manufacturing,,2026-03-23,2026-03-16,domain,2026-03-23,2026-03,0.0,False,False,False,TheGentlemen
grupottwa,Grupo Tawa,grupotawa.com,com,2026-03-23 09:37,2026-03-23,2026-03,239,2026-04-02 08:37,,,False,False,False,False,False,"grupotawa.com zoominfo.com/c/grupo-tawa/459512890 Grupo Tawa is a business group operating in Peru and Chile, dedicated to providing comprehensive business solutions that allow clients to focus on their core competencies. With over 18 years of experience, they offer expertise in personnel solutions, process outsourcing, cleaning, maintenance, and commercial management. The group serves more than 2,500 clients and employs over 15,000 individuals annually. Their commitment to excellence positions them as a reliable partner for companies across various industries",PE,Professional Services,,2026-03-23,2026-03-23,domain,2026-03-23,2026-03,0.0,False,False,False,TheGentlemen
dellltar,Delta Ducon Engenharia,deltaducon.com.br,br,2026-03-23 09:36,2026-03-23,2026-03,239,2026-04-02 08:36,,,False,False,False,False,False,"deltaducon.com.br zoominfo.com/c/delta-ducon-engenharia/372415810 Delta Ducon is a company with over 25 years of experience in environmental systems and technologies, specializing in air emission control, dust removal processes, gas washing and treatment, and water treatment. They offer a comprehensive range of equipment and solutions, including pneumatic transport and handling technologies. Their products cater to various sectors such as metallurgy, chemical, pharmaceutical, food, and construction industries. Delta Ducon prioritizes environmental sustainability and provides complete systems with guaranteed performance",BR,Manufacturing,,2026-03-23,2026-03-23,domain,2026-03-23,2026-03,0.0,False,False,False,TheGentlemen
pttphilid,PTT Philippines,pttphilippines.com,com,2026-03-22 10:34,2026-03-22,2026-03,239,2026-04-01 09:34,,,False,False,False,False,False,"pttphilippines.com zoominfo.com/c/ptt-philippines-corp/353484173 PTT Philippines Corporation, a subsidiary of Thailand's PTT Oil and Retail Business Public Company Limited, specializes in the trading of petroleum products across retail, wholesale, and commercial markets. The company offers a range of high-performance fuels, lubricants, and services, aiming to enhance customer satisfaction and fuel efficiency. Targeting both individual consumers and businesses, PTT Philippines is committed to providing products of international standards while expanding its market presence in the Philippines. With a focus on innovation and quality, PTT Philippines also engages in corporate social responsibility initiatives to support local communities",PH,Energy & Utilities,,2026-03-22,2026-03-22,domain,2026-03-22,2026-03,0.0,False,False,False,TheGentlemen
eldunndddd,Elundini,elundini.gov.za,za,2026-03-21 11:56,2026-03-21,2026-03,239,2026-03-31 10:56,,,False,False,False,False,False,"elundini.gov.za zoominfo.com/c/elundini/425741285 Elundini Local Municipality (ELM) is dedicated to nurturing the history and sustainable growth of its communities within the Joe Gqabi District of the Eastern Cape province. The municipality is recognized for its good governance, particularly in AG audits. ELM offers various services aimed at community development, including training interventions in fields such as environment, media, technical skills, and public administration. Its intended clients include local residents, businesses, and organizations seeking to invest and engage in community initiatives",ZA,Government & Defense,,2026-03-21,2025-10-04,domain,2026-03-21,2026-03,0.0,False,False,False,TheGentlemen
ccaddarff,Groupe Caddac,groupe-caddac.com,com,2026-03-21 11:54,2026-03-21,2026-03,239,2026-03-31 10:54,,,False,False,False,False,False,"groupe-caddac.com Groupe CADDAC is a French construction materials company founded in 1962, specializing in ready-mix concrete (RMC), prefabricated concrete elements, aggregates, and building materials. Headquartered in Donges, Pays de la Loire, the group operates 19 concrete plants along France's Atlantic coast and employs between 200 and 500 people. It ranks among the top 7 regional ready-mix concrete producers in France",CA,Manufacturing,,2026-03-21,2026-03-21,domain,2026-03-21,2026-03,0.0,False,False,False,TheGentlemen
cartttmic,Micro Leasing,microleasingplc.com,com,2026-03-21 11:51,2026-03-21,2026-03,239,2026-03-31 10:51,,,False,False,False,False,False,"microleasingplc.com zoominfo.com/c/micro-leasing/482150678 Micro Leasing Public Company Limited specializes in providing financing services for second-hand trucks, including truck purchase loans and refinancing options. The company targets clients in need of commercial vehicles, positioning itself as a leader in the second-hand truck financing sector in Thailand. In addition to truck financing, they also offer motorcycle loans and insurance brokerage services. Micro Leasing aims to support business expansion and improve liquidity for its clients while providing excellent consulting services",TH,Financial Services,,2026-03-21,2026-03-21,domain,2026-03-21,2026-03,0.0,False,False,False,TheGentlemen
ragagiii,Rajagiri Hospital,,,2026-03-21 11:50,2026-03-21,2026-03,239,2026-03-31 10:50,,,False,False,False,False,False,"Rajagiri Hospital — multispecialty hospital in Kochi, Kerala, India (rajagirihospital.com). Revenue: $50-100M. Address: Rajagiri Valley, Kalamassery, Kochi-683104. Specializes in neonatology, cardiology, oncology.",IN,Healthcare,,2026-03-21,2026-03-15,name,2026-03-21,2026-03,0.0,False,False,False,TheGentlemen
medsidcusf,MEDICUS SHUPPAN,medica.co.jp,jp,2026-03-21 11:48,2026-03-21,2026-03,239,2026-03-31 10:48,,,False,False,False,False,False,"medica.co.jp zoominfo.com/c/medicus-shuppan-co-ltd/463963337 is dedicated to providing enjoyable learning experiences for healthcare professionals through a variety of products and services, including seminar books and digital content. The company aims to support the education of medical practitioners and contribute to the future of healthcare. They also focus on sustainability and creating valuable content that serves as a backbone in the medical field. Their intended clients include healthcare professionals, authors, and bookstores",JP,Healthcare,,2026-03-21,2026-04-17,domain,2026-03-21,2026-03,0.0,False,False,False,TheGentlemen
cerfffdaf,Cerio,cerio.io,io,2026-03-19 11:41,2026-03-19,2026-03,239,2026-03-29 10:41,,,False,False,False,False,False,"cerio.io zoominfo.com/c/rockport-networks-inc/1330256755 Cerio is an accelerated computing platform focused on next-generation data center infrastructure for AI workloads . The company specialises in disaggregated infrastructure — decoupling compute, memory, and storage resources beyond a single PCIe domain to enable elastic capacity and optimized data movement at scale . Their approach aims to eliminate the ""capacity trap"" of traditional tightly integrated systems, making AI infrastructure more agile and efficient",TW,Technology,,2026-03-19,2026-03-19,domain,2026-03-19,2026-03,0.0,False,False,False,TheGentlemen
micrrodhhh,MicroChem,microchem.pt,pt,2026-03-19 11:39,2026-03-19,2026-03,239,2026-03-29 10:39,,,False,False,False,False,False,"microchem.pt zoominfo.com/c/microchem/480964446 Microchem - Ensaios e Analises Tecnicas, Lda is a Portuguese technical testing and analysis laboratory founded in 2006, located in Matosinhos, Porto. The company specialises in technical testing and analytical services (CAE 71200), supporting industries with quality control, material testing, and compliance verification.Microchem serves as a trusted partner for businesses requiring precise and reliable laboratory analysis.",PT,Technology,,2026-03-19,2026-03-19,domain,2026-03-19,2026-03,0.0,False,False,False,TheGentlemen
ecoinadrfsr,Economia,economia.cz,cz,2026-03-18 08:16,2026-03-18,2026-03,239,2026-03-28 07:16,,,False,False,False,False,False,"economia.cz zoominfo.com/c/economia-as/426681440 Economia is a leading Czech media house founded in 1990, publishing prestigious economic and professional periodicals. The company publishes Hospodářské noviny daily and Ekonom weekly. With approximately 500 to 1,000 employees, Economia reaches 66 percent of Czech business owners and top management, positioning itself as a symbol of free journalism and valuable content. The media house focuses on digital transformation while maintaining high-quality print publications, serving decision-makers and opinion leaders across the country.",CZ,Professional Services,,2026-03-18,2026-03-18,domain,2026-03-18,2026-03,0.0,False,False,False,TheGentlemen
exccfcele,Excellentiam,excellentiam.co,co,2026-03-18 08:13,2026-03-18,2026-03,239,2026-03-28 07:13,,,False,False,False,False,False,"excellentiam.co zoominfo.com/c/excellentiam-soluciones-empresariales/372558079 Excellentiam offers comprehensive BPO, KYC, and IT support services. Their solutions include end-to-end Client Knowledge Form management with identity validation and electronic signature, plus a national IT Service Desk for technical support. They also provide on-site or off-site operational outsourcing, advanced document management covering the entire document lifecycle, and specialized consulting to optimize business processes with efficiency and quality.",CO,Professional Services,,2026-03-18,2026-03-18,domain,2026-03-18,2026-03,0.0,False,False,False,TheGentlemen
lgproddd,2LG Prod,2lg-prod.com,com,2026-03-18 08:09,2026-03-18,2026-03,239,2026-03-28 07:09,,,False,False,False,False,False,"2lg-prod.com zoominfo.com/c/2lg-prod/532401614 2LG PROD S.r.l. is an Italian company specializing in the design and production of professional cleaning machines and floor maintenance equipment. They offer a wide range of products including scrubber dryers, sweepers, and vacuum cleaners for industrial and commercial use. The company focuses on innovation, reliability, and high performance to meet diverse cleaning needs.",FR,Manufacturing,,2026-03-18,2026-03-18,domain,2026-03-18,2026-03,0.0,False,False,False,TheGentlemen
gpainnnov,GPAINNOVA,gpainnova.com,com,2026-03-18 08:08,2026-03-18,2026-03,239,2026-03-28 07:08,,,False,False,False,False,False,"gpainnova.com zoominfo.com/c/gpainnova/467953270 GPAINNOVA is a leading tech company specializing in surface finishing machinery for metal polishing and medical device manufacturing. They are also known for their innovative power electronics and energy storage systems. With a strong global presence, they focus on high-tech, sustainable solutions.",ES,Technology,,2026-03-18,2026-03-18,domain,2026-03-18,2026-03,0.0,False,False,False,TheGentlemen
vveednfosds,Vexin Normand,cdc-vexin-normand.fr,fr,2026-03-18 08:06,2026-03-18,2026-03,239,2026-03-28 07:06,,,False,False,False,False,False,"cdc-vexin-normand.fr zoominfo.com/c/cdc-vexin-normandfr/1316064619 The Communauté de Communes du Vexin Normand offers a wide range of services including health care, public services, and cultural activities to support the local community. It focuses on various sectors such as health, education, mobility, and economic development, catering to residents and businesses in the Vexin Normand area. The community also promotes tourism and recreational activities, providing facilities like swimming pools, gyms, and libraries. Their initiatives aim to enhance the quality of life and foster a connected and sustainable environment for all inhabitants",FR,Government & Defense,,2026-03-18,2026-03-18,domain,2026-03-18,2026-03,0.0,False,False,False,TheGentlemen
carribean,Caribbean Medical Center,www.caribbeanmedicalcenter.com,com,2026-03-16 13:14,2026-03-16,2026-03,96,2026-03-20 13:14,,600.0,False,False,False,False,False,"www.caribbeanmedicalcenter.com https://www.zoominfo.com/c/caribbean-medical-center/402918703 Hospital Caribbean Medical Center provides emergency services and inpatient care, catering to pediatric, adult, and geriatric patients. The emergency room operates 24/7, ensuring continuous medical coverage tailored to patient needs. The facility offers a range of specialized services, including internal medicine, infectious diseases, cardiology, radiology, obstetrics and gynecology, pediatrics, and surgery. With a commitment to exceptional medical care, the center emphasizes quality and patient satisfaction. Last chance before full data disclosure . 300gb revealed - 600gb with all patient records - on the way",PR,Healthcare,,2026-03-16,2026-03-06,domain,2026-03-16,2026-03,0.0,False,False,False,TheGentlemen
bccnnnnfs,BCN Medical,bcnmedical.com,com,2026-03-16 10:55,2026-03-16,2026-03,239,2026-03-26 09:55,,,False,False,False,False,False,"bcnmedical.com zoominfo.com/c/bcn-medical/375204700 BCN Medical is a Colombian pharmaceutical distributor based in Bogotá . Founded in 1999, the company distributes medications, supplements, and medical devices. It was acquired by Faes Farma in a merger and acquisition deal.",ES,Healthcare,,2026-03-16,2026-03-16,domain,2026-03-16,2026-03,0.0,False,False,False,TheGentlemen
chasssseas,Chase Asia,chase.co.th,th,2026-03-16 10:49,2026-03-16,2026-03,239,2026-03-26 09:49,,,False,False,False,False,False,"chase.co.th zoominfo.com/c/chase-asia-co-ltd/463991442 Chase Asia is a Thai public company specializing in debt collection and management of non-performing loans (NPLs) . Founded in 1998 and headquartered in Nonthaburi, it also provides lending services and legal collection support",JP,Financial Services,,2026-03-16,2026-03-16,domain,2026-03-16,2026-03,0.0,False,True,True,TheGentlemen
canallcapital,Canal Capital,canalcapital.gov.co,co,2026-03-16 10:38,2026-03-16,2026-03,239,2026-03-26 09:38,,,False,False,False,False,False,"canalcapital.gov.co zoominfo.com/c/canal-capital/459823596 Canal Capital is a media organization based in Bogotá, Colombia, providing a variety of programming that includes documentaries and series focused on social issues, cultural expressions, and community engagement. Their services aim to create transparency and facilitate citizen participation through diverse media content, including programs specifically designed for different age groups and interests. The company primarily targets the local audience in Bogotá, as well as anyone interested in Colombian culture and social matters. Their initiatives also involve collaborations with citizens, promoting awareness on environmental, social, and health issues",US,Financial Services,,2026-03-16,2026-03-16,domain,2026-03-16,2026-03,0.0,False,False,False,TheGentlemen
uunivepaaypa,Payap University,payap.ac.th,th,2026-03-16 10:36,2026-03-16,2026-03,239,2026-03-26 09:36,,,False,False,False,False,False,"payap.ac.th zoominfo.com/c/payap-university/29803045 Payap University is an international educational institution offering a variety of programs, including interdisciplinary studies and multiple international programs. It provides services such as student exchange programs, language enhancement, and various proficiency testing centers. The university aims to cater to a diverse international clientele seeking higher education and innovation opportunities. Additionally, it hosts events like the International Conference on Lifespan Innovation",TH,Education,,2026-03-16,2026-03-16,domain,2026-03-16,2026-03,0.0,False,False,False,TheGentlemen
labexfjd,Kabelovna Kabex,kabex.cz,cz,2026-03-16 10:35,2026-03-16,2026-03,239,2026-03-26 09:35,,,False,False,False,False,False,"kabex.cz rocketreach.co/kabelovna-kabex-as-profile_b5947399f662772e Kabelovna Kabex is a Czech special cable manufacturer founded in 1994 . The company specializes in cables for nuclear power plants (including LOCA-cables), hermetic cable penetrations, and power cables up to 30 kV . Kabex is a key supplier to Czech and Slovak nuclear plants and has supplied projects like the Kudankulam NPP in India",CZ,Technology,,2026-03-16,2026-03-16,domain,2026-03-16,2026-03,0.0,False,False,False,TheGentlemen
colinfdjfd,Cortporation Colina,corporacioncolina.cl,cl,2026-03-16 10:32,2026-03-16,2026-03,239,2026-03-26 09:32,,,False,False,False,False,False,"corporacioncolina.cl zoominfo.com/c/contacto--corporación-colina/472370437 Corporación Colina is a municipal social development corporation that offers a wide range of services in education and health. Their educational services include various preschools and schools, while their health services encompass community pharmacies, mobile health units, and urgent care facilities. The corporation aims to support the local community, particularly focusing on children, the elderly, and those in need of healthcare. Their intended clients include families, students, and residents of Colina seeking educational and health resources",CL,Government & Defense,,2026-03-16,2026-03-16,domain,2026-03-16,2026-03,0.0,False,False,False,TheGentlemen
centroogde,Centro de Especialidades,ceaca.net,net,2026-03-16 10:17,2026-03-16,2026-03,239,2026-03-26 09:17,,,False,False,False,False,False,"ceaca.net zoominfo.com/c/centro-de-especialidades-anzoátegui-ca---ceaca/467549041 Centro de Especialidades Anzotegui, CA - CEACA is a well-known medical center serving patients in eastern Venezuela and the Caribbean islands since 1971. We offer complete health services including emergency care, specialized medical consultations, surgery, and intensive care for adults and newborns. Our team provides compassionate treatment with a deep respect for human life and patient well-being",ES,Healthcare,,2026-03-16,2026-03-16,domain,2026-03-16,2026-03,0.0,False,False,False,TheGentlemen
controlllgcn,ControlGMC,controlgmc.com,com,2026-03-12 21:58,2026-03-12,2026-03,48,2026-03-14 21:58,,,False,False,False,False,False,"controlgmc.com zoominfo.com/c/controlgmc/346496163 Control GMC specializes in designing and manufacturing fully automatic food packing machines and cup filling lines. Their versatile equipment is suitable for various food products, including sauces, cheeses, and salads, and can handle a wide range of cup, tub, and tray sizes and shapes. The company's innovative machines allow for quick changeovers and efficient operations, achieving high fill rates while ensuring high-quality packaging. Their intended clients include businesses in the food industry seeking reliable and efficient packaging solutions. NDA documents included.",CA,Manufacturing,,2026-03-12,2026-03-12,domain,2026-03-12,2026-03,0.0,False,False,False,TheGentlemen
techenints,Einstein Technology,einstein-tech.com.au,au,2026-03-12 18:40,2026-03-12,2026-03,239,2026-03-22 17:40,,,False,False,False,False,False,"einstein-tech.com.au zoominfo.com/c/einstein-technology-pty-ltd/372382819 Einstein Technology Pty Ltd is a company that operates in the Custom Software & IT Services industry. It employs 5to9 people and has 1Mto5M of revenue. The company is headquartered in Lysterfield, Victoria, Australia",AU,Technology,,2026-03-12,2026-03-12,domain,2026-03-12,2026-03,0.0,False,False,False,TheGentlemen
dcarett,Docaret,docaret.com,com,2026-03-11 06:21,2026-03-11,2026-03,239,2026-03-21 05:21,,,False,False,False,False,False,"docaret.com zoominfo.com/c/docaret/363588396 For over 30 years, DOCARET has combined excellent technical writing and document management skills with a technical understanding of its customers' business sectors and the type of documentation they require. Our technical writers have a solid technical background and speak the same language as your engineers or technicians. Our translators and associates also have extensive experience in the sectors in which they work. We can also fulfill your requirements in the following areas; communications (brochures and booklets in 2D and 3D), development of digital models and logistic support (provision of technicians or engineers). Our goal is to build strong partnerships with our customers. This ensures efficiency and guarantees high quality and competitive service provisions. As managing director, my objective is to ensure high quality work and continual monitoring of customer satisfaction.",FR,Professional Services,,2026-03-11,2026-03-11,domain,2026-03-11,2026-03,0.0,False,False,False,TheGentlemen
sajacctinto,Grupo San Jacinto,sanjacinto.com.mx,mx,2026-03-09 09:52,2026-03-09,2026-03,239,2026-03-19 08:52,,,False,False,False,False,False,"sanjacinto.com.mx zoominfo.com/c/grupo-san-jacinto/430469681 Grupo San Jacinto started with a dream of making amazing dairy products that meet high customer expectations. Based in Aguascalientes, Mexico, the company has grown to serve markets across Mexico and the United States. They create delicious, high-quality dairy items that bring joy to families and food lovers everywhere",PE,Agriculture and Food Production,,2026-03-09,2026-03-09,domain,2026-03-09,2026-03,0.0,False,True,True,TheGentlemen
ntururitoan,Cosmesia,nutritionprofess.com,com,2026-03-09 09:47,2026-03-09,2026-03,239,2026-03-19 08:47,,,False,False,False,False,False,"nutritionprofess.com zoominfo.com/c/cosmesia/533652648 Nutrition Profess Public Company Limited is a leader in the production of dietary supplements and cosmetics under customer brands. They focus on planning and developing high-quality, distinctive products while providing friendly consulting services. The company aims to enhance health and well-being through innovative and effective products tailored to diverse client needs. Their commitment to quality and customer satisfaction drives their mission to promote better health",TH,Agriculture and Food Production,,2026-03-09,2026-03-09,domain,2026-03-09,2026-03,0.0,False,False,False,TheGentlemen
sodimaatell,Sodimatel Fasteners,sodimatel.eu,eu,2026-03-09 09:45,2026-03-09,2026-03,239,2026-03-19 08:45,,,False,False,False,False,False,"sodimatel.eu zoominfo.com/c/sodimatel-fasteners-sa/430245612 Sodimatel Fasteners is a French manufacturer and distributor specializing in mechanical fasteners and electromechanical components for the industrial and aerospace sectors. Since 1957, the company has provided a vast range of products, including rivets, inserts, screws, and cold-formed parts, as well as plastic hardware like bushings and cable clamps. They are recognized for their expertise in high-performance fastening solutions, holding EN 9120 certification for aviation standards and acting as a major distributor for leading global brands such as Avdel, Huck, and Heyco.",FR,Manufacturing,,2026-03-09,2026-03-09,domain,2026-03-09,2026-03,0.0,False,False,False,TheGentlemen
kprophha,Kpropha,kpropha.com,com,2026-03-09 09:43,2026-03-09,2026-03,239,2026-03-19 08:43,,,False,False,False,False,False,"kpropha.com zoominfo.com/c/kpropha/470472753 K.PROPHA specializes in the distribution of pharmaceutical and parapharmaceutical products, serving pharmacists, private clinics, and other health partners. The company is committed to ensuring optimal availability of healthcare products to facilitate quick access to the latest treatments for patients. With a multidisciplinary team, K.PROPHA offers services such as supply management, online sales, and real-time distribution tracking. Their mission is to exceed customer expectations and promote the best healthcare solutions",TN,Healthcare,,2026-03-09,2026-03-09,domain,2026-03-09,2026-03,0.0,False,False,False,TheGentlemen
nenplascoouk,Nenplas,nenplas.co.uk,uk,2026-03-09 09:42,2026-03-09,2026-03,239,2026-03-19 08:42,,,False,False,False,False,False,"nenplas.co.uk zoominfo.com/c/nenplas-ltd/1115375413 Nenplas is a leading UK manufacturer specializing in bespoke plastic extrusion products, offering a wide range of extruded and fabricated plastic profiles. With over 40 years of experience and more than 3,000 existing tools, they provide quick and efficient turnaround for various materials including PVC, ABS, and HDPE. Their services cater to diverse market sectors such as industrial, glazing systems, and furniture, ensuring high-quality design and development through in-house capabilities. Nenplas is committed to delivering reliable and innovative solutions to their national and international customer base",GB,Manufacturing,,2026-03-09,2026-03-09,domain,2026-03-09,2026-03,0.0,False,False,False,TheGentlemen
edevicettt,eDevice,edevice.com,com,2026-03-09 09:40,2026-03-09,2026-03,239,2026-03-19 08:40,,,False,False,False,False,False,"edevice.com zoominfo.com/c/edevice-sa/12403021 With more than 650,000 connected patients served globally, eDevice is a leading provider of connected care platform solutions for the healthcare industry for over 15 years. The company is the chosen connectivity partner for Medical Devices companies such as Medtronic, Honeywell, Philips, and a technology provider for healthcare participants committed to delivering care virtually and remotely",FR,Technology,,2026-03-09,2026-03-09,domain,2026-03-09,2026-03,0.0,False,False,False,TheGentlemen
gerleinccco,Gerleinco,gerleinco.com,com,2026-03-06 19:23,2026-03-06,2026-03,239,2026-03-16 18:23,,,False,False,False,False,False,"gerleinco.com zoominfo.com/c/gerleinco-sa/430010238 Gerleinco is a leading logistics service provider in Colombia, established in 1916, specializing in container control, multimodal transport, and project logistics. The company offers reliable and dynamic services through innovative technological developments and a dedicated professional team. Gerleinco serves various clients in key ports and commercial cities across the country. Their commitment to effective logistics ensures fulfillment of client needs in a responsible manner",CO,Transportation,,2026-03-06,2026-03-06,domain,2026-03-06,2026-03,0.0,False,False,False,TheGentlemen
lafhoteellre,LAF Hotel Aree,,,2026-03-06 19:19,2026-03-06,2026-03,239,2026-03-16 18:19,,,False,False,False,False,False,"LAF Hotel is a millennial-focused hotel located in Bangkok, Thailand, on Soi Phahol Yothin 5. Positioned as a place ""to live and to have fun it offers affordable accommodation and is highly recommended by 94% of its reviewers based on 240 reviews.",TH,Hospitality,,2026-03-06,2026-03-06,name,2026-03-06,2026-03,0.0,False,False,False,TheGentlemen
maliagrroup,Malia Group,maliagroup.com,com,2026-03-06 19:14,2026-03-06,2026-03,239,2026-03-16 18:14,,,False,False,False,False,False,"maliagroup.com zoominfo.com/c/malia-group/347685476 Malia Group is a multifaceted organization comprising 21 companies that operate across six sectors, including consumer goods distribution, technology solutions, fashion, engineering and contracting, and hospitality and real estate. With a strong presence in Lebanon, Iraq, and the UAE, the group is committed to excellence in the creation, production, and timely delivery of goods and services. Over the past 80 years, Malia Group has built a portfolio of 60 brands and established partnerships with 50 leading multinationals, making it a preferred choice in the region. The company promotes cultural and social diversity while fostering an environment of transparency, empowerment, and innovation among its employees",LB,Manufacturing,,2026-03-06,2026-03-06,domain,2026-03-06,2026-03,0.0,False,False,False,TheGentlemen
nephkccc,Nephrology Associates,nephkc.com,com,2026-03-06 19:12,2026-03-06,2026-03,239,2026-03-16 18:12,,,False,False,False,False,False,nephkc.com zoominfo.com/c/nephrology-associates/469726875 Nephrology Associates prides itself on providing the highest quality of care for patients with kidney disorders in the Kansas City area,US,Healthcare,,2026-03-06,2026-03-06,domain,2026-03-06,2026-03,0.0,False,False,False,TheGentlemen
rtvalvco,Reanthong Partcenter,rtvalve.com,com,2026-03-04 12:16,2026-03-04,2026-03,239,2026-03-14 11:16,,,False,False,False,False,False,"rtvalve.com zoominfo.com/c/reanthong-partcenter-co-ltd/393312914 Reanthong Partcenter Co., Ltd. is a prominent manufacturer in Thailand specializing in LPG Cylinder Valves, Brass Fittings, and Gas Accessories with over 32 years of expertise. The company focuses on research and development, manufacturing, sales, and high-quality service, holding ISO9001 certification and various international approvals. Their RT valve products for LPG cylinders are known for their superb quality, competitive pricing, and impressive customer service. Reanthong Partcenter serves clients and customers worldwide, ensuring high standards in their offerings",TH,Manufacturing,,2026-03-04,2026-03-04,domain,2026-03-04,2026-03,0.0,False,False,False,TheGentlemen
comtecintrr,Comtec 2000,comtec-int.ro,ro,2026-03-04 12:10,2026-03-04,2026-03,239,2026-03-14 11:10,,,False,False,False,False,False,"comtec-int.ro zoominfo.com/c/comtec-2000-inc/459031613 COMTEC 2000 INC specializes in high-quality electrical products and professional equipment for industrial applications, catering to the needs of demanding clients. Their offerings include a wide range of electrical devices, lighting solutions, and photovoltaic systems, ensuring compliance with European standards. The company is committed to sustainability, implementing waste management and energy-efficient practices. With a focus on innovation, COMTEC provides advanced LED lighting and reliable telecommunications equipment to enhance modern infrastructure",RO,Manufacturing,,2026-03-04,2026-03-04,domain,2026-03-04,2026-03,0.0,False,False,False,TheGentlemen
primusbenzzc,Primus,benzprimus.com,com,2026-03-04 12:08,2026-03-04,2026-03,239,2026-03-14 11:08,,,False,False,False,False,False,"benzprimus.com is the official website of Primus Autohaus, a leading authorized Mercedes-Benz dealer in Thailand . They offer new and certified pre-owned vehicles, along with comprehensive after-sales services, and have won multiple awards for sales and service excellence",TH,Retail & E-Commerce,,2026-03-04,2026-03-04,domain,2026-03-04,2026-03,0.0,False,False,False,TheGentlemen
specialshapp,Special Shapes Refractory,ssrco.com,com,2026-03-01 17:28,2026-03-01,2026-03,239,2026-03-11 16:28,,,False,False,False,False,False,"ssrco.com zoominfo.com/c/special-shapes-refractory-company-inc/1132759207 Special Shapes Refractory Company (SSRC) is a leader in providing high-quality precast shapes and monolithic materials primarily for the glass, steel, and other industrial manufacturers. They focus on minimizing downtime and enhancing equipment reliability through innovative solutions, efficient manufacturing processes, and a commitment to customer service. SSRC caters to a wide range of industrial clients, offering customized refractory solutions and quick lead times. With decades of experience, they emphasize the importance of using pure raw materials to ensure the best product quality and performance",US,Manufacturing,,2026-03-01,2026-03-01,domain,2026-03-01,2026-03,0.0,False,False,False,TheGentlemen
labticiann,Labtician Ophthalmics,labtician.com,com,2026-03-01 17:27,2026-03-01,2026-03,239,2026-03-11 16:27,,,False,False,False,False,False,"labtician.com zoominfo.com/c/labtician-ophthalmics-inc/139985585 Labtician Ophthalmics specializes in manufacturing and selling advanced surgical and therapeutic ophthalmology products. The company aims to enhance patients' visual health by providing effective tools and solutions for various eye conditions. Their offerings cater primarily to eye care professionals and include extensive product catalogs and partnership opportunities. Labtician is committed to supporting both healthcare practitioners and their patients in managing, treating, and easing eye issues",CA,Healthcare,,2026-03-01,2026-03-01,domain,2026-03-01,2026-03,0.0,False,False,False,TheGentlemen
allndiamin,All India Minerals,allindiaminerals.com,com,2026-03-01 17:26,2026-03-01,2026-03,239,2026-03-11 16:26,,,False,False,False,False,False,"allindiaminerals.com zoominfo.com/c/all-india-minerals/470618608 All India Minerals is India's largest manufacturer of Washed Sand and Graded Silica Sand, established in 1969. The company employs advanced technologies and strict quality controls to produce high-quality silica sand for various industrial applications, including foundry core, molding, and glass industries. They operate a state-of-the-art mining and washing facility near Ankleshwar, ensuring excellent product quality through dedicated testing and processing. Committed to ecological improvement, All India Minerals focuses on maintaining a pollution-free environment while delivering superior products to meet customer needs",IN,Agriculture and Food Production,,2026-03-01,2026-03-01,domain,2026-03-01,2026-03,0.0,False,False,False,TheGentlemen
rcipiaco,Ricopia,ricopia.com,com,2026-03-01 17:24,2026-03-01,2026-03,239,2026-03-11 16:24,,,False,False,False,False,False,"ricopia.com zoominfo.com/c/ricopia/405953806 Ricopia helps businesses upgrade their technology and work smarter. With over 100 tech experts, they've been helping companies of all sizes get better at digital tools for more than 30 years. They do this by checking how a company works, finding ways to improve technology, and helping teams learn new skills. Big names like ING Direct and BNP Paribas trust Ricopia to make their businesses run more smoothly and efficiently",ES,Technology,,2026-03-01,2026-03-01,domain,2026-03-01,2026-03,0.0,False,False,False,TheGentlemen
afezonlll,Afezo,afezo.nl,nl,2026-03-01 17:23,2026-03-01,2026-03,239,2026-03-11 16:23,,,False,False,False,False,False,"afezo.nl zoominfo.com/c/aannemingsmij-afezo-bv/372576926 Afezo B.V. is a family-owned company specializing in urban sewer work and infrastructure development in Amsterdam and the Zaanstreek. With decades of experience, they offer a comprehensive range of services including wastewater management, road construction, and the development of drinking water networks. Their commitment to sustainability and innovative practices drives their projects, which aim to enhance both the physical environment and the community. Afezo serves a diverse clientele, from small-scale to large-scale projects, contributing significantly to the infrastructure of Amsterdam",NL,Other,,2026-03-01,2026-03-01,domain,2026-03-01,2026-03,0.0,False,False,False,TheGentlemen
fundacaoprr,Fundao Para,fundac.org,org,2026-02-27 12:54,2026-02-27,2026-02,239,2026-03-09 11:54,,,False,False,False,False,False,"fundac.org zoominfo.com/c/fundao-para-o-desenvolvimento-das-artes-e-da-comunicao/546996710 Fundac is a non-profit organization with over 22 years of experience, focusing on projects in communication, marketing, arts, culture, education, and the environment. It collaborates with public television and works closely with both public and private sectors to optimize communication processes and promote human dignity. The organization also offers courses in journalism and communication and emphasizes public-private partnerships for community benefit. With a strong team of over 1000 collaborators and a network of journalists, Fundac is committed to enhancing media outreach and public engagement",BR,Government & Defense,,2026-02-27,2026-02-27,domain,2026-02-27,2026-02,0.0,False,False,False,TheGentlemen
geebetgh,Thg,gee.be,be,2026-02-27 11:37,2026-02-27,2026-02,239,2026-03-09 10:37,,,False,False,False,False,False,"gee.be zoominfo.com/c/thg/1212983204 Focus on your business, stay a step ahead of events, keep on the right track. thg is here to guide and advise you. The word digitalisation can be scary. Yet it offers some interesting perspectives, particularly in the fields of tax advice and accountancy. Simon Boskin, Partner at thg Luxembourg, talks about the numerous opportunities that the digital revolution offers our clients during an interview that appeared in our last newsletter. A must-read, as well as other current topics",GB,Professional Services,,2026-02-27,2026-02-27,domain,2026-02-27,2026-02,0.0,False,True,True,TheGentlemen
sejlstupdkkc,Sejlstrup,sejlstrup.dk,dk,2026-02-27 11:34,2026-02-27,2026-02,239,2026-03-09 10:34,,,False,False,False,False,False,"sejlstrup.dk dnb.com/business-directory/company-profiles.sejlstrup_entreprenørforretning_a-s.f02d652f10fa8eb32e3503df8d0d3eb0.html a major construction and contracting company established in 1991 . The company employs 150 people and reported a gross profit of 101.6 million DKK (approx. 13.6 million EUR) in 2023, with excellent profitability ratings . The business is owned by the holding company SEJLSTRUP HOLDING II ApS .",DK,Agriculture and Food Production,,2026-02-27,2026-02-27,domain,2026-02-27,2026-02,0.0,False,False,False,TheGentlemen
grandhoteltwwwco,Grand Hotel,grand-hotel.org,org,2026-02-27 11:30,2026-02-27,2026-02,239,2026-03-09 10:30,,,False,False,False,False,False,"grand-hotel.org zoominfo.com/c/grand-hotel/369020995 The Grand Hotel was established in 1952. Supported by red columns and with golden roof tiling, the Grand Hotel stands midway up Yuanshan, much like a majestic 14-storey palace. Facing Keelung River, with Yangming Mountain to its, the hotel offers an amazing view of Songshan District to the East and Danshui to the West. The Grand Hotel, structured through western construction methods, is decorated with elegant classical Chinese details. This fusion ofEast and West makes the hotel a fine expression of Chinese art upon a foundation of modern western architecture. No matter if visitors are tourists or business men, all those who stop by and marvel at the architectural beauty of the hotel would no doubt want to reserve for themselves a wonderful stay. The hotel is equipped with 500 rooms",TW,Hospitality,,2026-02-27,2026-02-17,domain,2026-02-27,2026-02,0.0,False,False,False,TheGentlemen
unifedser,Universidade Federal de Sergipe,,,2026-02-26 16:56,2026-02-26,2026-02,239,2026-03-08 15:56,,,False,False,False,False,False,"https://www.zoominfo.com/c/universidade-federal-de-sergipe/429754078 www.ufs.br The Federal University of Sergipe (Portuguese: Universidade Federal de Sergipe, UFS) is a Brazilian public institution based in Sergipe, with campuses in São Cristóvão, Aracaju, Itabaiana, Laranjeiras, and Lagarto. Founded in 1967 by the junction of the state's existing colleges, it became its second university (the first being the University of Tiradentes, a private institution founded in 1962)and its first public one. It became the state's most reputable and competitive higher education institution, ranking among the country's 40 best universities and Latin America's top 200 list. IN DATA: Students personal data, private Personal Information, scientific projects, documents for internal use, etc",BR,Education,,2026-02-26,2025-02-19,name,2026-02-26,2026-02,0.0,False,False,False,TheGentlemen
amatacomthh,Amata,amata.com,com,2026-02-26 16:13,2026-02-26,2026-02,239,2026-03-08 15:13,,,False,False,False,False,False,"amata.com zoominfo.com/c/amata-corporation-public-company-ltd/2754121 Amata Corporation PCL. is a leading industrial estate developer in Southeast Asia, providing full-service industrial parks for global manufacturing companies. They focus on creating sustainable and innovative industrial environments with high-quality amenities and smart energy solutions. Their extensive locations across Thailand, Vietnam, Laos, and Myanmar offer businesses optimal logistical access to major infrastructure",TH,Manufacturing,,2026-02-26,2026-02-26,domain,2026-02-26,2026-02,0.0,False,False,False,TheGentlemen
gramdeacgaba,ACFA,grandeprairie.acfa.ab.ca,ca,2026-02-26 14:14,2026-02-26,2026-02,239,2026-03-08 13:14,,,False,False,False,False,False,"grandeprairie.acfa.ab.ca zoominfo.com/c/acfa-régionale-de-grande-prairie/1310418607 ACFA Grande Prairie is dedicated to ensuring the development of the Francophone community in Alberta by providing support for regional initiatives. They offer a range of local activities and services in French, aimed primarily at Francophone individuals and families. Their programming includes cultural events, educational programming, and youth camps, as well as opportunities for community engagement through volunteering and memberships. The association focuses on fostering language pride, community involvement, and educational pursuits related to the Francophonie",CA,Professional Services,,2026-02-26,2026-02-26,domain,2026-02-26,2026-02,0.0,False,False,False,TheGentlemen
sandocojptech,Sando Tech,sando.co.jp,jp,2026-02-26 14:12,2026-02-26,2026-02,230,2026-03-08 04:12,,,False,False,False,False,False,"sando.co.jp datanyze.com/companies/sando-tech/539005226 SANDO TECH, Inc. specializes in the development, design, manufacturing, and sales of machinery. The company offers a range of products including testing machines, repair services, and consumable parts orders. Their intended clients include businesses in need of high-performance machinery solutions",US,Manufacturing,,2026-02-26,2026-02-26,domain,2026-02-26,2026-02,0.0,False,True,True,TheGentlemen
zabungruptr,Zabun,zabungrup.com.tr,tr,2026-02-26 14:05,2026-02-26,2026-02,239,2026-03-08 13:05,,,False,False,False,False,False,"zabungrup.com.tr zoominfo.com/c/zabungrupcomtr/1334953411 Zabun Grup specializes in the design and construction of exhibition stands, leveraging extensive experience in both domestic and international prestigious trade fairs. Their projects focus on innovative and functional stand designs that enhance brand representation while prioritizing aesthetics, sustainability, and visitor experience. With a strong infrastructure in Turkey and various locations in Europe, they provide timely and high-quality solutions for both local and international projects. The company is committed to reliability, creativity, quality, and customer satisfaction, aiming to build long-term relationships with clients",TR,Manufacturing,,2026-02-26,2026-02-26,domain,2026-02-26,2026-02,0.0,False,False,False,TheGentlemen
oceanistcotreng,OCEANIST ENGINEERING,oceanist.com.tr,tr,2026-02-25 12:39,2026-02-25,2026-02,160,2026-03-04 04:39,,,False,False,False,False,False,"oceanist.com.tr zoominfo.com/c/oceanist-engineering/437571327 Oceanist Engineering Ltd. is a supplier of ship equipment based in Istanbul, established in 2001. The company specializes in the development, promotion, and distribution of high-quality solutions for the Marine Offshore and Onshore industries, including propulsion systems, deck machinery, and marine accommodation outfitting. With a focus on innovative and cost-effective products, they cater to a diverse client base in the maritime sector. Their commitment to quality and collaboration with suppliers ensures they meet the complex demands of the marine environment",IN,Manufacturing,,2026-02-25,2026-02-25,domain,2026-02-25,2026-02,0.0,False,True,True,TheGentlemen
advanceedconcor,Advanced Connection Corporation,acc-plc.com,com,2026-02-25 12:35,2026-02-25,2026-02,160,2026-03-04 04:35,,,False,False,False,False,False,acc-plc.com zoominfo.com/c/advanced-connection-corporation-public-company-ltd/444966064 Advanced Connection Corporation Public Company Limited helps businesses connect and communicate better. They provide networking technologies and communication services that make it easier for companies to stay in touch. Their team works with clients across different industries to create reliable communication systems and technology solutions,JP,Technology,,2026-02-25,2026-02-25,domain,2026-02-25,2026-02,0.0,False,False,False,TheGentlemen
satogr,SATO,sato.gr,gr,2026-02-25 12:19,2026-02-25,2026-02,160,2026-03-04 04:19,,,False,False,False,False,False,"sato.gr zoominfo.com/c/sato-sa/372140315 SATO is the leader in the office furniture market. In a tough and competitive market, SATO brand succeeds not only in maintaining but also in increasing its high market shares, since it offers its customers products and services that cover their most specific needs. Our main priority is to continuously improve our services and renew our products, in order to provide functional and modern solutions, while maintaining high quality and ergonomic standards, essential characteristics of the brand",GR,Technology,,2026-02-25,2026-02-25,domain,2026-02-25,2026-02,0.0,False,False,False,TheGentlemen
nathalin,Nathalin Group,nathalin.com,com,2026-02-25 12:02,2026-02-25,2026-02,160,2026-03-04 04:02,,,False,False,False,False,False,"nathalin.com zoominfo.com/c/nathalin-group-co-ltd/353727230 Nathalin Group was founded on 21st July 1987 formerly known as ""Buawaree Company Limited"" and had been changed to ""Nathalin Co.,Ltd in September the same year. We are widely recognized as one of the largest independent operator of petroleum and chemicals tanker in Thailand. We provide various marine services to fulfill our customers need; Logistics and Storing, International Maritime, Floating Storage and Trading and Service. We have succeed in encouraging our crew to operate under international standard that we obtained ISM Code Certificate by Lloyd's register of shipping (LR), ISO 9001:2000 by SGS and participated in Tanker Management and Self-Assessment (TMSA) program, which has been verified by major oils",TH,Energy & Utilities,,2026-02-25,2026-02-25,domain,2026-02-25,2026-02,0.0,False,False,False,TheGentlemen
silvestresc,Silvestres,silvestres.com,com,2026-02-25 11:56,2026-02-25,2026-02,160,2026-03-04 03:56,,,False,False,False,False,False,"silvestres.com zoominfo.com/c/silvestres-sa/359809243 Silvestres Flowers has been dedicated to growing and sharing Colombian feelings through high-quality fresh cut flowers since 1988. With an annual production of nearly 85,000 stems, they have created over 1,160 jobs focused on the processes of cultivation, marketing, and distribution. Their intended clients include global customers who appreciate authentic floral experiences. They are recognized for their excellence in flower quality and commitment to sustainable practices",US,Agriculture and Food Production,,2026-02-25,2026-02-25,domain,2026-02-25,2026-02,0.0,False,False,False,TheGentlemen
boutiqueharleyda,Boutique Harley-Davidson,boutique-hd-nantes.fr,fr,2026-02-25 11:54,2026-02-25,2026-02,239,2026-03-07 10:54,,,False,False,False,False,False,"boutique-hd-nantes.fr zoominfo.com/c/boutique-harley-davidson-nantes/1342023331 Boutique Harley-Davidson Nantes offers a wide range of official Harley-Davidson products including clothing, accessories, helmets, and e-bikes. The store caters to the entire family with options for men, women, and children, featuring technical gear and sportswear. Customers can also find unique items such as jewelry, home decor, and collectibles. With services like secure payment and free delivery on purchases over 100 euros, the boutique aims to provide a comprehensive shopping experience for Harley-Davidson enthusiasts",FR,Retail & E-Commerce,,2026-02-25,2026-02-25,domain,2026-02-25,2026-02,0.0,False,False,False,TheGentlemen
globaltrusta,Global Trust Advisors,gta.lu,lu,2026-02-24 18:35,2026-02-24,2026-02,239,2026-03-06 17:35,,,False,False,False,False,False,"gta.lu zoominfo.com/c/global-trust-advisors-sa/456596303 Global Trust Advisors (GTA) is a high-end independent advisory firm that specializes in finance and corporate services, providing a comprehensive range of financial advisory services. Their clients include investment funds, holding companies, trading companies, listed companies, and small to medium-sized family businesses. With a team of 20 experienced professionals, GTA is known for its flexibility and direct involvement in client management and relations. The firm focuses on efficient day-to-day management, accounting, and administrative support through its specialized teams",US,Financial Services,,2026-02-24,2026-02-24,domain,2026-02-24,2026-02,0.0,False,True,True,TheGentlemen
doslifeco,Dos,dos.co.th,th,2026-02-24 18:08,2026-02-24,2026-02,239,2026-03-06 17:08,,,False,False,False,False,False,"dos.co.th thammasorn.co.th zoominfo.com/c/dos-corp/448308416 DOS Life specializes in water management solutions, offering a range of products including water storage tanks, wastewater treatment systems, and various water-related equipment. Their services cater to both residential and industrial clients, focusing on enhancing water quality and environmental sustainability. The company is committed to providing high-quality products and expert guidance, ensuring customer satisfaction and adherence to international standards. DOS Life aims to meet the diverse needs of its clients while promoting a better quality of life through effective water management",TH,Manufacturing,,2026-02-24,2026-02-24,domain,2026-02-24,2026-02,0.0,False,False,False,TheGentlemen
ibrconicet,El IBR,ibr-conicet.gov.ar,ar,2026-02-24 18:04,2026-02-24,2026-02,239,2026-03-06 17:04,,,False,False,False,False,False,"ibr-conicet.gov.ar zoominfo.com/c/el-ibr/547000244 IBR is a leading research institute with over 240 professionals specializing in microbiology, biomedicine, structural biology, and agrobiotechnology. It offers cutting-edge technology and access to advanced infrastructure for researchers, companies, and organizations globally. The institute promotes scientific knowledge generation and its transfer to the production sector while encouraging innovation through startups led by researchers. IBR also provides opportunities for doctoral and postdoctoral training to advance careers in scientific research",ES,Agriculture and Food Production,,2026-02-24,2026-02-24,domain,2026-02-24,2026-02,0.0,False,True,True,TheGentlemen
industriasiberia,Industrias Iberia,industriasiberia.com,com,2026-02-24 17:57,2026-02-24,2026-02,239,2026-03-06 16:57,,,False,False,False,False,False,"industriasiberia.com zoominfo.com/c/industrias-iberia/371428987 Industrias Iberia is a food production company that takes food safety seriously. They work hard to make sure every food product they create and sell meets the highest safety standards. From processing to packaging, the team checks each step to protect consumers and deliver top-quality food items. Based in Venezuela, they supply local markets with safe, reliable food products that families can trust",ES,Manufacturing,,2026-02-24,2026-02-24,domain,2026-02-24,2026-02,0.0,False,False,False,TheGentlemen
smartbytes,Smartbytes,smartbytes.com.pa,pa,2026-02-24 17:44,2026-02-24,2026-02,239,2026-03-06 16:44,,,False,False,False,False,False,"smartbytes.com.pa Smartbytes is a dynamic technology partner that brings passion and customer care to every project. With a young, curious team that thinks differently, we help businesses grow by solving complex tech challenges. Our approach is simple: we listen, we understand, and we create custom solutions that make a real difference",IN,Technology,,2026-02-24,2026-02-24,domain,2026-02-24,2026-02,0.0,False,True,True,TheGentlemen
okjgroup,OKJ Group,okjgroup.com,com,2026-02-24 17:34,2026-02-24,2026-02,239,2026-03-06 16:34,,,False,False,False,False,False,"okjgroup.com OKJ Group is the online identity of Pluk Phak Praw Rak Mae Public Company Limited, a Thai public company based in Chiang Mai that operates a chain of healthy food restaurants and cafes . The company is best known for its ""Oh Ka Jhu"" brand, offering a variety of health-conscious meals, salads, juices, and bakery items, and is also involved in cultivating organic produce . Founded in 2014, the company went public on the Stock Exchange of Thailand (ticker: OKJ) in October 2024 . They operate through multiple channels including full-service restaurants, delivery kitchens, kiosks, and supermarkets",FI,Retail & E-Commerce,,2026-02-24,2026-02-24,domain,2026-02-24,2026-02,0.0,False,False,False,TheGentlemen
mustinformatique,MUST Informatique,mustinformatique.com,com,2026-02-24 17:29,2026-02-24,2026-02,239,2026-03-06 16:29,,,False,False,False,False,False,"mustinformatique.com MUST INFORMATIQUE is a French software publisher founded in 1990 and based in Couzeix, France . The company specializes in creating digital solutions for Home Healthcare Providers (PSAD), focusing on areas like home care, respiratory assistance, orthopedics, and infusion therapy . For nearly 31 years, it has been a key player in its sector, offering software that helps manage patient data, ensure regulatory compliance, and digitize organizational processes for healthcare professionals . In 2024, the company, which generates around €10 million in annual revenue, was acquired by Orisha, a European software publisher, to create a comprehensive digital ecosystem for the home healthcare industry .",CH,Technology,,2026-02-24,2026-02-24,domain,2026-02-24,2026-02,0.0,False,False,False,TheGentlemen
ruamjaimedical,Ruamjai,ruamjaimedical.co.th,th,2026-02-24 17:25,2026-02-24,2026-02,239,2026-03-06 16:25,,,False,False,False,False,False,"ruamjaimedical.co.th Ruamjairak Hospital is a modern 144-bed private hospital located in the Sukhumvit area of Bangkok, Thailand . It was established as a comprehensive medical facility with a significant investment and features specialized centers, including a fertility center partnered with the world-leading group GENEA, as well as advanced dental and neuroscience centers . The hospital focuses on providing premium healthcare services to the local community, offering everything from advanced treatments like IVF and MRI brain scans to routine health check-ups and wellness promotions",TH,Healthcare,,2026-02-24,2026-02-24,domain,2026-02-24,2026-02,0.0,False,False,False,TheGentlemen
sawafi,Sawafi,sawafi.com,com,2026-02-24 14:25,2026-02-24,2026-02,100,2026-02-28 18:25,,,False,False,False,False,False,"sawafi.com zoominfo.com/c/sawafi-co/402330352 Sawafi is a Saudi Arabian company specializing in drilling, completions, and production services tailored to enhance oil and gas performance. With a commitment to innovation and sustainability, the company offers a variety of advanced technologies, including eco-friendly electric submersible pumps (ESP) and efficient drilling products. Targeting clients in the oil and gas sector, Sawafi is dedicated to supporting local value creation and self-sufficiency in line with national goals. The company also invests in strategic partnerships and acquisitions to bolster its service capabilities and market presence",SA,Energy & Utilities,,2026-02-21,2026-02-21,domain,2026-02-21,2026-02,-3.0,False,False,False,TheGentlemen
aniyht,Ankara-İzmir,aniyht.com,com,2026-02-19 11:57,2026-02-19,2026-02,63,2026-02-22 02:57,,,False,False,False,False,False,"aniyht.com The Ankara-İzmir High-Speed Railway Line Project (AİYHT) is a significant project under the General Directorate of Infrastructure Investments of the Republic of Turkey's Ministry of Transport and Infrastructure, which will connect Turkey's capital, Ankara, with İzmir, the country's third most populous city. The 503-kilometer-long high-speed railway line will pass through the provincial boundaries of Ankara, Eskişehir, Afyonkarahisar, Kütahya, Uşak, Manisa, and İzmir.",TR,Transportation,,2026-02-06,2026-02-06,domain,2026-02-06,2026-02,-13.0,True,False,False,TheGentlemen
perfumeriapigmento,Perfumeria Pigmento,perfumeriaspigmento.com.ar,ar,2026-02-19 10:30,2026-02-19,2026-02,239,2026-03-01 09:30,,,False,False,False,False,False,"perfumeriaspigmento.com.ar zoominfo.com/c/perfumería-pigmento/425042658 Perfumerías Pigmento is a leading Argentine perfume and cosmetics chain with over 40 stores . They offer a wide range of international brands like Calvin Klein and Carolina Herrera, along with their own product line, Altai . The company has a strong online store and was ranked among the top beauty websites in Argentina . They are also known for their community involvement, such as supporting a local school",AR,Retail & E-Commerce,,2026-02-21,2026-02-19,domain,2026-02-19,2026-02,2.0,False,False,False,TheGentlemen
hugsinsurance,HUGS Insurance,hugsinsurance.com,com,2026-02-19 10:26,2026-02-19,2026-02,239,2026-03-01 09:26,,,False,False,False,False,False,"hugsinsurance.com zoominfo.com/c/hugs-insurance/1319728881 HUGS INSURANCE BROKER is an online insurance consultant that specializes in helping clients purchase, consult, and compare insurance products. The company prides itself on being a friendly and knowledgeable partner in navigating insurance options for various lifestyles. They offer personalized assistance to ensure clients find the right insurance for their needs. HUGS aims to simplify the insurance process, making it accessible and understandable for all customers",TH,Financial Services,,2026-02-21,2026-02-19,domain,2026-02-19,2026-02,2.0,False,False,False,TheGentlemen
gruppoproggresso,Grupo Progresso,grupoprogresso.agr.br,br,2026-02-18 11:09,2026-02-18,2026-02,239,2026-02-28 10:09,,,False,False,False,False,False,"grupoprogresso.agr.br zoominfo.com/c/grupo-progresso/511351848 Grupo Progresso is a Brazilian agricultural company with deep roots in farming across Minas Gerais and Piau. They grow soybeans, corn, and cotton, while also managing eucalyptus forests and cattle ranches. With eight productive farms, the company brings together modern agricultural practices and a commitment to sustainable land use.",BR,Agriculture and Food Production,,2026-02-21,2026-02-18,domain,2026-02-18,2026-02,3.0,False,False,False,TheGentlemen
garuda,Garuda Indonesia Airlines,garuda-indonesia.com,com,2026-02-18 11:08,2026-02-18,2026-02,239,2026-02-28 10:08,,,False,False,False,False,False,"garuda-indonesia.com zoominfo.com/c/garuda-indonesia/15630439 Garuda Indonesia is the national flag carrier of Indonesia, founded in 1949 and named after the mythical bird Garuda . The airline is a member of the SkyTeam alliance and is recognized for its ""Garuda Indonesia Experience"" service, highlighting Indonesian hospitality . It has received numerous accolades, including a 5-star rating from Skytrax, which it has held since 2014 . The airline operates flights to over 90 destinations worldwide from its main hubs at Soekarno-Hatta International Airport (Jakarta) and Ngurah Rai International Airport (Bali) Stock Symbol GIAA.JK . DATA PREVIEW SITE: http://f4bo2v2tp732g3rjj7dgc4mfjssd55eivtlal7xg2xtfmb4b4p6bvtyd.onion/",ID,Transportation,,2026-02-21,2023-07-09,domain,2026-02-18,2026-02,3.0,False,False,False,TheGentlemen
qinqtian,Qingtian Express Co.,www.uniques.com.tw,tw,2026-02-18 01:32,2026-02-18,2026-02,239,2026-02-28 00:32,,,False,False,False,False,False,"www.uniques.com.tw https://www.zoominfo.com/c/qingtian-express-co-ltd/445536083 Unique Express Co., Ltd. is a Taiwan-based logistics and freight forwarding company that provides international and domestic supply chain and transportation services. The company focuses on door-to-door cargo delivery, including air and ocean freight, customs brokerage, warehousing, inland transportation, and cargo consolidation. It handles a wide range of shipments such as oversized, valuable, dangerous, and exhibition goods, offering tailored logistics solutions and documentation support. Founded in the 1970s and based in Taipei, Unique Express serves global clients and is a member of major international logistics and freight associations. Designated as an official air freight forwarder for the National Space Program Office, supporting the transport and installation of satellites and related ground equipment, and holds multiple security. IATA and FIATA.",TW,Transportation,,2026-02-21,2026-02-18,domain,2026-02-18,2026-02,3.0,False,False,False,TheGentlemen
seacit,Seac,,,2026-02-17 14:53,2026-02-17,2026-02,66,2026-02-20 08:53,,2048.0,True,False,False,False,False,"https://www.zoominfo.com/c/seac-spa/372665234 www.seac.it Seac S.p.A. is a computer software company headquartered in Trento, Italy. The company offers analysis services regarding tax issues and labor legislation. Additionally, Seac provides IT, meeting and conference, consulting, and training services. VISIT LEAK SITE BEFORE FULL DATA REVEAL. LINK http://seac.lt/ By The Independent Hacking Group © FULL DATA RELEASED 2TB +",IT,Technology,,2026-02-21,2025-02-19,name,2026-02-17,2026-02,4.0,False,False,False,TheGentlemen
lineupkorea,Line Up Korea,lineupkorea.com,com,2026-02-17 13:57,2026-02-17,2026-02,239,2026-02-27 12:57,,,False,False,False,False,False,"lineupkorea.com Lineup Korea Co., Ltd. is a South Korean IT consulting company established in 2015 and located in Goyang City, Gyeonggi Province . The company has been recognized as an excellent youth-friendly small business by the Ministry of Employment and Labor and employs around 70 people . With annual sales of approximately 24.7 billion KRW, the company specializes in IT system engineering and infrastructure services . They are also registered as a partner with the Korea Radio Promotion Association",KR,Technology,,2026-02-21,2026-02-17,domain,2026-02-17,2026-02,4.0,False,False,False,TheGentlemen
sasinedu,Sasin Colleges & Universities,sasin.edu,edu,2026-02-17 13:54,2026-02-17,2026-02,239,2026-02-27 12:54,,,False,False,False,False,False,"sasin.edu zoominfo.com/c/sasin/430263326 Sasin School of Management is the first internationally accredited business school in Thailand, established in 1982. It offers a range of programs including MBA, Executive MBA, DBA, and custom executive education aimed at shaping leaders for tomorrow's world. The school targets experienced professionals and aspiring leaders seeking to enhance their management skills and knowledge. Sasin is committed to inspiring, connecting, and transforming individuals for a better, smarter, and sustainable world",TH,Education,,2026-02-21,2026-02-17,domain,2026-02-17,2026-02,4.0,False,False,False,TheGentlemen
pollocibao,Pollo Cibao,pollocibao.com,com,2026-02-17 13:49,2026-02-17,2026-02,239,2026-02-27 12:49,,,False,False,False,False,False,"pollocibao.com zoominfo.com/c/pollo-cibao/430156004 Pollo Cibao is a company engaged in the production, incubation, raising, fattening, processing of poultry, and manufacturing of animal feed. Founded over 20 years ago in the Dominican Republic, it employs more than 1,800 direct employees and around 10,000 indirect workers nationwide. The company's product range includes packed chicken, bulk chicken, and live poultry, catering to a diverse clientele. Their commitment to quality is reflected in their policies and certifications",DO,Agriculture and Food Production,,2026-02-21,2026-02-17,domain,2026-02-17,2026-02,4.0,False,False,False,TheGentlemen
truevalue,True Value,www.truevalue.com,com,2026-02-16 11:12,2026-02-16,2026-02,55,2026-02-18 18:12,,,False,False,False,False,False,"www.truevalue.com www.truevalue.com.kw https://www.zoominfo.com/c/true-value-kuwait/446819761 https://www.zoominfo.com/c/true-value-company-llc/63735176 True Value Kuwait offers a wide range of products for home and outdoor needs, including cookware, cleaning supplies, and outdoor furniture. The company provides same-day delivery for orders placed before 2 PM, ensuring quick service for its customers. Their product lineup features popular brands and items such as gas grills, coolers, and various home decor essentials. True Value Kuwait aims to cater to homeowners and outdoor enthusiasts looking for quality products at competitive prices.",US,Retail & E-Commerce,,2026-02-21,2026-02-16,domain,2026-02-16,2026-02,5.0,False,False,False,TheGentlemen
comdatch,Comdat Datasystems,comdat.ch,ch,2026-02-15 15:24,2026-02-15,2026-02,239,2026-02-25 14:24,,,False,False,False,False,False,"comdat.ch zoominfo.com/c/comdat-datasystems-ag/431402828 COMDAT DATASYSTEMS AG is a leading provider of comprehensive ICT infrastructure solutions for businesses in Switzerland. They plan, implement, and manage total infrastructure solutions in areas such as servers, storage, virtualization, communication, collaboration, workplace, and printing. The company also focuses on products and services in communication technology and continuously expands its managed services portfolio",DE,Technology,,2026-02-15,2026-02-15,domain,2026-02-15,2026-02,0.0,False,True,True,TheGentlemen
oceaniagas,Oceania Gas Chemicals & Related Products,oceaniagas.com,com,2026-02-15 15:21,2026-02-15,2026-02,239,2026-02-25 14:21,,,False,False,False,False,False,"oceaniagas.com zoominfo.com/c/oceania-gas-ltd/414947891 Oceania Gas specializes in providing a wide range of gases including medical gases, industrial gases, and various gas mixtures. They offer an extensive selection of welding equipment, safety PPE, refrigerants, and tools for diverse applications. The company serves clients in need of gas solutions, medical supplies, and welding services across locations in Suva, Lautoka, Labasa, Nadi, and Apia, Samoa. With a commitment to quality and trusted",WS,Energy & Utilities,,2026-02-15,2026-02-15,domain,2026-02-15,2026-02,0.0,False,False,False,TheGentlemen
copamarina,Copamarina Beach Resort,copamarina.com,com,2026-02-15 15:17,2026-02-15,2026-02,239,2026-02-25 14:17,,,False,False,False,False,False,"copamarina.com zoominfo.com/c/copamarina-beach-resort/1146144172 Discover your ideal vacation at Copamarina Beach Resort and Spa! Book your stay at our beautiful oceanfront hotel destination in Guanica, Puerto Rico.",PR,Hospitality,,2026-02-15,2026-02-15,domain,2026-02-15,2026-02,0.0,False,False,False,TheGentlemen
globalgroup,Global Group,globalgroup.co.in,in,2026-02-15 15:15,2026-02-15,2026-02,239,2026-02-25 14:15,,,False,False,False,False,False,"globalgroup.co.in zoominfo.com/c/global-group/437399408 Global Group is a leading construction and real estate company based in Pune, specializing in industrial development and turnkey solutions. With over 15 years of experience, they offer services such as Industrial Park Development, Built-to-Suit lease alternatives, Land Acquisition Solutions, Project Management, and Warehouse Logistics. Their commitment to safety, integrity, and quality has earned them a reputation as a trusted partner",IN,Other,,2026-02-15,2026-02-15,domain,2026-02-15,2026-02,0.0,False,False,False,TheGentlemen
instikayethu,Intsika Yethu Municipality Government,intsikayethu.gov.za,za,2026-02-15 15:13,2026-02-15,2026-02,239,2026-02-25 14:13,,,False,False,False,False,False,"intsikayethu.gov.za zoominfo.com/c/intsika-yethu-municipality/454709330 Intsika Yethu Municipality is an administrative area located in the Chris Hani District of the Eastern Cape, South Africa. The municipality focuses on sustainable development through sound governance and infrastructure provision, catering to the local community's needs. It offers various services including local economic development, community services, and infrastructure planning. The intended clients are the residents",ZA,Government & Defense,,2026-02-15,2026-02-15,domain,2026-02-15,2026-02,0.0,False,False,False,TheGentlemen
bitscomtn,BITS Business Information Technology Solutions,bits.com.tn,tn,2026-02-15 15:03,2026-02-15,2026-02,239,2026-02-25 14:03,,,False,False,False,False,False,"bits.com.tn zoominfo.com/c/bits-business-information-technology-solutions/462382490 Bits is a computer services company that helps businesses solve real technology challenges. Our team works closely with partners across the tech world to create smart solutions for everyday problems. We pride ourselves on our five-star support and quick response times, making sure every client gets the help they need quickly and effectively",DE,Technology,,2026-03-20,2026-02-15,domain,2026-02-15,2026-02,33.0,False,True,True,TheGentlemen
crossjeans,CROSS JEANS Zakrt,crossjeans.pl,pl,2026-02-15 14:55,2026-02-15,2026-02,239,2026-02-25 13:55,,,False,False,False,False,False,"crossjeans.pl zoominfo.com/c/cross-jeans-zakrt/557783783 Cross Jeans is an online store specializing in denim clothing, offering a wide selection of jeans and apparel for both men and women. The store features various styles, from classic to trendy, including super skinny, mom jeans, and more. In addition to jeans, Cross Jeans provides a range of clothing items such as t-shirts, jackets, and accessories. The company aims to cater to fashion-conscious clients looking for quality denim and stylish",PL,Retail & E-Commerce,,2026-02-15,2026-02-15,domain,2026-02-15,2026-02,0.0,False,False,False,TheGentlemen
gruppoavanti,Gruppo Avanti,gruppoavanti.com,com,2026-02-13 16:24,2026-02-13,2026-02,239,2026-02-23 15:24,,,False,False,False,False,False,"gruppoavanti.com zoominfo.com/c/gruppo-avanti/459959833 Gruppo Avanti helps businesses grow by improving their processes, technology, and team skills. They work closely with companies to bring fresh ideas and practical solutions that make real differences. With deep knowledge of business practices and the latest tech, Avanti turns complex challenges into clear, successful results that help businesses work smarter and achieve more.",IT,Professional Services,,2026-02-13,2026-02-13,domain,2026-02-13,2026-02,0.0,False,False,False,TheGentlemen
lainternational,LSA International,lsa-international.com,com,2026-02-13 16:23,2026-02-13,2026-02,239,2026-02-23 15:23,,,False,False,False,False,False,"lsa-international.com zoominfo.com/c/lsa-international/97928636 With 25 years experience creating well-designed glassware and ceramics, LSA International defines what is desirable in contemporary style. Our extensive collection includes products for the kitchen, for the dining table and for the bathroom, as well as an extensive range of vases; all are practical, beautiful and a delight to use. LSA International's collection is available in many shops throughout the UK, across Europe",GB,Manufacturing,,2026-02-13,2023-02-28,domain,2026-02-13,2026-02,0.0,False,False,False,TheGentlemen
fturubath,Futue Bath,futurbath.com,com,2026-02-13 16:20,2026-02-13,2026-02,239,2026-02-23 15:20,,,False,False,False,False,False,"futurbath.com Futurbath is a consolidated Spanish company with over 25 years of experience in the design, production, and wholesale distribution of high-end bathroom and kitchen furniture, accessories, and ceramics . Based in Fuenlabrada, Madrid, the company operates its own strategically located factories in Spain and Asia, allowing it to control the entire production process and maintain efficient logistics from a central warehouse . As a leader in its sector, it has achieved significan",ES,Manufacturing,,2026-02-13,2026-02-13,domain,2026-02-13,2026-02,0.0,False,False,False,TheGentlemen
puertogalerwite,White Beach Hotel,puertogalerawhitebeachhotel.com,com,2026-02-13 16:15,2026-02-13,2026-02,239,2026-02-23 15:15,,,False,False,False,False,False,"puertogalerawhitebeachhotel.com zoominfo.com/c/white-beach-hotel/539244554 White Beach Hotel Puerto Galera is a vibrant beachfront hotel offering cozy accommodations and delicious dining options. With a variety of packages designed for couples, families, and groups, the hotel caters to vacationers looking for a tropical escape filled with relaxation and adventure. Guests can enjoy air-conditioned rooms, daily breakfasts, and hassle-free transportation to explore the beautiful surroundings",PH,Hospitality,,2026-02-13,2026-02-13,domain,2026-02-13,2026-02,0.0,False,False,False,TheGentlemen
smartglassco,Smart Glass,smartglassco.com,com,2026-02-13 16:13,2026-02-13,2026-02,239,2026-02-23 15:13,,,False,False,False,False,False,"smartglassco.com zoominfo.com/c/smart-glass/348631137 Smart Glass specializes in innovative glass processing technology and operates a state-of-the-art factory located in El Fayoum, Egypt. Their facility spans 40,000 square meters and is equipped with the latest advanced equipment from leading manufacturers. The company is dedicated to revolutionizing glass processing with their cutting-edge solutions. Smart Glass aims to serve clients in various industries seeking high-quality glass products",EG,Technology,,2026-02-13,2026-02-13,domain,2026-02-13,2026-02,0.0,False,False,False,TheGentlemen
nileair,Nile Air Information,nileair.com,com,2026-02-13 16:10,2026-02-13,2026-02,239,2026-02-23 15:10,,,False,False,False,False,False,"nileair.com Based in Cairo and established in 2006, Nile Air emerges as a distinguished scheduled and charter airline, seamlessly connecting travelers to over 36 captivating destinations across Asia, Africa, the Middle East, and Europe. Embark on an extraordinary journey with Nile Air, where our unwavering commitment to customer satisfaction has positioned us as a reliable and trusted brand. We take pride in offering travelers seamless and comfortable journeys, elevating the travel experience.",EG,Transportation,,2026-02-13,2026-02-13,domain,2026-02-13,2026-02,0.0,False,False,False,TheGentlemen
newcastlecity,City of New Castle,newcastlecity.delaware.gov,gov,2026-02-13 16:06,2026-02-13,2026-02,239,2026-02-23 15:06,,,False,False,False,False,False,"newcastlecity.delaware.gov zoominfo.com/c/city-of-new-castle/1205094711 The City of New Castle offers a vibrant, historic community situated along the Delaware River, known for its colonial charm and outdoor recreational spaces. It caters to residents, visitors, and businesses with services such as expedited permitting and reliable utilities. The city promotes a variety of recreational activities, including parks, trails, and community events. With a rich history and preservation efforts",US,Government & Defense,,2026-02-13,2026-02-13,domain,2026-02-13,2026-02,0.0,False,False,False,TheGentlemen
yashhy,Yash Highvoltage Insulators Pvt,yashhv.com,com,2026-02-13 16:01,2026-02-13,2026-02,239,2026-02-23 15:01,,,False,False,False,False,False,"yashhv.com zoominfo.com/c/yash-highvoltage-insulators-pvt-ltd/536504217 Yash Highvoltage Ltd. is a leading Indian manufacturer specializing in advanced high voltage and high current transformer bushing solutions, with a global presence and over 40,000 product installations. The company offers a range of products including OIP, RIP, and RIS transformer bushings, designed to meet the evolving needs of the power generation and transmission industry. Yash caters to utilities and industries",IN,Manufacturing,,2026-02-13,2026-02-13,domain,2026-02-13,2026-02,0.0,False,False,False,TheGentlemen
autostrad,Autostrad Rent a Car,www.autostrad.com,com,2026-02-13 01:51,2026-02-13,2026-02,239,2026-02-23 00:51,,,False,False,False,False,False,"www.autostrad.com https://www.zoominfo.com/c/autostrad-rent-a-car/1326957607 Best Car Rental is a car rental company based in the UAE, specializing in offering great deals on rent-a-car services primarily in Dubai. They cater to individuals and businesses looking for convenient and affordable vehicle rental options. The company emphasizes customer satisfaction and provides a variety of vehicles to meet diverse needs. With a focus on reliability and value, they aim to enhance the travel experienc",AE,Transportation,,2026-02-13,2026-02-13,domain,2026-02-13,2026-02,0.0,False,False,False,TheGentlemen
emiratenational,Emirates National Group,www.enguae.com,com,2026-02-12 18:39,2026-02-12,2026-02,239,2026-02-22 17:39,,,False,False,False,False,False,"www.enguae.com https://www.zoominfo.com/c/emirates-national-group-llc/390817579 Emirates National Group (ENG) is a premier transport and mobility solutions provider based in Abu Dhabi, United Arab Emirates. The group owns and operates a diverse portfolio of companies specializing in all forms of private and public transport, including car rentals and leasing, limousine services, taxi operations, and public bus systems. Additionally, the company provides ancillary automotive.",AE,Transportation,,2026-02-12,2026-02-12,domain,2026-02-12,2026-02,0.0,False,False,False,TheGentlemen
clarkfoam,Clark Foam Products,clarkfoam.net,net,2026-02-11 20:35,2026-02-11,2026-02,239,2026-02-21 19:35,,,False,False,False,False,False,"clarkfoam.net zoominfo.com/c/clark-foam-products-corp/25809475 Clark Foam Products is a specialized foam fabricator with over five decades of experience serving various industries, including aerospace, automotive, medical, and packaging. They offer a diverse range of high-quality foam products such as crosslink foam, polyurethane foam, and filter foam, along with custom fabrication and design services tailored to meet specific client needs. The company is recognized for its innovative cutting",US,Manufacturing,,2026-02-11,2026-02-11,domain,2026-02-11,2026-02,0.0,False,False,False,TheGentlemen
ghanabauxite,"Ghana Bauxite Energy, Utilities & Waste",ghanabauxite.com,com,2026-02-11 20:33,2026-02-11,2026-02,239,2026-02-21 19:33,,,False,False,False,False,False,"ghanabauxite.com zoominfo.com/c/ghana-bauxite-company-ltd/462019799 Ghana Bauxite Company Limited specializes in the extraction and production of premium trihydrate bauxite in Ghana, operating the country's only active bauxite mine since the 1940s. The company is committed to sustainability and responsible mining practices, focusing on the well-being of its employees and the local communities. Through innovation and efficiency, it aims to grow its operations while adhering to strong governance",GH,Energy & Utilities,,2026-02-11,2026-02-04,domain,2026-02-11,2026-02,0.0,False,False,False,TheGentlemen
thamasatuniversity,Thammasat University,basthammasat.org,org,2026-02-11 20:31,2026-02-11,2026-02,239,2026-02-21 19:31,,,False,False,False,False,False,"basthammasat.org zoominfo.com/c/thammasat-university/371284040 The British and American Studies Programme at Thammasat University offers a comprehensive curriculum focused on the cultural, historical, and social aspects of the UK and the USA. It aims to equip students with critical thinking and analytical skills, preparing them for various career paths in international relations, education, and cultural studies. The programme is designed for students interested in deepening their understanding",TH,Education,,2026-02-11,2026-02-11,domain,2026-02-11,2026-02,0.0,False,False,False,TheGentlemen
ergotoyol,Erg Otoyol,ergotoyol.com.tr,tr,2026-02-11 20:28,2026-02-11,2026-02,239,2026-02-21 19:28,,,False,False,False,False,False,"ergotoyol.com.tr zoominfo.com/c/erg-otoyol-yatırım-ve-i̇şletme-aş/463324492 ERG Otoyol Yatırım ve İşletme A.Ş. is focused on the Ankara-Niğde Motorway Project, which aims to provide high-standard, safe, and uninterrupted transportation across Turkey. The project is significant for connecting the northern and southern regions of the country and enhancing access to various tourism sites along the route. The company operates in accordance with its corporate values and business principles",TR,Transportation,,2026-02-11,2026-02-11,domain,2026-02-11,2026-02,0.0,False,False,False,TheGentlemen
wctcommy,WCT Holdings Berhad,wct.com.my,my,2026-02-11 20:27,2026-02-11,2026-02,239,2026-02-21 19:27,,,False,False,False,False,False,"wct.com.my zoominfo.com/c/wct-holdings-berhad/372152043 WCT Holdings Berhad is a prominent construction company in Malaysia with over 40 years of experience, specializing in a diverse range of engineering and construction services. The company also engages in property development, shopping malls, hospitality, and business aviation. Their intended clients include various sectors seeking reliable construction and development solutions. WCT Holdings is committed to sustainability and has received",MY,Manufacturing,,2026-02-11,2026-02-11,domain,2026-02-11,2026-02,0.0,False,False,False,TheGentlemen
fgfrdubr,Fgf Colleges & Universities,fgf.edu.br,br,2026-02-10 15:39,2026-02-10,2026-02,239,2026-02-20 14:39,,,False,False,False,False,False,"fgf.edu.br zoominfo.com/c/fgf/1128423083 UNIGRANDE is a higher education institution that offers a wide range of undergraduate programs including Bachelor's and Technological degrees, with courses available in both virtual and face-to-face modalities. The institution aims to provide educational opportunities for students and supports them through various admission processes such as online assessments and ENEM scores. Targeting prospective students, UNIGRANDE facilitates access to quality",BR,Education,,2026-02-10,2026-02-10,domain,2026-02-10,2026-02,0.0,False,False,False,TheGentlemen
grupoagis,Agis Civil Engineering Construction,grupoagis.com.br,br,2026-02-10 15:35,2026-02-10,2026-02,239,2026-02-20 14:35,,,False,False,False,False,False,"grupoagis.com.br zoominfo.com/c/agis/372423957 Grupo Agis unites three businesses: Agis Construo, one of the top engineering companies in Brazil, Agis Sistemas focused on integrated energy solutions, and Agis Minerao specializing in mineral extraction for civil construction. They operate in both public and private sectors, with expertise in various infrastructure projects including metro, roads, ports, water works, sanitation, and mining. The group is committed to impactful projects that enhance",BR,Manufacturing,,2026-02-10,2026-02-10,domain,2026-02-10,2026-02,0.0,False,False,False,TheGentlemen
museudocaramulo,Museu do Caramulo,museudocaramulo.pt,pt,2026-02-10 15:33,2026-02-10,2026-02,239,2026-02-20 14:33,,,False,False,False,False,False,"museudocaramulo.pt zoominfo.com/c/museu-do-caramulo/547032458 Museu do Caramulo is a museum that showcases a diverse collection of ancient and modern art, automobiles, motorcycles, bicycles, and toys. It hosts various exhibitions and events, including the Caramulo Motorfestival and the Corrida dos Fundadores, aimed at engaging the community and promoting historical awareness. The museum also offers restoration workshops, classic vehicle insurance, and certification services for vehicles",PT,Hospitality,,2026-02-10,2026-02-10,domain,2026-02-10,2026-02,0.0,False,False,False,TheGentlemen
nfttech,NFT Technology,nft.com.tw,tw,2026-02-10 15:31,2026-02-10,2026-02,239,2026-02-20 14:31,,,False,False,False,False,False,"nft.com.tw zoominfo.com/c/nft-technology-co-ltd/447009402 NFT Technology Co Ltd is a company that operates in the Chemicals & Related Products industry. It employs 250to499 people and has 50Mto100M of revenue. The company is headquartered in Gangshan Dist., Kaohsiung City, Taiwan.",TW,Technology,,2026-02-10,2026-02-10,domain,2026-02-10,2026-02,0.0,False,False,False,TheGentlemen
unifil,UniFil,unifil.br,br,2026-02-10 15:27,2026-02-10,2026-02,239,2026-02-20 14:27,,,False,False,False,False,False,"unifil.br zoominfo.com/c/unifil/455631359 UniFil offers a wide range of undergraduate and postgraduate programs in various fields, including health sciences, engineering, business, and the humanities, available both in-person and through distance learning. Targeting students seeking quality education with access to modern technology and experienced faculty, the institution provides comprehensive academic support and partnership opportunities for professional development.",BR,Education,,2026-02-10,2026-02-10,domain,2026-02-10,2026-02,0.0,False,False,False,TheGentlemen
institutonacional,Instituto Nacional de Derechos Humanos,indh.cl,cl,2026-02-10 15:25,2026-02-10,2026-02,239,2026-02-20 14:25,,,False,False,False,False,False,"indh.cl zoominfo.com/c/instituto-nacional-de-derechos-humanos-indh/434184671 The Instituto Nacional de Derechos Humanos (INDH) is a state institution in Chile that autonomously promotes a culture of respect for human rights, monitors the actions of the Chilean state according to established standards, and protects the dignity of all individuals residing in the nation. It provides concrete solutions aimed at improving the lives of people and addresses various human rights issues, such as economic",CL,Government & Defense,,2026-02-10,2026-02-10,domain,2026-02-10,2026-02,0.0,False,False,False,TheGentlemen
smartply,Smartply Europe,smartply.com,com,2026-02-10 15:10,2026-02-10,2026-02,239,2026-02-20 14:10,,,False,False,False,False,False,"smartply.com zoominfo.com/c/smartply-europe-ltd/1148020571 MEDITE SMARTPLY is a leading manufacturer of sustainable timber construction panels, recognized for its award-winning brands MEDITE and SMARTPLY. The company offers a range of engineered products including moisture resistant and flame retardant MDF and OSB panels, catering to diverse applications such as flooring, furniture, and timber framing. Targeting housebuilders and designers, MEDITE SMARTPLY prioritizes sustainability",IE,Manufacturing,,2026-02-10,2026-02-10,domain,2026-02-10,2026-02,0.0,False,False,False,TheGentlemen
pluscommy,PLUS Malaysia Berhad,plus.com.my,my,2026-02-10 04:50,2026-02-10,2026-02,237,2026-02-20 01:50,,,False,False,False,False,False,"plus.com.my zoominfo.com/c/plus-malaysia-berhad/450191982 PLUS Malaysia Berhad provides a comprehensive travel experience through its expressways, offering facilities for relaxation and refreshment along the routes. The company enhances travel convenience with its PLUS App, which includes features like traffic updates, toll fare calculations, and a rewards program called PLUSMiles. Their services are designed for all road users in Peninsular Malaysia, ensuring smooth and safe journeys.",MY,Transportation,,2026-02-06,2026-02-06,domain,2026-02-06,2026-02,-4.0,False,False,False,TheGentlemen
toruscfhmoney,Torus,cfh.money,money,2026-02-10 02:44,2026-02-10,2026-02,239,2026-02-20 01:44,,,False,False,False,False,False,"cfh.money zoominfo.com/c/torus/1313694164 TORUS. Being built to be the world’s leading Neo Wellness Platform, TORUS shall encompass all of wealth, health, education and lifestyle wellness. In short, it will invite users to experience a world of wellness that shall rotate around them. Addressing their every need, every dream and every aspiration. Providing them with infinite investment opportunities, round-the-clock care, multiple avenues to upskill and grow, and the freedom to live the way they",US,Financial Services,,2026-02-06,2026-02-06,domain,2026-02-06,2026-02,-4.0,False,False,False,TheGentlemen
aeroclub,L'Aeroclub,aeroclub.es,es,2026-02-10 02:42,2026-02-10,2026-02,239,2026-02-20 01:42,,,False,False,False,False,False,"aeroclub.es zoominfo.com/c/laeroclub/372501174 L'Aeroclub is Europe's biggest general and sports aviation club for people who love flying. They help anyone become a pilot, offering training programs for everything from small private planes to sports aircraft. Whether you want to get your first pilot's license or explore different types of flying, they've got classes and support to help you take to the skies. With locations across Europe, they make learning to fly fun and accessible for aviation",FR,Transportation,,2026-02-06,2026-02-06,domain,2026-02-06,2026-02,-4.0,False,True,True,TheGentlemen
limpia,Area Limpia,www.arealimpia.com.co,co,2026-02-10 02:42,2026-02-10,2026-02,239,2026-02-20 01:42,,,False,False,False,False,False,"www.arealimpia.com.co https://www.zoominfo.com/c/rea-limpia/1332696378 Área Limpia Distrito Capital S.A.S E.S.P provides various cleaning and waste management services including mechanical and manual street sweeping, tree pruning, containerization for waste disposal, and public area washing. The company serves residential and commercial clients, ensuring the collection and transport of non-recyclable waste and maintaining public cleanliness. It aims to enhance urban environments through regular",CO,Professional Services,,2026-02-10,2026-02-10,domain,2026-02-10,2026-02,0.0,False,False,False,TheGentlemen
fargo,Wells Fargo,fargo.co.ke,ke,2026-02-10 02:41,2026-02-10,2026-02,239,2026-02-20 01:41,,,False,False,False,False,False,"fargo.co.ke zoominfo.com/c/wells-fargo-ltd/430303869 Wells Fargo offers comprehensive domestic and corporate security services in Kenya, including guard services, electronic security, fire prevention, valuables in transit, and event security. The company aims to be the preferred supplier of security solutions in Eastern Africa, focusing on innovation and customer satisfaction. With a commitment to adapting to the evolving security landscape, Wells Fargo utilizes advanced technology",US,Financial Services,,2026-02-06,2026-02-06,domain,2026-02-06,2026-02,-4.0,False,True,True,TheGentlemen
hafa,Hafa,hafa.fr,fr,2026-02-10 02:40,2026-02-10,2026-02,239,2026-02-20 01:40,,,False,False,False,False,False,"hafa.fr zoominfo.com/c/hafa/458792496 Lubricants designed by experts to always go further. This is the HAFA Pioneering Spirit. Since 1953, HAFA has demonstrated its ability to renew itself and accompany you towards ever-greater performance. A single partner with a range of lubricants that meets all my needs. For me, it's HAFA. Hafa offers product ranges that cover all professional uses and simplifies the management of your lubricant needs.",SE,Manufacturing,,2026-02-06,2026-02-06,domain,2026-02-06,2026-02,-4.0,False,True,True,TheGentlemen
cpqingenieros,CPQ Ingenieros,cpqingenieros.com,com,2026-02-10 02:40,2026-02-10,2026-02,239,2026-02-20 01:40,,,False,False,False,False,False,"cpqingenieros.com zoominfo.com/c/cpq-ingenieros/404026171 specializes in the design of process plants across various sectors including chemical, pharmaceutical, biotechnological, food, and cosmetic industries. Their services encompass basic processes, detailed engineering, project management, construction supervision, startup assistance, and legal compliance. The company caters to large and medium-sized enterprises committed to quality and transparency.",ES,Manufacturing,,2026-02-06,2026-02-06,domain,2026-02-06,2026-02,-4.0,False,False,False,TheGentlemen
trace,Trace,trace.tv,tv,2026-02-10 02:39,2026-02-10,2026-02,239,2026-02-20 01:39,,,False,False,False,False,False,"trace.tv zoominfo.com/c/trace/138903628 TRACE FR is a leading platform for news related to people, music, lifestyle, entertainment, and urban and Afro-urban cultures. The company offers a variety of services including TV channels, radio stations, and mobile applications that cater to diverse audiences. TRACE FR targets clients interested in contemporary culture, music, and lifestyle trends, particularly within the African and urban communities.",FR,Retail & E-Commerce,,2026-02-06,2026-01-30,domain,2026-02-06,2026-02,-4.0,False,False,False,TheGentlemen
eximbankja,EXIM Bank,eximbankja.com,com,2026-02-10 02:39,2026-02-10,2026-02,239,2026-02-20 01:39,,,False,False,False,False,False,"eximbankja.com zoominfo.com/c/exim-bank/101959142 Exim Bank Jamaica provides innovative trade financing solutions, short and medium-term loans, and advisory services aimed at fostering business growth. The bank is dedicated to supporting the productive sector by offering competitively-priced financial products tailored to meet the needs of its clients. Their services include working capital financing, trade credit insurance, and specialized loans for sectors such as tourism and renewable energy.",US,Financial Services,,2026-02-06,2026-02-06,domain,2026-02-06,2026-02,-4.0,False,False,False,TheGentlemen
CHON,Chonburi Provincial Administration,chon.go.th,th,2026-02-10 02:37,2026-02-10,2026-02,239,2026-02-20 01:37,,,False,False,False,False,False,"chon.go.th official website for the Chonburi Provincial Administration in Thailand. This local government organization manages the Chonburi Province, an area that includes the popular city of Pattaya. Its core functions involve providing local civil services, infrastructure planning, public health initiatives, and promoting regional tourism and the economy.",TH,Government & Defense,,2026-02-06,2026-02-06,domain,2026-02-06,2026-02,-4.0,False,False,False,TheGentlemen
dome,Dome Partners,dome.ws,ws,2026-02-10 02:37,2026-02-10,2026-02,239,2026-02-20 01:37,,,False,False,False,False,False,"dome.ws zoominfo.com/c/dome-partners/425321491 Dome+Partners specializes in architecture and urban planning, focusing on blending modern aesthetics with functionality. They offer a range of projects including mixed-use developments, cultural institutions, and residential spaces across various countries. The company is committed to sustainability and environmentally-friendly practices, ensuring that their designs harmonize with natural surroundings. Their intended clients include municipalities",US,Professional Services,,2026-02-06,2026-02-06,domain,2026-02-06,2026-02,-4.0,False,False,False,TheGentlemen
gady,Gady Family,gady.at,at,2026-02-10 02:36,2026-02-10,2026-02,239,2026-02-20 01:36,,,False,False,False,False,False,"gady.at zoominfo.com/c/gady-family/431055072 Gady Family is a prominent automotive and agricultural machinery dealer in southeastern Austria, offering a wide range of new and used vehicles including brands like BMW, MINI, Opel, and Toyota. The company also specializes in agricultural machinery and parts, catering to clients in agriculture and farming. With a tradition dating back to 1936, Gady Family has established numerous locations supported by a team of around 500 employees",AT,Agriculture and Food Production,,2026-02-06,2026-01-25,domain,2026-02-06,2026-02,-4.0,False,False,False,TheGentlemen
bam,BAM - Brand Art Media,bam.lu,lu,2026-02-10 02:36,2026-02-10,2026-02,239,2026-02-20 01:36,,,False,False,False,False,False,"bam.lu zoominfo.com/c/bam---brand-art-media/372530213 BAMHUB MEDIA is a tech and design agency that offers a wide range of services including website and app design, software development, 3D design, and branding. They specialize in expo branding, providing end-to-end exhibition services from design to logistics, successfully executing projects in Europe and the USA. Their portfolio showcases work in various areas such as interior design, custom furniture production, and animation. The agency aim",DE,Technology,,2026-02-06,2026-02-06,domain,2026-02-06,2026-02,-4.0,False,True,True,TheGentlemen
nishiyamasscojp,Nishiyama Seisakusho,nishiyama-ss.co.jp,jp,2026-02-10 02:36,2026-02-10,2026-02,239,2026-02-20 01:36,,,False,False,False,False,False,"nishiyama-ss.co.jp zoominfo.com/c/nishiyama-seisakusho-co-ltd/482975122 Nishiyama Seisakusho Co., Ltd. specializes in the production of precision machinery and components, particularly focusing on high-quality manufacturing since its establishment in 1949. The company offers a range of products including precision gears and mechanical parts, catering to various industries. Their intended clients include businesses in need of reliable and precise mechanical solutions. With a commitment to quality",JP,Manufacturing,,2026-02-06,2026-02-06,domain,2026-02-06,2026-02,-4.0,False,False,False,TheGentlemen
marinahomeinteriors,Marina Home Interiors,marinahomeinteriors.com,com,2026-02-10 02:34,2026-02-10,2026-02,239,2026-02-20 01:34,,,False,False,False,False,False,"marinahomeinteriors.com Conceptualized in 1997, Marina Home Interiors Retail Network is a Dubai based premium home furnishings company and operates its stores across the Arabian Gulf region, Egypt and the Indian subcontinent. Marina Home is a household name across the countries it operates in and is synonymous with quality, creativity and a strong aspirational value proposition. Marina has proved its design ability in the selection of items that create an entrancing effect of unusual harmony.",AE,Retail & E-Commerce,,2026-02-06,2026-02-06,domain,2026-02-06,2026-02,-4.0,False,False,False,TheGentlemen
silvi,Silvi SRL,silvi.it,it,2026-02-10 02:34,2026-02-10,2026-02,239,2026-02-20 01:34,,,False,False,False,False,False,"silvi.it Silvi SRL, established in 1990, specializes in advanced industrial automation solutions, offering a range of products including palletizing systems, depalletizing systems, and special machines. The company serves various sectors such as metal packaging, pet food, automotive, chemical and pharmaceutical, food and beverage, and warehouse logistics. With over 30 years of experience, Silvi SRL is known for its reliability and innovation, providing high-quality customer support",IT,Manufacturing,,2026-02-06,2026-02-06,domain,2026-02-06,2026-02,-4.0,False,False,False,TheGentlemen
itgsoftware,Infinite Tiers Group,itgsoftware.com,com,2026-02-10 02:33,2026-02-10,2026-02,239,2026-02-20 01:33,,,False,False,False,False,False,"itgsoftware.com ITG Software, Inc. is a provider of mission critical integrated business software solutions. Using a rigorous design approach, we build integrated software systems that will have a marked positive effect on the bottom line. Infinite Tiers Group, Inc. has a unique approach to building software systems. This stems from our understanding of the usability and applicability of current technology as well as our vision of what's next. We are committed to providing the highest quality",US,Technology,,2026-02-06,2026-02-06,domain,2026-02-06,2026-02,-4.0,False,False,False,TheGentlemen
nobelhyg,Nobel Hygiene Pvt,www.nobelhygiene.com,com,2026-01-31 20:53,2026-01-31,2026-01,239,2026-02-10 19:53,,,False,False,False,False,False,"www.nobelhygiene.com https://www.zoominfo.com/c/nobel-hygiene-pvt-ltd/348701217 Nobel Hygiene is a leading manufacturer of disposable hygiene products in India, specializing in adult and baby diapers, as well as women's hygiene products. With over 20 years of experience, the company serves more than 5 million households and exports to over 30 countries. They are known for pioneering the concept of adult diapers in India and have received multiple awards for their manufacturing excellence. Their target clients include families and individuals seeking quality hygiene solutions.",IN,Manufacturing,,2026-01-31,2026-01-31,domain,2026-01-31,2026-01,0.0,False,False,False,TheGentlemen
wiesontec,Wieson Technologies,www.wieson.com,com,2026-01-31 02:01,2026-01-31,2026-01,239,2026-02-10 01:01,,,False,False,False,False,False,"www.wieson.com https://www.zoominfo.com/c/wieson-technologies-co-ltd/128565406 Wieson Technologies specializes in the design and manufacturing of connectors and cable assemblies, with a focus on super high-speed technology and wireless communications. Their product range includes interconnect components, wireless components, medical electronics, and automotive electronics. The company serves various industries such as cloud computing, data communication, and medical electronics. Established in 1990, Wieson Technologies aims to provide innovative solutions to clients in need of advanced electronic connectivity",TW,Technology,,2026-01-31,2026-02-02,domain,2026-01-31,2026-01,0.0,False,False,False,TheGentlemen
roben,Röben Tonbaustoffe GmbH,www.roeben.com,com,2026-01-30 23:12,2026-01-30,2026-01,239,2026-02-09 22:12,,,False,False,False,False,False,"https://www.roeben.com https://www.zoominfo.com/c/ro%CC%88ben/430636767 Röben specializes in building ceramics, offering a wide range of products including roofing tiles, clinker bricks, and ceramic floor tiles. The company serves architects, contractors, and homeowners, providing not only products but also professional advice and inspiration for construction projects. Their offerings encompass roofing solutions, facade materials, and indoor ceramics with various colors and styles. With a commitment to quality and design, Röben aims to enhance both aesthetic and functional aspects of residential and public buildings",DE,Manufacturing,,2026-01-31,2026-01-02,domain,2026-01-30,2026-01,1.0,False,False,False,TheGentlemen
hydromet,Hydrometrics,www.hydrometrics.com,com,2026-01-30 23:08,2026-01-30,2026-01,239,2026-02-09 22:08,,,False,False,False,False,False,"www.hydrometrics.com https://www.zoominfo.com/c/hydrometrics-inc/18513967 Hydrometrics, Inc. is a Montana-based company that offers professional scientific and engineering services to industrial, commercial, municipal, and private sectors throughout the United States. With over 40 years of experience, they specialize in civil and environmental engineering, water resources and hydrogeology, mine permitting and compliance, and hazardous waste management. Their interdisciplinary approach ensures client satisfaction through reliable and effective solutions tailored to specific project needs. Hydrometrics is committed to empowering environmental responsibility and delivering dependable results.",US,Manufacturing,,2026-01-31,2025-08-25,domain,2026-01-30,2026-01,1.0,False,False,False,TheGentlemen
lawsoft,Lawsoft,,,2026-01-30 23:06,2026-01-30,2026-01,239,2026-02-09 22:06,,,False,False,False,False,False,"https://www.zoominfo.com/c/lawsoft-inc/354268207 lawsoftweb.com www.lawsoft-inc.com LawSoft, Inc. specializes in providing scalable and customizable software solutions for law enforcement agencies, including Computer-Aided Dispatch (CAD), Records Management Systems (RMS), and Fire EMS systems. Their products aim to streamline reporting and data integration, boasting a user-friendly design and incorporating legacy system data for a cohesive experience. The company emphasizes strong customer service with 24/7, US-based support and partners closely with clients to cater to their specific needs. LawSoft targets law enforcement agencies seeking efficient, effective technology to enhance their operational capabilities",US,Technology,,2026-01-31,2025-02-19,name,2026-01-30,2026-01,1.0,False,False,False,TheGentlemen
abatix,Abatix,,,2026-01-30 23:05,2026-01-30,2026-01,239,2026-02-09 22:05,,,False,False,False,False,False,"https://www.zoominfo.com/c/abatix-corp/99255 www.abatix.com Foundeded in 1983, Abatix is a supplier of products for the general construction, industrial safety, petrochemical, energy, environmental, hospital, fire and water restoration, and disaster response industries supporting customers across the nation and is headquartered in Mesquite, Texas. Established in 1983 and with branch offices in the Atlanta, Baton Rouge, Chicago, Dallas, Houston, Jacksonville, Las Vegas, Los Angeles, Phoenix, San Antonio, San Diego, San Francisco, Sacramento and Seattle areas, Abatix has grown into a nationally recognized supplier of products for the General Construction, Industrial Safety, Petrochemical, Energy, Environmental, Hospital, Fire and Water Restoration, and Disaster Response industries supporting customers across the nation.",US,Manufacturing,,2026-01-30,2025-02-19,name,2026-01-30,2026-01,0.0,False,False,False,TheGentlemen
mbmpl,MBM,mbm.edu.pl,pl,2026-01-24 20:58,2026-01-24,2026-01,239,2026-02-03 19:58,,,False,False,False,False,False,"https://mbm.edu.pl MBM is a Polish company specializing in professional training, compliance support, and implementation of mandatory procedures for both public institutions and private organizations across the country. They have over eight years of experience delivering vocational training, advisory services, audits, and ready‑to‑use documentation tailored to legal requirements, particularly in areas such as data protection and workplace obligations. Their services include courses on personal data protection and assistance in meeting the requirements of current data privacy laws, helping clients align with GDPR‑related duties and other legal obligations concerning handling and safeguarding personal information.",PL,Education,,2026-01-24,2026-01-11,domain,2026-01-24,2026-01,0.0,False,False,False,TheGentlemen
unimedanapolis,Unimed Anápolis,,,2026-01-20 23:58,2026-01-20,2026-01,239,2026-01-30 22:58,,,False,False,False,False,False,"Unimed as a whole is a physician-owned healthcare and health insurance cooperative in Brazil, one of the largest of its kind in the world, operating through many regional cooperatives and serving millions of beneficiaries with managed healthcare services. Unimed Anápolis is part of Unimed, a large Brazilian medical cooperative and health insurance provider. It offers a variety of healthcare plans tailored to people and companies in the region, giving members access to a broad network of affiliated doctors, hospitals, and medical services. The plans are designed to meet different needs and include coverage through a wide accredited healthcare network unimedanapolis.com.br",BR,Healthcare,,2026-01-21,2026-01-20,name,2026-01-20,2026-01,1.0,False,False,False,TheGentlemen
sincerehq,Sincere Corporation,sincerehq.com,com,2026-01-20 23:52,2026-01-20,2026-01,239,2026-01-30 22:52,,,False,False,False,False,False,"Sincerehq.com SINCERE Corporation is a Japanese environmental services company operating under the philosophy of ""Symbiosis with Nature,"" offering ""one-stop"" solutions in waste management and building maintenance across four main segments: Resource Cycling, Recycling Business, Environmental Improvement and Building Maintenance, and Environmental Consulting. Established in 1969, the company contributes to Japan's circular economy with nationwide operations, including major facilities in Shinagawa and Yokohama.",JP,Energy & Utilities,,2026-01-21,2026-01-20,domain,2026-01-20,2026-01,1.0,False,False,False,TheGentlemen
casaespan,Casa de España,www.casadeespana.do,do,2026-01-20 23:37,2026-01-20,2026-01,239,2026-01-30 22:37,,,False,False,False,False,False,"www.casadeespana.do https://www.zoominfo.com/c/casa-de-espan%CC%83a/476166997 Casa de España, located in Santo Domingo, Dominican Republic, is a premier private social and cultural club dedicated to preserving Spanish heritage and fostering community ties. The club features extensive facilities, including multiple dining venues like Restaurante Sancho and La Taberna, professional-grade soccer fields, and recreational areas such as the ""Camino de la Salud"" fitness path.",MX,Hospitality,,2026-01-21,2026-01-20,domain,2026-01-20,2026-01,1.0,False,True,True,TheGentlemen
garko,Garko,www.garko.cz,cz,2026-01-20 23:32,2026-01-20,2026-01,239,2026-01-30 22:32,,,False,False,False,False,False,"www.garko.cz https://www.zoominfo.com/c/garko/1294349462 Garko helps people make their sports and cultural events special. Based in Brno, they create awesome prizes, trophies, medals, and certificates for every kind of competition. Whether it's a small local tournament or a big regional event, they make sure every participant feels proud and recognized. Their team understands how much a great prize means to athletes and event organizers.",CZ,Retail & E-Commerce,,2026-01-21,2026-01-20,domain,2026-01-20,2026-01,1.0,False,False,False,TheGentlemen
sibca,Sibca,www.sibca.com,com,2026-01-20 23:30,2026-01-20,2026-01,239,2026-01-30 22:30,,,False,False,False,False,False,"www.sibca.com https://www.zoominfo.com/c/sibca/67568584 At Sibca we promote a diverse work environment to support the client base and communities that we operate in. With a focus on recruiting our technical team with electrical and computer engineer qualifications from leading universities we have the skills and capabilities to address all our clients' needs. With its roots as a family business we take pride in investing in our employees and their careers at every opportunity. We seek to maximise the potential of all our employees, expand their professional horizons and ask them to contribute positively to the communities in which they operate. We pride ourselves on the fact that the majority of our senior management has risen through our ranks and been able to fulfill their potential. And we are confident that their successors are with Sibca today.",AE,Technology,,2026-01-21,2026-01-20,domain,2026-01-20,2026-01,1.0,False,False,False,TheGentlemen
bluemega,Bluemega,www.bluemega.com,com,2026-01-20 23:29,2026-01-20,2026-01,239,2026-01-30 22:29,,,False,False,False,False,False,"www.bluemega.com https://www.zoominfo.com/c/bluemega/352018652 Bluemega specializes in document management and printing infrastructure solutions, aiming to enhance organizational performance through smart printing and e-document services. They offer a range of products including KPAX, PaperCut MF, and various cloud solutions, catering to both public and private sectors. Their target clients include distributors and businesses of all sizes looking to optimize their printing processes and document management. With nearly 30 years of experience, Bluemega supports a network of over 70 distributors and more than 2000 clients worldwide.",FR,Professional Services,,2026-01-21,2026-01-20,domain,2026-01-20,2026-01,1.0,False,False,False,TheGentlemen
sasi,SASI JSC,sasi.vn,vn,2026-01-20 19:06,2026-01-20,2026-01,239,2026-01-30 18:06,,,False,False,False,False,False,"sasi.vn - SASI (Saigon Auto Supporting Industry JSC) is a Vietnamese industrial manufacturing company operating via the domain sasi.vn, focused on large-scale OEM production.SASI is a long-established manufacturer, founded in the 1970s, with production facilities located in Ho Chi Minh City (Cu Chi Industrial Park), which is an important industrial zone for heavy and precision manufacturing in Vietnam.The company’s core activity is OEM and supporting industry manufacturing, meaning it produces metal parts, components, and assemblies strictly according to customer specifications rather than selling consumer products under its own brand.SASI plays a critical role in automotive and industrial supply chains, supplying components used in vehicles, motorcycles, industrial machinery, and selected medical and technical equipment.",VN,Manufacturing,,2026-01-20,2026-01-20,domain,2026-01-20,2026-01,0.0,False,False,False,TheGentlemen
beniel,Ayuntamiento de Beniel,beniel.es,es,2026-01-20 18:21,2026-01-20,2026-01,239,2026-01-30 17:21,,,False,False,False,False,False,"beniel.es Ayuntamiento de Beniel is the local government authority of the town of Beniel, located in the Region of Murcia, Spain.It is responsible for the administration and governance of the municipality. The organization provides public and administrative services to local residents. Its duties include population registration and issuing official certificates and documents. It manages the municipal budget, local taxes, and public spending. The municipality oversees urban planning, infrastructure, and public maintenance. It coordinates social services, cultural initiatives, and sports programs. The local government organizes and supports community events and public celebrations. It publishes official announcements, regulations, and municipal news.",ES,Government & Defense,,2026-01-20,2026-01-15,domain,2026-01-20,2026-01,0.0,False,False,False,TheGentlemen
lotusbed,Lotus Bedding,www.lotusbedding.com,com,2026-01-20 18:00,2026-01-20,2026-01,239,2026-01-30 17:00,,,False,False,False,False,False,"www.lotusbedding.com https://www.zoominfo.com/c/lotus-bedding/357889420 LOTUS is Thailand's leading and most exciting bedding company. At LOTUS, inspiration comes alive through artistic expression by Lotus Design Lab. Your bed will be livened up in style with our exciting design proposals and vast collection of bedding fashion. Established in 1980, the company started off as a tiny workshop doing cut and sew using merely 3 staffs including both founders, Mr. Kamthorn and Mrs. Leena Lojanagosin. Today LOTUS is not merely having over a thousand enthusiastic staffs in the family, but it has grown into multi-national group of companies and expanded its bases to many significant markets including Belgium, Singapore, Hong Kong, to name a few. Moreover, Lotus Bedding Group has successfully diversified its business portfolio to covering other industries such as mattress, hygiene home service, ultra luxury import furniture, retail, transit media provider, aesthetic and holistic hospital, public bus transportation in Bangkok area, and real-estate development.",TH,Retail & E-Commerce,,2026-01-20,2026-01-20,domain,2026-01-20,2026-01,0.0,False,False,False,TheGentlemen
paltrack,Paltrack,,,2026-01-20 17:58,2026-01-20,2026-01,239,2026-01-30 16:58,,,False,False,False,False,False,"https://www.zoominfo.com/c/paltrack-ltd/429817972 www.paltrack.co.za Paltrack is a leading supplier of software solutions, product coding and integration services to the South African agricultural industry. Our focus is on supply chain visibility from producer to port, and we build and source software solutions that meet our unique customer's needs through all market verticals. Our primary clients are in the fruit and aquaculture industries, but our software is agile and customisable for most traceability requirements.",ZA,Technology,,2026-01-20,2025-02-19,name,2026-01-20,2026-01,0.0,False,False,False,TheGentlemen
rolacoza,Rola Motor Group,www.rola.co.za,za,2026-01-20 17:57,2026-01-20,2026-01,239,2026-01-30 16:57,,,False,False,False,False,False,"www.rola.co.za https://www.zoominfo.com/c/rola-motor-group/479741917 Rola Motor Group specializes in the sale of new, demo, and quality pre-owned vehicles, offering a seamless online finance pre-approval process. They provide services for buying and selling cars, as well as vehicle servicing across various brands. Their intended clients include individuals looking to purchase vehicles, sell their cars, or seek financing solutions. Established in 1963, Rola Motor Group is known for its exceptional customer service and a wide range of automotive solutions.",ZA,Retail & E-Commerce,,2026-01-20,2026-01-20,domain,2026-01-20,2026-01,0.0,False,False,False,TheGentlemen
sitasud,Sita Sud,,,2026-01-20 17:55,2026-01-20,2026-01,239,2026-01-30 16:55,,,False,False,False,False,False,"Sud Trasporti opera nel settore dei trasporti da oltre cinquant’anni. Si propone di soddisfare ogni tipo di esigenza sul territorio nazionale e internazionale. Per l’espletamento dei servizi l’azienda si avvale di più di 250 persone qualificate, costituite da dipendenti e da collaboratori esterni, in grado di offrire soluzioni per trasporti da qualsiasi località d’Italia verso la Sicilia, Sardegna e Spagna; inoltre colleghiamo la Calabria, la Campania e la Puglia con il nord Italia e viceversa. L’azienda si occupa di carico, completo e parziale, groupage, trasporto di prodotti in regime ADR, rifiuti speciali pericolosi e non pericolosi e merce voluminosa. Con oltre 50.000 spedizioni annuali e 200 trasporti giornalieri, Sud Trasporti è un partner affidabile per ogni tipologia di merce che richiede uno specifico trasporto. http://www.sudtrasporti.it",IT,Transportation,,2026-01-20,2026-01-20,name,2026-01-20,2026-01,0.0,False,False,False,TheGentlemen
witzenberg,Witzenberg Municipality,www.witzenberg.gov.za,za,2026-01-20 17:53,2026-01-20,2026-01,239,2026-01-30 16:53,,,False,False,False,False,False,"www.witzenberg.gov.za https://www.zoominfo.com/c/witzenberg-municipality/430430424 Witzenberg Municipality is located in the Cape Winelands District, comprising the towns of Ceres, Tulbagh, Wolseley, Op-die-Berg, and Prince Alfreds Hamlet. The municipality is known for its agricultural production, including deciduous fruits, vegetables, and wine, and has established itself as a family tourist destination and adventure tourism hub. It offers a variety of activities such as historical tours, hiking, and nature experiences. The intended clients include tourists seeking adventure and families looking for recreational activities in a picturesque setting.",ZA,Government & Defense,,2026-01-20,2026-01-20,domain,2026-01-20,2026-01,0.0,False,False,False,TheGentlemen
wrp,WRP Asia Pacific Sdn Bhd,www.wrpworld.com,com,2026-01-20 17:52,2026-01-20,2026-01,239,2026-01-30 16:52,,,False,False,False,False,False,"www.wrpworld.com https://www.zoominfo.com/c/wrp-asia-pacific-sdn-bhd/346914589 WRP is one of the world's leading manufacturing and distributing groups producing premium quality gloves for the medical, dental, food and critical environment market. Headquartered in Malaysia, WRP's manufacturing facilities are located in Malaysia and Indonesia. We implement a quality assurance program which is consistent with US FDA's latest Quality System Regulation (QSR) guidelines, and our manufacturing and quality systems are certified to EN ISO 9001 standard. Our products are in full compliance with ASTM standards as well as the European Medical Device Directive 93/42/EEC and, where such is the case, with the national standard transposing harmonized standards EN455 Parts 1, 2 & 3. In order to serve our customers better, we have established a marketing office located in Uniontown, Ohio.",MY,Manufacturing,,2026-01-20,2026-01-20,domain,2026-01-20,2026-01,0.0,False,False,False,TheGentlemen
magen,Magen Eco Energy,www.magen-ecoenergy.com,com,2026-01-20 17:51,2026-01-20,2026-01,239,2026-01-30 16:51,,,False,False,False,False,False,"www.magen-ecoenergy.com https://www.zoominfo.com/c/magen-eco-energy/346848999 MAGEN eco-ENERGY, an Israeli-based global manufacturer of renewable energy solutions, is the parent company of the Magen International Group. In the nearly forty years since the company was founded, MAGEN eco-ENERGY has grown into a world leader specializing in the R&D, production, and marketing of ecological, economical solutions for each of its major product lines: Solar Heating for Swimming Pools, spas and Jacuzzis, Solar Water Heating Systems for domestic and commercial use, Natural Salt Chlorinators, Industrial & Agricultural Heat Exchangers and Pre-Heating solutions. Magens' known brands are: Heliocol®, Sunstar®, eco-Flare®, eco-Spark®, and Heat-Kit. Committed to quality, the company is ISO 9001:1973 and ISO 14001:2004 approved.",IL,Energy & Utilities,,2026-01-20,2026-01-20,domain,2026-01-20,2026-01,0.0,False,False,False,TheGentlemen
ustar,USTAR,www.ustar.co.th,th,2026-01-20 17:49,2026-01-20,2026-01,239,2026-01-30 16:49,,,False,False,False,False,False,"www.ustar.co.th https://www.zoominfo.com/c/ustar-cosmetics/458875985 USTAR specializes in beauty products that enhance women's appearance and confidence, offering high-quality items at affordable prices. Their product range includes cosmetics for the eyes, face, and lips, such as foundations, lipsticks, and skincare creams. USTAR aims to cater to women's fashion, beauty, and lifestyle needs. The company is committed to providing friendly service and support to its clients.",CN,Retail & E-Commerce,,2026-01-20,2026-01-20,domain,2026-01-20,2026-01,0.0,False,True,True,TheGentlemen
orlic,Orlík Compressors,www.orlik.cz,cz,2026-01-20 17:47,2026-01-20,2026-01,239,2026-01-30 16:47,,,False,False,False,False,False,"www.orlik.cz https://www.zoominfo.com/c/orli%CC%81k-compressors/399403693 Orlik specializes in the production and sale of compressors and related accessories, offering a range of piston, screw, and spiral compressors, as well as dryers and pneumatic tools. Their products are designed for industrial use, emphasizing high efficiency, reliability, and low maintenance requirements. In addition to product sales, Orlik provides services related to compressed air, including rental, servicing, and air consumption audits. Their intended clients include various industrial sectors that require reliable compressed air solutions.",CZ,Manufacturing,,2026-01-20,2026-01-20,domain,2026-01-20,2026-01,0.0,False,False,False,TheGentlemen
cpforke,CPF Financial Services,cpf.or.ke,ke,2026-01-20 17:42,2026-01-20,2026-01,239,2026-01-30 16:42,,,False,False,False,False,False,"cpf.or.ke https://www.zoominfo.com/c/cpf-financial-services-ltd/434613110 CPF Financial Services is a financial institution that specializes in pension fund administration, management consulting, corporate training, and trust fund administration. They offer a range of products including M-Pension, defined contribution schemes, and post-retirement medical schemes. The company aims to provide innovative and sustainable financial solutions to its stakeholders, focusing on enhancing financial security and opportunities. Their intended clients include individuals and organizations seeking comprehensive financial services and retirement planning.",KE,Financial Services,,2026-01-20,2025-02-19,name,2026-01-20,2026-01,0.0,False,False,False,TheGentlemen
autofinanceria,Autofinanciera,www.autofinanciera.com.co,co,2026-01-20 17:34,2026-01-20,2026-01,239,2026-01-30 16:34,,,False,False,False,False,False,"www.autofinanciera.com.co https://www.zoominfo.com/c/autofinanciera/474531250 Autofinanciera offers a unique program for purchasing goods and services without bank interest, featuring flexible terms and fixed payments. The company aims to help clients achieve their dreams by providing a structured savings plan that allows for the acquisition of vehicles, education, travel, and home renovations. Their target clients include individuals looking to invest in their future and fulfill personal goals through a planned savings approach. Autofinanciera emphasizes financial tranquility and the development of good financial habits for its customers.",CO,Financial Services,,2026-01-20,2026-01-20,domain,2026-01-20,2026-01,0.0,False,False,False,TheGentlemen
eurotex,Eurotex,www.eurotex.com.tr,tr,2026-01-20 17:31,2026-01-20,2026-01,239,2026-01-30 16:31,,,False,False,False,False,False,"www.eurotex.com.tr https://www.zoominfo.com/c/eurotex/455248056 https://atateks.com.tr/ https://www.zoominfo.com/c/atateks/501373299 Atateks is a textile manufacturer established in 1995 in Denizli, Turkey, with a focus on sustainable production practices. Drawing inspiration from the sea, the company has continuously adapted and evolved its methods over the years to maintain a leading position in the sector. With over 30 years of experience, Atateks has become one of the innovative producers of woven fabrics. The company is committed to renewal and development, aiming for a sustainable future in the textile industry. Eurotex is a leading vertically integrated company in Turkey, focusing on developing advanced and sustainable products for the global textile industry. They are the biggest producer of Polyamide Yarns and Seamless Garments in Turkey, with a strong commitment to environmental, social, and economic awareness. Eurotex offers a wide range of filament yarns",TR,,,,,manual,2026-01-20,2026-01,,False,False,True,TheGentlemen
britbrasil,British School of Brasilia,,,2026-01-20 17:03,2026-01-20,2026-01,239,2026-01-30 16:03,,,False,False,False,False,False,"https://www.zoominfo.com/pic/british-school-of-brasilia/452874642 www.britishschoolbrasilia.org The British School of Brasilia (BSB) offers a contemporary British international education from Early Years Foundation Stage onward. As part of the British Schools Foundation, BSB aims to provide high-quality learning experiences and promotes student engagement through various clubs and events. The school caters to a diverse community, welcoming both local and expatriate families seeking a robust educational framework. Furthermore, BSB emphasizes cultural celebrations and community engagement, creating an inclusive environment for all students.",BR,Education,,2026-01-20,2025-02-19,name,2026-01-20,2026-01,0.0,False,False,False,TheGentlemen
kontena,Kontena Nasional Berhad,www.kn.com.my,my,2026-01-20 00:27,2026-01-20,2026-01,239,2026-01-29 23:27,,,False,False,False,False,False,"www.kn.com.my https://www.zoominfo.com/c/kontena-nasional-berhad/405980620 Kontena Nasional Berhad (KNB) is Malaysia's premier logistics company with over 50 years of experience in logistics operations, specializing in integrated solutions such as haulage, freight forwarding, and project logistics. The company offers a comprehensive range of services including transportation and distribution, customs brokerage, and cold chain solutions, catering to various industries across multiple regions. KNB is recognized for its commitment to providing tailored logistics solutions and real-time visibility of cargo movements. Its clientele includes businesses requiring efficient and reliable supply chain management, particularly in cross-border transportation within Southeast Asia.",MY,Transportation,,2026-01-20,2026-01-20,domain,2026-01-20,2026-01,0.0,False,False,False,TheGentlemen
sancarlo,San Carlo Gruppo Alimentare,www.sancarlo.it,it,2026-01-20 00:06,2026-01-20,2026-01,239,2026-01-29 23:06,,,False,False,False,False,False,"www.sancarlo.it https://www.zoominfo.com/c/san-carlo-gruppo-alimentare-spa/348425917 SAN CARLO is a renowned brand specializing in the production of high-quality snacks, particularly potato chips and other savory snacks. The company focuses on delivering exceptional taste and quality, appealing to a wide range of consumers who enjoy indulgent snack options. With a commitment to innovation and sustainability, SAN CARLO aims to meet the evolving preferences of its customers. Their products are widely available in various retail outlets, catering to both local and international markets.",IT,Agriculture and Food Production,,2026-01-20,2026-01-20,domain,2026-01-20,2026-01,0.0,False,False,False,TheGentlemen
paohwa,PAO HWA TRADING LTD,,,2026-01-19 21:08,2026-01-19,2026-01,239,2026-01-29 20:08,,,False,False,False,False,False,"https://www.paohwa.com/ PAO HWA TRADING CO., LTD is a leading Taiwanese importer and distributor of comprehensive cutting tools for industries including automotive, aerospace, electronics, and mold manufacturing. The company serves as a general agent for brands such as Japan's KYOCERA and a distributor for NACHI.",TW,Manufacturing,,2026-01-19,2026-01-19,name,2026-01-19,2026-01,0.0,False,False,False,TheGentlemen
hyx,Dongguan HYX Industrial,en.hoyxn.com,com,2026-01-16 15:32,2026-01-16,2026-01,200,2026-01-24 23:32,,,False,False,False,False,False,"https://en.hoyxn.com https://hyx.manufacturer.globalsources.com/homepage_6008838389834.htm https://www.facebook.com/Cables.Speakers/ https://freshdi.com/supplier/Dongguan-HYX-Industrial-Co-Ltd--DblXWk 25+ Years of Manufacturing Experience Founded in 1998, HYX (Dongguan HYX Industrial Co., Ltd.) is a professional OEM & ODM manufacturer specializing in 3C digital accessories, integrating R&D, design, production, and mass manufacturing. With over 25 years of experience, we support global customers with stable quality, reliable capacity, and long-term manufacturing solutions. BSCI, ISO 14001, ISO/TS 16949, EICC, and ISO 9001 Certifications",CN,Manufacturing,,2026-01-16,2025-12-08,name,2026-01-16,2026-01,0.0,False,False,False,TheGentlemen
posbilisim,Pos Bilişim Teknolojileri,,,2026-01-11 18:09,2026-01-11,2026-01,239,2026-01-21 17:09,,,False,False,False,False,False,"https://www.zoominfo.com/c/pos-bilis%CC%A7im-teknolojileri/459191643 www.posbilisim.com Pos Bilişim is a leading company in the Automatic Identification and Data Collection sector in Turkey, established in 2012. They offer a wide range of products including handheld terminals, barcode readers, printers, and industrial PCs, partnering with brands like Honeywell, Zebra, and TSC. The company provides tailored solutions for various sectors such as retail, logistics, and public services, focusing on enhancing operational efficiency and performance. With a strong financial background and a dedicated team, Pos Bilişim aims to deliver high-quality products and services to its clients.",TR,Technology,,2026-01-11,2025-02-19,name,2026-01-11,2026-01,0.0,False,False,False,TheGentlemen
dsmbilisim,Dsm Information Technology Trade Ltd.,dsmbilisim.com.tr,tr,2026-01-11 18:07,2026-01-11,2026-01,239,2026-01-21 17:07,,,False,False,False,False,False,"https://dsmbilisim.com.tr Cloud Computing Solutions , IT Security Solutions, Client and Workstations Solutions, Virtualization Solutions, Server and Data Systems Solutions DSM Bilişim enables you to make reliable technology decisions and achieve your goals with permanent solutions for your IT organization.",GB,Technology,,2026-01-11,2026-01-11,domain,2026-01-11,2026-01,0.0,False,True,True,TheGentlemen
realtecheg,Real Tech,www.realtech-eg.com,com,2026-01-11 18:01,2026-01-11,2026-01,239,2026-01-21 17:01,,,False,False,False,False,False,"https://www.realtech-eg.com Real Tech for the manufacture of electrical and household appliances. A leading company in the manufacture of electrical and household appliances. Real Tech was established in Egypt in 2010 with the help of young people with a high level of technical experience and the highest scientific degrees, and the manufacture of high quality products at reasonable prices suitable for all spectrums of consumers. These factories are concentrated in Egypt in New Salhia City, First Industrial Zone",CA,Manufacturing,,2026-01-11,2026-01-11,domain,2026-01-11,2026-01,0.0,False,False,False,TheGentlemen
dtigovph,DTI Foreign Trade Service Corps,,,2026-01-11 17:56,2026-01-11,2026-01,239,2026-01-21 16:56,,,False,False,False,False,False,"https://www.zoominfo.com/c/dti-foreign-trade-service-corps/94388788 www.dti.gov.ph The Department of Trade and Industry (DTI) Philippines aims to foster a globally competitive and innovative industry and services sector that supports inclusive growth and job creation. It provides various programs and services to assist micro, small, and medium enterprises (MSMEs) in their development and resilience. The DTI also engages in international trade agreements and partnerships to enhance the country's economic ties. Its intended clients include businesses, entrepreneurs, and consumers seeking support and guidance in trade and industry matters.",PH,Professional Services,,2026-01-11,2025-02-19,name,2026-01-11,2026-01,0.0,False,False,False,TheGentlemen
hogslat,Hog Slat,,,2026-01-11 17:55,2026-01-11,2026-01,239,2026-01-21 16:55,,,False,False,False,False,False,"https://www.zoominfo.com/c/hog-slat-inc/48483868 https://www.zoominfo.com/c/hog-slat-inc/406568064 Hog Slat, Inc. is the largest contractor and producer of equipment for hog farmers in the United States, employing approximately 1,000 direct employees and an additional 1,400 subcontractors for construction projects. The company specializes in building turnkey facilities for both family farms and large agricultural units across the U.S. and internationally. Hog Slat also sells equipment packages to clients who prefer to construct their own facilities. Their services cater to a wide range of agricultural clients focused on livestock production. Hog Slat was founded in 1969. This company provides the manufacturing and installation of fans for confinement type hog units. Their headquarters are located in Newton Grove, North Carolina.",US,Manufacturing,,2026-01-11,2025-02-19,name,2026-01-11,2026-01,0.0,False,False,False,TheGentlemen
warkabank,Warka Bank for Investment and Finance,www.warka-bank.com,com,2026-01-11 17:52,2026-01-11,2026-01,239,2026-01-21 16:52,,,False,False,False,False,False,"www.warka-bank.com warkabank.iq Warka Bank is a financial institution that offers a range of banking services including personal and business accounts, loans, and investment options. The bank aims to serve individual customers, small to medium-sized enterprises, and corporate clients. With a focus on providing accessible financial solutions, Warka Bank is committed to fostering economic growth in the communities it serves. Its services are designed to meet the diverse needs of its clientele, ensuring convenience and reliability. https://www.zoominfo.com/c/warka-bank-for-investment-and-finance/347481400",IQ,Financial Services,,2026-01-11,2026-01-11,domain,2026-01-11,2026-01,0.0,False,False,False,TheGentlemen
dekoyap,Dekoyap,,,2026-01-11 17:49,2026-01-11,2026-01,239,2026-01-21 16:49,,,False,False,False,False,False,"https://www.zoominfo.com/c/dekoyap/471786353 www.dekoyap.net Dekoyap is a company that operates in the Retail industry. It employs 10to19 people and has 1Mto5M of revenue. The company is headquartered in Kocasinan/kayseri, Turkey. In our 15,000 m² area, which is the largest building decoration store in Europe , we offer high quality ceramics, stylish parquets, modern sanitary ware products, stylish bathroom cabinets.",TR,Retail & E-Commerce,,2026-01-11,2025-02-19,name,2026-01-11,2026-01,0.0,False,False,False,TheGentlemen
hart,Hart,hartphp.com.pl,pl,2026-01-07 11:55,2026-01-07,2026-01,239,2026-01-17 10:55,,,False,False,False,False,False,"https://hartphp.com.pl https://www.zoominfo.com/c/hart-sp-zoo/469629635 HART was founded in 1990 specialize in the wholesale of parts and accessories for passenger cars, vans and motorcycles, also offering workshop equipment and electric scooters. In addition to goods from renowned suppliers, HART also offers of equally high quality, including in particular private label products: HART, HART Premium, M.Line, e-HART, Presspower and Sigert. HART Sp. z o.o.",PL,Retail & E-Commerce,,2026-01-07,2025-02-19,name,2026-01-07,2026-01,0.0,False,False,False,TheGentlemen
systherm,Systherm Grupa,www.systherm.pl,pl,2026-01-07 11:50,2026-01-07,2026-01,239,2026-01-17 10:50,,,False,False,False,False,False,"https://www.systherm.pl https://www.emis.com/php/company-profile/PL/Systherm_Danuta_Gazinska_sp_j_en_3366600.html SYSTHERM Chłodnictwo i Klimatyzacja sp SYSTHERM Technik sp SYSTHERM Danuta Gazińska sp. Export and import of components for refrigeration and air conditioning, publishing activities, installation and service of refrigeration and air conditioning equipment.",PL,Manufacturing,,2026-01-07,2026-01-07,domain,2026-01-07,2026-01,0.0,False,False,False,TheGentlemen
wamtechnik,Wamtechnik,www.wamtechnik.pl,pl,2026-01-07 11:33,2026-01-07,2026-01,239,2026-01-17 10:33,,,False,False,False,False,False,"www.wamtechnik.pl https://www.zoominfo.com/c/wamtechnik-ltd/398138337 Wamtechnik specializes in the production and distribution of batteries and accumulator packs, focusing on lithium-ion technology and other battery types for industrial applications. The company offers tailored battery solutions and professional consulting services for various sectors, including automotive, medical, and industrial electronics. With over 30 years of experience, Wamtechnik has established itself as a leading manufacturer in the battery systems industry, collaborating with global leaders like Panasonic and LG Chem. Their commitment to quality and safety ensures reliable power solutions for a wide range of devices.",PL,Technology,,2026-01-07,2026-01-07,domain,2026-01-07,2026-01,0.0,False,False,False,TheGentlemen
oltenia,Complexul Energetic Oltenia,www.ceoltenia.ro,ro,2026-01-06 21:42,2026-01-06,2026-01,239,2026-01-16 20:42,,,False,False,False,False,False,"www.ceoltenia.ro https://www.ceoltenia.ro/en/despre/profil/date-financiare/ https://www.zoominfo.com/c/complexul-energetic-oltenia-sa/372669392 Complexul Energetic Oltenia is a Romanian energy company established on May 31, 2012, following the government's decision to reorganize the energy sector through the merger of several energy-producing companies. The company focuses on sustainable energy production and aims to ensure safety and professionalism in its operations. Its services include energy supply and commercialization, as well as investments in energy efficiency and development. The intended clients are diverse, including both residential and commercial sectors seeking reliable energy solutions.",RO,Energy & Utilities,,2026-01-06,2025-12-26,domain,2026-01-06,2026-01,0.0,False,False,False,TheGentlemen
