group,dls_id,page,company_name,sector,company_url,listed_date,file_count,data_volume_raw,data_volume_gb,detail_url,source_url,Country_of_Origin,Country_Source,Country_Evidence,Country_Confidence,Country_Status
Qilin,2816,1,Arnold Center,Education,hxxp://www.arnoldcenter.org,"Sep 28, 2026",,,,hxxp://ijzn3sicrcy7guixkzjkib4ukbiilwc3xhnmby4mcbccnsd7j2rekvqd[.]onion/site/blog?uuid=d771352d-1892-4420-9c89-4c7858283780,hxxp://ijzn3sicrcy7guixkzjkib4ukbiilwc3xhnmby4mcbccnsd7j2rekvqd[.]onion/?page=1,United States,official_website,"The company's official website lists physical contact addresses in Midland, MI and Gladwin, MI (Midland 400 Wexford Ave. Midland, MI 48640; Gladwin 490 Industrial Dr. Gladwin, MI 48624) and states it is a 501(c)3 non-profit organization serving Midland and Gladwin counties.",High,enriched
Qilin,2815,1,New World Diagnostics,Healthcare Services,hxxp://www.nwdi.com.ph,"Sep 28, 2026",,,,hxxp://ijzn3sicrcy7guixkzjkib4ukbiilwc3xhnmby4mcbccnsd7j2rekvqd[.]onion/site/blog?uuid=477fec77-060d-441e-bff3-641490e9923c,hxxp://ijzn3sicrcy7guixkzjkib4ukbiilwc3xhnmby4mcbccnsd7j2rekvqd[.]onion/?page=1,Philippines,domain_tld,Company URL uses the country-code domain suffix .ph; verify against headquarters evidence.,Medium,tld_inferred
Qilin,2814,1,SKLG,Freight & Logistics Services,hxxp://www.sklg.co.jp,"Sep 28, 2026",,,,hxxp://ijzn3sicrcy7guixkzjkib4ukbiilwc3xhnmby4mcbccnsd7j2rekvqd[.]onion/site/blog?uuid=e4ca4a99-9da8-4c14-83be-73af4d9399c1,hxxp://ijzn3sicrcy7guixkzjkib4ukbiilwc3xhnmby4mcbccnsd7j2rekvqd[.]onion/?page=1,Japan,domain_tld,Company URL uses the country-code domain suffix .co.jp; verify against headquarters evidence.,Medium,tld_inferred
Qilin,2813,1,"Nissho Electric Manufacturing Co., Ltd.",Electronics,hxxp://www.nisshodenki.com,"Sep 28, 2026",698594,300.00 GB,300,hxxp://ijzn3sicrcy7guixkzjkib4ukbiilwc3xhnmby4mcbccnsd7j2rekvqd[.]onion/site/blog?uuid=b3c39ce9-f3f9-4f54-bb68-2978f06c4034,hxxp://ijzn3sicrcy7guixkzjkib4ukbiilwc3xhnmby4mcbccnsd7j2rekvqd[.]onion/?page=1,Japan,official_website,"The official website text explicitly lists a Japanese address and postal code: 〒007-0885 札幌市東区北丘珠5条4丁目732-50 (Sapporo, Hokkaido, Japan) and mentions being the first JSIA certified plant in Hokkaido, as well as Japanese government programs like 経済産業省 (Ministry of Economy, Trade and Industry).",High,enriched
Qilin,2812,1,Island,Business Services,hxxp://www.island.ca,"Sep 27, 2026",,,,hxxp://ijzn3sicrcy7guixkzjkib4ukbiilwc3xhnmby4mcbccnsd7j2rekvqd[.]onion/site/blog?uuid=507b6770-93b2-456b-bc96-6e4b2bb9ce72,hxxp://ijzn3sicrcy7guixkzjkib4ukbiilwc3xhnmby4mcbccnsd7j2rekvqd[.]onion/?page=1,Canada,domain_tld,Company URL uses the country-code domain suffix .ca; verify against headquarters evidence.,Medium,tld_inferred
Qilin,2811,1,XICO,Building Materials,hxxp://www.xicoled.com,"Sep 27, 2026",,,,hxxp://ijzn3sicrcy7guixkzjkib4ukbiilwc3xhnmby4mcbccnsd7j2rekvqd[.]onion/site/blog?uuid=dc126a0f-d8c2-4bee-84ac-31e60c0d895f,hxxp://ijzn3sicrcy7guixkzjkib4ukbiilwc3xhnmby4mcbccnsd7j2rekvqd[.]onion/?page=1,United States,official_website,"The website text explicitly states 'Designed & Built in Boston', 'We manufacture in Woburn, MA and are Made-in-USA / BABAA compliant', and lists agents in the USA and Canada along with a US telephone number (+1 781 497 8127).",High,enriched
Qilin,2810,1,Willatt & Flickinger,Law Firms & Legal Services,hxxp://www.wfaustin.com,"Sep 27, 2026",,,,hxxp://ijzn3sicrcy7guixkzjkib4ukbiilwc3xhnmby4mcbccnsd7j2rekvqd[.]onion/site/blog?uuid=e61f21e4-4a24-4e6a-8cea-19b6a71f4156,hxxp://ijzn3sicrcy7guixkzjkib4ukbiilwc3xhnmby4mcbccnsd7j2rekvqd[.]onion/?page=1,United States,official_website,"The website title and text state 'Willatt & Flickinger, Laywers in Austin Texas' and provide a US telephone area code (512).",High,enriched
Qilin,2809,1,Revenga Smart Solutions,Business Services,hxxp://www.gruporevenga.com,"Sep 27, 2026",,,,hxxp://ijzn3sicrcy7guixkzjkib4ukbiilwc3xhnmby4mcbccnsd7j2rekvqd[.]onion/site/blog?uuid=afd7850c-c193-4be3-86d1-cac552d102cd,hxxp://ijzn3sicrcy7guixkzjkib4ukbiilwc3xhnmby4mcbccnsd7j2rekvqd[.]onion/?page=1,Unknown,unknown,,Unknown,unknown
Qilin,2808,1,Iberia Compositech Manufacturing,Manufacturing,hxxp://www.iberiacompositech.com,"Sep 25, 2026",,,,hxxp://ijzn3sicrcy7guixkzjkib4ukbiilwc3xhnmby4mcbccnsd7j2rekvqd[.]onion/site/blog?uuid=7216d103-276c-431e-845d-7823ad98e49c,hxxp://ijzn3sicrcy7guixkzjkib4ukbiilwc3xhnmby4mcbccnsd7j2rekvqd[.]onion/?page=1,Spain,official_website,"Contact address lists: IBERIA COMPOSITECH MANUFACTURING Poligono La Charluca G-7 Nave 2 L4 50300 - Calatayud, Zaragoza (España) and phone prefix +34.",High,enriched
Qilin,2807,1,Zig Inge Group,Real Estate,hxxp://www.prospecthillcamberwell.com.au,"Sep 24, 2026",,,,hxxp://ijzn3sicrcy7guixkzjkib4ukbiilwc3xhnmby4mcbccnsd7j2rekvqd[.]onion/site/blog?uuid=92ed0a7b-8086-48bb-8c9c-20e3ed63b824,hxxp://ijzn3sicrcy7guixkzjkib4ukbiilwc3xhnmby4mcbccnsd7j2rekvqd[.]onion/?page=1,Australia,domain_tld,Company URL uses the country-code domain suffix .com.au; verify against headquarters evidence.,Medium,tld_inferred
Qilin,2806,1,Inversiones Bolívar,Insurance,hxxp://www.proyectosdevida.com,"Sep 24, 2026",,,,hxxp://ijzn3sicrcy7guixkzjkib4ukbiilwc3xhnmby4mcbccnsd7j2rekvqd[.]onion/site/blog?uuid=61f1a3c2-35f4-4e9c-bf6a-0810d76a9301,hxxp://ijzn3sicrcy7guixkzjkib4ukbiilwc3xhnmby4mcbccnsd7j2rekvqd[.]onion/?page=1,El Salvador,official_website,"Calle El Carmen y 17 Avenida Norte. Centro de Negocios Kinetika, 7° nivel Ciudad Merliot, Santa Tecla ... El Salvador",High,enriched
Qilin,2805,1,All Tech Machine & Engineering,Industrial Machinery & Equipment,hxxp://www.alltechinc.com,"Sep 24, 2026",,,,hxxp://ijzn3sicrcy7guixkzjkib4ukbiilwc3xhnmby4mcbccnsd7j2rekvqd[.]onion/site/blog?uuid=7e47d831-2b0b-4644-991d-116cb3389810,hxxp://ijzn3sicrcy7guixkzjkib4ukbiilwc3xhnmby4mcbccnsd7j2rekvqd[.]onion/?page=1,Unknown,unknown,No evidence or webpage text was provided to determine the headquarters or primary registration country.,Unknown,unknown
Qilin,2803,1,GDM Pipelines,Software,hxxp://www.gdmpipelines.com,"Sep 24, 2026",,,,hxxp://ijzn3sicrcy7guixkzjkib4ukbiilwc3xhnmby4mcbccnsd7j2rekvqd[.]onion/site/blog?uuid=6ef74131-42a5-4aef-965b-c9da75651160,hxxp://ijzn3sicrcy7guixkzjkib4ukbiilwc3xhnmby4mcbccnsd7j2rekvqd[.]onion/?page=1,Unknown,unknown,,Unknown,unknown
Qilin,2802,1,Agora coopérative agricole,Agriculture,hxxp://coopagora.fr,"Sep 24, 2026",,,,hxxp://ijzn3sicrcy7guixkzjkib4ukbiilwc3xhnmby4mcbccnsd7j2rekvqd[.]onion/site/blog?uuid=02785247-5bb1-42b8-aa7f-3dd0d96e2dc3,hxxp://ijzn3sicrcy7guixkzjkib4ukbiilwc3xhnmby4mcbccnsd7j2rekvqd[.]onion/?page=1,France,domain_tld,Company URL uses the country-code domain suffix .fr; verify against headquarters evidence.,Medium,tld_inferred
Qilin,2801,1,Inkript,Software,hxxp://www.inkript.com,"Sep 23, 2026",,,,hxxp://ijzn3sicrcy7guixkzjkib4ukbiilwc3xhnmby4mcbccnsd7j2rekvqd[.]onion/site/blog?uuid=c00850af-26d2-4aa1-b166-27dba50087a6,hxxp://ijzn3sicrcy7guixkzjkib4ukbiilwc3xhnmby4mcbccnsd7j2rekvqd[.]onion/?page=1,Lebanon,official_website,"Factory address: Building 7, Street 12, Sector 1, Industrial Zone, Bshamoun, Lebanon; Head Office: Resource Group Street 17, Sector 66, Mathaf 2058 6007, Beirut, Lebanon.",High,enriched
Qilin,2800,1,The Fifty/50,Hospitality,hxxp://www.thefifty50.com,"Sep 22, 2026",27478,400.00 GB,400,hxxp://ijzn3sicrcy7guixkzjkib4ukbiilwc3xhnmby4mcbccnsd7j2rekvqd[.]onion/site/blog?uuid=83a4106b-ded9-491f-82ff-e55b5142dc8a,hxxp://ijzn3sicrcy7guixkzjkib4ukbiilwc3xhnmby4mcbccnsd7j2rekvqd[.]onion/?page=1,United States,official_website,"The website explicitly mentions multiple locations in Chicago, Illinois (such as the Chicago Loop, West Town, River North, Old Town, Sears Tower, Federal Reserve, etc.) and refers to Chicago restaurants, bars, and the Midwest.",High,enriched
Qilin,2799,1,Textile City,Home Improvement & Hardware Retail,hxxp://www.textilecity.ca,"Sep 22, 2026",,,,hxxp://ijzn3sicrcy7guixkzjkib4ukbiilwc3xhnmby4mcbccnsd7j2rekvqd[.]onion/site/blog?uuid=3754a51f-623d-45ca-b05a-5fa9c39d6b14,hxxp://ijzn3sicrcy7guixkzjkib4ukbiilwc3xhnmby4mcbccnsd7j2rekvqd[.]onion/?page=1,Canada,domain_tld,Company URL uses the country-code domain suffix .ca; verify against headquarters evidence.,Medium,tld_inferred
Qilin,2798,1,Columbus Informatica,Software,hxxp://www.columbusinformatica.it,"Sep 22, 2026",,,,hxxp://ijzn3sicrcy7guixkzjkib4ukbiilwc3xhnmby4mcbccnsd7j2rekvqd[.]onion/site/blog?uuid=e2830711-e339-4a2b-8f79-8dfdeef6dce9,hxxp://ijzn3sicrcy7guixkzjkib4ukbiilwc3xhnmby4mcbccnsd7j2rekvqd[.]onion/?page=1,Italy,domain_tld,Company URL uses the country-code domain suffix .it; verify against headquarters evidence.,Medium,tld_inferred
Qilin,2797,1,Telrad Networks,Manufacturing,hxxp://www.telrad.com,"Sep 21, 2026",,,,hxxp://ijzn3sicrcy7guixkzjkib4ukbiilwc3xhnmby4mcbccnsd7j2rekvqd[.]onion/site/blog?uuid=6a6c3ac8-92be-470d-b07f-0e338cd2c2af,hxxp://ijzn3sicrcy7guixkzjkib4ukbiilwc3xhnmby4mcbccnsd7j2rekvqd[.]onion/?page=1,Unknown,unknown,"The supplied webpage text and metadata do not contain explicit headquarters, registered office, or contact address evidence clearly identifying the primary registration country of Telrad Networks.",Unknown,unknown
Qilin,2796,1,IKEGAMI TSUSHINKI COMPANY LIMITED,Electronics,hxxp://www.ikegami.co.jp,"Sep 21, 2026",106288,66.00 GB,66,hxxp://ijzn3sicrcy7guixkzjkib4ukbiilwc3xhnmby4mcbccnsd7j2rekvqd[.]onion/site/blog?uuid=337a2e3e-edbf-4a8e-9b75-157296837da2,hxxp://ijzn3sicrcy7guixkzjkib4ukbiilwc3xhnmby4mcbccnsd7j2rekvqd[.]onion/?page=1,Japan,domain_tld,Company URL uses the country-code domain suffix .co.jp; verify against headquarters evidence.,Medium,tld_inferred
Qilin,2794,2,Touring Club Suisse,Hospitality,hxxp://www.tcs.ch,"Sep 20, 2026",,,,hxxp://ijzn3sicrcy7guixkzjkib4ukbiilwc3xhnmby4mcbccnsd7j2rekvqd[.]onion/site/blog?uuid=e220ce0a-da54-4c3e-84ef-163069506fd3,hxxp://ijzn3sicrcy7guixkzjkib4ukbiilwc3xhnmby4mcbccnsd7j2rekvqd[.]onion/?page=2,Switzerland,domain_tld,Company URL uses the country-code domain suffix .ch; verify against headquarters evidence.,Medium,tld_inferred
Qilin,2793,2,KMLS,Construction,hxxp://www.kmls.de,"Sep 20, 2026",,,,hxxp://ijzn3sicrcy7guixkzjkib4ukbiilwc3xhnmby4mcbccnsd7j2rekvqd[.]onion/site/blog?uuid=7daa7895-84f8-4fbd-8985-f6edc7e64dc5,hxxp://ijzn3sicrcy7guixkzjkib4ukbiilwc3xhnmby4mcbccnsd7j2rekvqd[.]onion/?page=2,Germany,domain_tld,Company URL uses the country-code domain suffix .de; verify against headquarters evidence.,Medium,tld_inferred
Qilin,2792,2,ShopDunk,Business Services,hxxp://www.shopdunk.com,"Sep 20, 2026",,,,hxxp://ijzn3sicrcy7guixkzjkib4ukbiilwc3xhnmby4mcbccnsd7j2rekvqd[.]onion/site/blog?uuid=283a4d27-c413-4819-9937-3ea8ec6725c7,hxxp://ijzn3sicrcy7guixkzjkib4ukbiilwc3xhnmby4mcbccnsd7j2rekvqd[.]onion/?page=2,Vietnam,official_website,Meta description states: 'trải nghiệm tốt nhất sản phẩm dịch vụ Apple tại Việt Nam'. Footer contains company registration information: 'Công ty Cổ Phần HESMAN Việt Nam' and 'Sở KH & ĐT TP. Hà Nội cấp'.,High,enriched
Qilin,2791,2,Zorlu Holding,Holding Companies & Conglomerates,hxxp://www.zorlu.com,"Sep 20, 2026",,,,hxxp://ijzn3sicrcy7guixkzjkib4ukbiilwc3xhnmby4mcbccnsd7j2rekvqd[.]onion/site/blog?uuid=51f10216-38bf-4521-a65e-4d8e1cad8cd6,hxxp://ijzn3sicrcy7guixkzjkib4ukbiilwc3xhnmby4mcbccnsd7j2rekvqd[.]onion/?page=2,Unknown,unknown,,Unknown,unknown
Qilin,2789,2,Inland and Offshore Contractors,Civil Engineering Construction,hxxp://www.iocltt.com,"Sep 18, 2026",,,,hxxp://ijzn3sicrcy7guixkzjkib4ukbiilwc3xhnmby4mcbccnsd7j2rekvqd[.]onion/site/blog?uuid=16806e54-1da3-4aa8-863c-e92e922afbcb,hxxp://ijzn3sicrcy7guixkzjkib4ukbiilwc3xhnmby4mcbccnsd7j2rekvqd[.]onion/?page=2,Unknown,unknown,"The provided text only mentions the company name 'Inland and Offshore Contractors Limited' and a maintenance message. The domain suffix '.tt' suggests Trinidad and Tobago, but per instructions, domain endings or company names alone cannot be treated as conclusive evidence without explicit headquarters or address confirmation.",Unknown,unknown
Qilin,2788,2,Grupo Juste,Manufacturing,hxxp://www.grupojuste.com,"Sep 18, 2026",,,,hxxp://ijzn3sicrcy7guixkzjkib4ukbiilwc3xhnmby4mcbccnsd7j2rekvqd[.]onion/site/blog?uuid=d44f5165-81b9-4f2b-a94c-8fcbf7602ca9,hxxp://ijzn3sicrcy7guixkzjkib4ukbiilwc3xhnmby4mcbccnsd7j2rekvqd[.]onion/?page=2,Spain,official_website,"Oficinas centrales Dirección postal: GRUPO JUSTE JUSTE S.A.Q.F. Juste Farma, S.L.U Justesa Imagen S.A.U Avda. de San Pablo, 27 28823 Coslada, Madrid, España",High,enriched
Qilin,2787,2,Futuro Forestal,Agriculture,hxxp://www.futuroforestal.com,"Sep 18, 2026",,,,hxxp://ijzn3sicrcy7guixkzjkib4ukbiilwc3xhnmby4mcbccnsd7j2rekvqd[.]onion/site/blog?uuid=34e3efee-621c-4d46-9791-50f56711a881,hxxp://ijzn3sicrcy7guixkzjkib4ukbiilwc3xhnmby4mcbccnsd7j2rekvqd[.]onion/?page=2,Panama,official_website,"The text states that the projects are located in Panama (e.g., 'sustainable reforestation projects in Panama', 'Panama Canal Watershed', 'Filo del Tallo', 'Piriatí') and that Futuro Forestal operates there.",Medium,enriched
Qilin,2786,2,Ceres Tolvas,Business Services,hxxp://www.cerestolvas.com.ar,"Sep 18, 2026",,,,hxxp://ijzn3sicrcy7guixkzjkib4ukbiilwc3xhnmby4mcbccnsd7j2rekvqd[.]onion/site/blog?uuid=6693ceb2-7649-44c6-917b-c4d3e3d4d027,hxxp://ijzn3sicrcy7guixkzjkib4ukbiilwc3xhnmby4mcbccnsd7j2rekvqd[.]onion/?page=2,Argentina,domain_tld,Company URL uses the country-code domain suffix .com.ar; verify against headquarters evidence.,Medium,tld_inferred
Qilin,2785,2,Ascend Com,Business Services,hxxp://www.ascendcom.com.sg,"Sep 18, 2026",,,,hxxp://ijzn3sicrcy7guixkzjkib4ukbiilwc3xhnmby4mcbccnsd7j2rekvqd[.]onion/site/blog?uuid=27ad9490-4a4f-461f-bd1f-3e86dd364b6e,hxxp://ijzn3sicrcy7guixkzjkib4ukbiilwc3xhnmby4mcbccnsd7j2rekvqd[.]onion/?page=2,Singapore,domain_tld,Company URL uses the country-code domain suffix .com.sg; verify against headquarters evidence.,Medium,tld_inferred
Qilin,2784,2,Vigatec,Business Services,hxxp://www.vigatec.com,"Sep 17, 2026",,,,hxxp://ijzn3sicrcy7guixkzjkib4ukbiilwc3xhnmby4mcbccnsd7j2rekvqd[.]onion/site/blog?uuid=17c492a1-01f4-417a-a5b2-054009087ccb,hxxp://ijzn3sicrcy7guixkzjkib4ukbiilwc3xhnmby4mcbccnsd7j2rekvqd[.]onion/?page=2,Chile,official_website,"The official website metadata and text explicitly state 'soporte en todo Chile', list a Chilean address ('Cerro Colorado 5240, Torre 2, Piso 7. Las Condes, Santiago. Chile'), and provide a Chilean phone country code (+562).",High,enriched
Qilin,2783,2,Invincible GG,Business Services,hxxp:// www.invinciblegg.com,"Sep 17, 2026",,,,hxxp://ijzn3sicrcy7guixkzjkib4ukbiilwc3xhnmby4mcbccnsd7j2rekvqd[.]onion/site/blog?uuid=b134bc7a-1f8f-4ef3-8397-df4f5fc37d50,hxxp://ijzn3sicrcy7guixkzjkib4ukbiilwc3xhnmby4mcbccnsd7j2rekvqd[.]onion/?page=2,Unknown,unknown,"No official website metadata, address, or registration details were provided in the evidence to determine the company's headquarters or primary registration country.",Unknown,unknown
Qilin,2782,2,The Gran Hotel Ingles,Hospitality,hxxp://www.granhotelingles.com,"Sep 17, 2026",,,,hxxp://ijzn3sicrcy7guixkzjkib4ukbiilwc3xhnmby4mcbccnsd7j2rekvqd[.]onion/site/blog?uuid=3343be57-81f3-4d30-9288-164ff3e08a4c,hxxp://ijzn3sicrcy7guixkzjkib4ukbiilwc3xhnmby4mcbccnsd7j2rekvqd[.]onion/?page=2,Spain,official_website,"The website text explicitly states that the hotel is located in Madrid centro, Barrio de las Letras, and refers to Madrid multiple times (e.g., 'el primer hotel de lujo de Madrid', 'en el corazón del Barrio de las Letras').",High,enriched
Qilin,2781,2,Techwise,Business Services,hxxp://www.techwise.com.ar,"Sep 17, 2026",,,,hxxp://ijzn3sicrcy7guixkzjkib4ukbiilwc3xhnmby4mcbccnsd7j2rekvqd[.]onion/site/blog?uuid=cb9f4dc6-aaa4-4f2e-bd06-1ed0bcadf0c5,hxxp://ijzn3sicrcy7guixkzjkib4ukbiilwc3xhnmby4mcbccnsd7j2rekvqd[.]onion/?page=2,Argentina,domain_tld,Company URL uses the country-code domain suffix .com.ar; verify against headquarters evidence.,Medium,tld_inferred
Qilin,2780,2,In The Company of Huskies,Advertising & Marketing,hxxp://www.inthecompanyofhuskies.com,"Sep 16, 2026",,,,hxxp://ijzn3sicrcy7guixkzjkib4ukbiilwc3xhnmby4mcbccnsd7j2rekvqd[.]onion/site/blog?uuid=ec979c95-ef83-4795-bd28-0f493f2488ca,hxxp://ijzn3sicrcy7guixkzjkib4ukbiilwc3xhnmby4mcbccnsd7j2rekvqd[.]onion/?page=2,Ireland,official_website,"Contact 4th Floor, Portview House Thorncastle Street Dublin D04 V9Y9",High,enriched
Qilin,2779,2,Reddrop Group,Grocery Retail,hxxp://www.reddrop.com.au,"Sep 16, 2026",,,,hxxp://ijzn3sicrcy7guixkzjkib4ukbiilwc3xhnmby4mcbccnsd7j2rekvqd[.]onion/site/blog?uuid=c394bf70-d7e3-4abc-a1ee-75daf9e0992c,hxxp://ijzn3sicrcy7guixkzjkib4ukbiilwc3xhnmby4mcbccnsd7j2rekvqd[.]onion/?page=2,Australia,domain_tld,Company URL uses the country-code domain suffix .com.au; verify against headquarters evidence.,Medium,tld_inferred
Qilin,2778,2,Thema Foundries,Business Services,hxxp://www.thema-foundries.com,"Sep 16, 2026",,,,hxxp://ijzn3sicrcy7guixkzjkib4ukbiilwc3xhnmby4mcbccnsd7j2rekvqd[.]onion/site/blog?uuid=37cc9331-88ba-48f1-ab5c-a4636f8fbd84,hxxp://ijzn3sicrcy7guixkzjkib4ukbiilwc3xhnmby4mcbccnsd7j2rekvqd[.]onion/?page=2,Belgium,official_website,"Meta description states: 'Thema Foundries turns European photonics into qualified volume production from a 45,000 m² site in Belgium.' Website text also references '45,000 m² site, Oudenaarde'.",High,enriched
Qilin,2777,2,Aarsleff,Construction,hxxp://www.aarsleff.se,"Sep 16, 2026",,,,hxxp://ijzn3sicrcy7guixkzjkib4ukbiilwc3xhnmby4mcbccnsd7j2rekvqd[.]onion/site/blog?uuid=6670e26d-3391-43e8-bcb6-f00c2ba10bc7,hxxp://ijzn3sicrcy7guixkzjkib4ukbiilwc3xhnmby4mcbccnsd7j2rekvqd[.]onion/?page=2,Sweden,domain_tld,Company URL uses the country-code domain suffix .se; verify against headquarters evidence.,Medium,tld_inferred
Qilin,2776,2,Thorndale Foundation,Non-Profit & Charitable Organizations,hxxps://www.thorndale.com.au/,"Sep 15, 2026",,,,hxxp://ijzn3sicrcy7guixkzjkib4ukbiilwc3xhnmby4mcbccnsd7j2rekvqd[.]onion/site/blog?uuid=37d18455-0338-497c-a8dd-0897783de757,hxxp://ijzn3sicrcy7guixkzjkib4ukbiilwc3xhnmby4mcbccnsd7j2rekvqd[.]onion/?page=2,Australia,domain_tld,Company URL uses the country-code domain suffix .com.au; verify against headquarters evidence.,Medium,tld_inferred
Qilin,2775,2,Taurus Ibérica,Real Estate,hxxp://www.taurusiberica.com,"Sep 15, 2026",,,,hxxp://ijzn3sicrcy7guixkzjkib4ukbiilwc3xhnmby4mcbccnsd7j2rekvqd[.]onion/site/blog?uuid=e736dba2-53b9-47d9-ab90-d0323a16d52c,hxxp://ijzn3sicrcy7guixkzjkib4ukbiilwc3xhnmby4mcbccnsd7j2rekvqd[.]onion/?page=2,Spain,official_website,"Address Muntaner, 262 Barcelona Spain (08021)",High,enriched
Qilin,2774,2,Montana Civil Contractors,Civil Engineering Construction,hxxp://www.montanacivil.com,"Sep 15, 2026",,,,hxxp://ijzn3sicrcy7guixkzjkib4ukbiilwc3xhnmby4mcbccnsd7j2rekvqd[.]onion/site/blog?uuid=d65e87f6-87ac-4c71-9a14-28a43dac92a0,hxxp://ijzn3sicrcy7guixkzjkib4ukbiilwc3xhnmby4mcbccnsd7j2rekvqd[.]onion/?page=2,Unknown,unknown,,Unknown,unknown
Qilin,2773,3,Resolve Law Group,Law Firms & Legal Services,hxxp://www.resolvelawgroup.com,"Sep 15, 2026",,,,hxxp://ijzn3sicrcy7guixkzjkib4ukbiilwc3xhnmby4mcbccnsd7j2rekvqd[.]onion/site/blog?uuid=6ad7379f-bc30-496b-97dd-cf671089f9ad,hxxp://ijzn3sicrcy7guixkzjkib4ukbiilwc3xhnmby4mcbccnsd7j2rekvqd[.]onion/?page=3,United States,official_website,"Contact address lists '100 Balboa Boulevard Los Angeles , California 91316', references to 'America's Consumer Law Firm', US bankruptcy chapters (Chapter 7, Chapter 13), and US federal courts/states.",High,enriched
Qilin,2772,3,ADM,Food & Beverage,hxxp://www.adm.com,"Sep 15, 2026",,,,hxxp://ijzn3sicrcy7guixkzjkib4ukbiilwc3xhnmby4mcbccnsd7j2rekvqd[.]onion/site/blog?uuid=139dec8c-f16d-4463-8545-768524251858,hxxp://ijzn3sicrcy7guixkzjkib4ukbiilwc3xhnmby4mcbccnsd7j2rekvqd[.]onion/?page=3,Unknown,unknown,"The provided webpage text and metadata do not contain explicit headquarters, registered-office, contact-address, or official country registration evidence for the company ADM.",Unknown,unknown
Qilin,2771,3,Bravo Group,Freight & Logistics Services,hxxp://www.bravotankers.com,"Sep 15, 2026",,,,hxxp://ijzn3sicrcy7guixkzjkib4ukbiilwc3xhnmby4mcbccnsd7j2rekvqd[.]onion/site/blog?uuid=915681b7-127a-4db5-a18a-952d77b7e01f,hxxp://ijzn3sicrcy7guixkzjkib4ukbiilwc3xhnmby4mcbccnsd7j2rekvqd[.]onion/?page=3,Italy,official_website,"The official website metadata/text lists physical office locations in Genova (Italy) and Geneva (Switzerland), with a registered address in Genova (Piazza della Vittoria 15/26 16121 Genova Italy).",High,enriched
Qilin,2770,3,Incrys,Business Services,hxxp://www.incrys.com,"Sep 15, 2026",,,,hxxp://ijzn3sicrcy7guixkzjkib4ukbiilwc3xhnmby4mcbccnsd7j2rekvqd[.]onion/site/blog?uuid=d4f33d3a-df92-4eed-9c31-9d38f2c19774,hxxp://ijzn3sicrcy7guixkzjkib4ukbiilwc3xhnmby4mcbccnsd7j2rekvqd[.]onion/?page=3,Romania,official_website,"Headquarters: Euro Tower, 11 Dinu Vintilă Street, Bucharest, 2nd District, PO#021101",High,enriched
Qilin,2769,3,Geieg,Fitness & Dance Facilities,hxxp://www.geieg.cat,"Sep 15, 2026",,,,hxxp://ijzn3sicrcy7guixkzjkib4ukbiilwc3xhnmby4mcbccnsd7j2rekvqd[.]onion/site/blog?uuid=2ef6fb03-1fbe-4abd-a5fe-a426aa536a01,hxxp://ijzn3sicrcy7guixkzjkib4ukbiilwc3xhnmby4mcbccnsd7j2rekvqd[.]onion/?page=3,Spain,official_website,"The official website metadata and visible text explicitly reference Girona ('la ciutat de Girona') and use Catalan ('El teu centre esportiu i cultural de referència a la ciutat de Girona'), indicating the organization is located in Girona, Spain.",High,enriched
Qilin,2768,3,Foremost Mfg,Building Materials,hxxp://www.foremost-mfg.com,"Sep 14, 2026",,,,hxxp://ijzn3sicrcy7guixkzjkib4ukbiilwc3xhnmby4mcbccnsd7j2rekvqd[.]onion/site/blog?uuid=8c383a4f-657f-492e-b53f-2c8e1f7e969f,hxxp://ijzn3sicrcy7guixkzjkib4ukbiilwc3xhnmby4mcbccnsd7j2rekvqd[.]onion/?page=3,United States,official_website,"Foremost Manufacturing Co., Inc. 941 Ball Ave Union, NJ 07083",High,enriched
Qilin,2767,3,Minmer Global,Freight & Logistics Services,hxxp://www.minmerglobal.com,"Sep 14, 2026",,,,hxxp://ijzn3sicrcy7guixkzjkib4ukbiilwc3xhnmby4mcbccnsd7j2rekvqd[.]onion/site/blog?uuid=b0a73afa-8691-486a-993f-e8ee4f7b9708,hxxp://ijzn3sicrcy7guixkzjkib4ukbiilwc3xhnmby4mcbccnsd7j2rekvqd[.]onion/?page=3,Mexico,official_website,"Mention of compliance with SAT (Servicio de Administración Tributaria), which is the tax administration authority in Mexico, along with Spanish-language website content indicating operations in a Spanish-speaking region.",Medium,enriched
Qilin,2766,3,RoadEx America,Freight & Logistics Services,hxxps://www.roadexamerica.com,"Sep 14, 2026",,,,hxxp://ijzn3sicrcy7guixkzjkib4ukbiilwc3xhnmby4mcbccnsd7j2rekvqd[.]onion/site/blog?uuid=c2ad6e8b-c40f-4eae-adc9-a5af23fe3a1c,hxxp://ijzn3sicrcy7guixkzjkib4ukbiilwc3xhnmby4mcbccnsd7j2rekvqd[.]onion/?page=3,United States,official_website,"Contact address explicitly states: RoadEx America, Inc. 2132 E. Dominguez St. Bldg B, Carson, CA 90810 (California, United States)",High,enriched
Qilin,2765,3,"Winston Contracting, LLC",Business Services,hxxp://winstoncontracting.com,"Sep 14, 2026",,,,hxxp://ijzn3sicrcy7guixkzjkib4ukbiilwc3xhnmby4mcbccnsd7j2rekvqd[.]onion/site/blog?uuid=9c77bb42-e3c4-49d5-8fdb-a097b73fb156,hxxp://ijzn3sicrcy7guixkzjkib4ukbiilwc3xhnmby4mcbccnsd7j2rekvqd[.]onion/?page=3,Unknown,unknown,"The provided text from the website only contains generic 'Launching Soon' and contact form placeholder text without any explicit headquarters, registered office, or address evidence indicating a country.",Unknown,unknown
Qilin,2764,3,Vitar Group,Electronics,hxxp://www.vitargroup.com,"Sep 14, 2026",,,,hxxp://ijzn3sicrcy7guixkzjkib4ukbiilwc3xhnmby4mcbccnsd7j2rekvqd[.]onion/site/blog?uuid=1d29235a-7712-4e5a-a994-c4f62ec7831d,hxxp://ijzn3sicrcy7guixkzjkib4ukbiilwc3xhnmby4mcbccnsd7j2rekvqd[.]onion/?page=3,Malaysia,official_website,"Our Location & Contact Wisma VITAR, Lot 590, Jalan Batu Tiga Lama, Kaw. Perindustrian Sg. Rasa 41300 Klang Selangor D.E Malaysia",High,enriched
Qilin,2763,3,Alicotrans,Freight & Logistics Services,hxxp://www.alicotrans.com,"Sep 14, 2026",,,,hxxp://ijzn3sicrcy7guixkzjkib4ukbiilwc3xhnmby4mcbccnsd7j2rekvqd[.]onion/site/blog?uuid=3c7074c9-ccce-42c3-99a3-8bd348be3be2,hxxp://ijzn3sicrcy7guixkzjkib4ukbiilwc3xhnmby4mcbccnsd7j2rekvqd[.]onion/?page=3,Spain,official_website,"The official website metadata and text explicitly list the address as 'Ctra. Moncada a Náquera, km. 4. 46113 Moncada (Valencia)' and use Spanish contact details, including a +34 country code.",High,enriched
Qilin,2762,3,Gilco Scaffolding,Construction,hxxp://www.gilcoscaffolding.com,"Sep 13, 2026",,,,hxxp://ijzn3sicrcy7guixkzjkib4ukbiilwc3xhnmby4mcbccnsd7j2rekvqd[.]onion/site/blog?uuid=1533a709-2f85-43a0-a314-83dcdd269b2f,hxxp://ijzn3sicrcy7guixkzjkib4ukbiilwc3xhnmby4mcbccnsd7j2rekvqd[.]onion/?page=3,Unknown,unknown,"No official website metadata, address, or registration details were supplied in the evidence to determine the country of Gilco Scaffolding.",Unknown,unknown
Qilin,2761,3,CARIDRO VAL DE LOIRE,Business Services,hxxp://caridrovaldeloire.fr,"Sep 13, 2026",,,,hxxp://ijzn3sicrcy7guixkzjkib4ukbiilwc3xhnmby4mcbccnsd7j2rekvqd[.]onion/site/blog?uuid=224e65b0-92cc-464a-871e-518f88a99685,hxxp://ijzn3sicrcy7guixkzjkib4ukbiilwc3xhnmby4mcbccnsd7j2rekvqd[.]onion/?page=3,France,domain_tld,Company URL uses the country-code domain suffix .fr; verify against headquarters evidence.,Medium,tld_inferred
Qilin,2760,3,Imperial Healthcare Solutions,Healthcare Services,hxxp://Imperial Healthcare Solutions,"Sep 11, 2026",0,0.00 KB,0,hxxp://ijzn3sicrcy7guixkzjkib4ukbiilwc3xhnmby4mcbccnsd7j2rekvqd[.]onion/site/blog?uuid=c696224e-7b55-42fd-975d-523482859420,hxxp://ijzn3sicrcy7guixkzjkib4ukbiilwc3xhnmby4mcbccnsd7j2rekvqd[.]onion/?page=3,Unknown,unknown,,Unknown,unknown
Qilin,2759,3,Bcfpers,Insurance,hxxp://www.bcfpers.org,"Sep 10, 2026",,,,hxxp://ijzn3sicrcy7guixkzjkib4ukbiilwc3xhnmby4mcbccnsd7j2rekvqd[.]onion/site/blog?uuid=1671bafb-3a12-471f-ab16-870a1f47257e,hxxp://ijzn3sicrcy7guixkzjkib4ukbiilwc3xhnmby4mcbccnsd7j2rekvqd[.]onion/?page=3,United States,official_website,"Contact address on official website: 100 Light Street, 9th Floor, Baltimore, MD 21202",High,enriched
Qilin,2758,3,"Mitsuwa Trading Co., Ltd",Business Services,hxxp://e-mitsuwa.com/,"Sep 9, 2026",,,,hxxp://ijzn3sicrcy7guixkzjkib4ukbiilwc3xhnmby4mcbccnsd7j2rekvqd[.]onion/site/blog?uuid=84596ac3-df07-4e54-9c58-c25effad7e42,hxxp://ijzn3sicrcy7guixkzjkib4ukbiilwc3xhnmby4mcbccnsd7j2rekvqd[.]onion/?page=3,Japan,official_website,"The official website text references Japanese text and contains '愛知県' (Aichi Prefecture), indicating a Japanese company location and registration.",High,enriched
Qilin,2756,3,Jet Specialty,Industrial Machinery & Equipment,hxxp://www.jetspecialty.com,"Sep 9, 2026",,,,hxxp://ijzn3sicrcy7guixkzjkib4ukbiilwc3xhnmby4mcbccnsd7j2rekvqd[.]onion/site/blog?uuid=503493c0-dba3-40f5-89ff-e0c9c0619fbf,hxxp://ijzn3sicrcy7guixkzjkib4ukbiilwc3xhnmby4mcbccnsd7j2rekvqd[.]onion/?page=3,United States,official_website,"Contact address: Jet Specialty, Inc., 211 Market Ave, Boerne, TX 78006, referencing Texas (TX) and U.S. context.",High,enriched
Qilin,2755,3,Alaska Electrical Apprenticeship,Education,hxxp://www.alaskaelectricalapprenticeship.org,"Sep 8, 2026",,,,hxxp://ijzn3sicrcy7guixkzjkib4ukbiilwc3xhnmby4mcbccnsd7j2rekvqd[.]onion/site/blog?uuid=70fa650d-b9a1-4f47-89cb-9551f5266355,hxxp://ijzn3sicrcy7guixkzjkib4ukbiilwc3xhnmby4mcbccnsd7j2rekvqd[.]onion/?page=3,United States,official_website,"The official website metadata and visible text explicitly reference Alaska, Anchorage classes, Fairbanks classes, and 'Alaska's leading electrical training program', indicating operation and headquarters in the United States.",High,enriched
Qilin,2754,3,Partners Group SK,Finance,hxxp://www.partnersgroup.sk,"Sep 7, 2026",11997,22.00 GB,22,hxxp://ijzn3sicrcy7guixkzjkib4ukbiilwc3xhnmby4mcbccnsd7j2rekvqd[.]onion/site/blog?uuid=ec038569-39b2-414e-bd92-45f99e174f42,hxxp://ijzn3sicrcy7guixkzjkib4ukbiilwc3xhnmby4mcbccnsd7j2rekvqd[.]onion/?page=3,Slovakia,domain_tld,Company URL uses the country-code domain suffix .sk; verify against headquarters evidence.,Medium,tld_inferred
Qilin,2753,3,Jbc,"Hand, Power & Lawn-care Tools",hxxp://www.jbctools.com,"Sep 7, 2026",,,,hxxp://ijzn3sicrcy7guixkzjkib4ukbiilwc3xhnmby4mcbccnsd7j2rekvqd[.]onion/site/blog?uuid=c2e31628-1690-4103-bed1-43a28ade6e0d,hxxp://ijzn3sicrcy7guixkzjkib4ukbiilwc3xhnmby4mcbccnsd7j2rekvqd[.]onion/?page=3,Unknown,unknown,"The provided webpage text and metadata do not contain explicit mentions of headquarters, registered office, contact address, or primary registration country.",Unknown,unknown
Qilin,2752,4,Bauman Law Group,Law Firms & Legal Services,hxxp://www.baumanlawgroup.com,"Sep 5, 2026",,,,hxxp://ijzn3sicrcy7guixkzjkib4ukbiilwc3xhnmby4mcbccnsd7j2rekvqd[.]onion/site/blog?uuid=e46fa1b8-8412-4232-9d35-bec750d2f148,hxxp://ijzn3sicrcy7guixkzjkib4ukbiilwc3xhnmby4mcbccnsd7j2rekvqd[.]onion/?page=4,United States,official_website,"Address: 141 Parkway Road, Suite 8 Bronxville, New York 10708",High,enriched
Qilin,2751,4,Philippine Ports Authority,Business Services,hxxp://www.ppa.com.ph,"Sep 5, 2026",,,,hxxp://ijzn3sicrcy7guixkzjkib4ukbiilwc3xhnmby4mcbccnsd7j2rekvqd[.]onion/site/blog?uuid=65f2d9fb-d508-4c18-84e1-14defac537bb,hxxp://ijzn3sicrcy7guixkzjkib4ukbiilwc3xhnmby4mcbccnsd7j2rekvqd[.]onion/?page=4,Philippines,domain_tld,Company URL uses the country-code domain suffix .ph; verify against headquarters evidence.,Medium,tld_inferred
Qilin,2750,4,The Big Table,Hospitality,hxxp://www.bigtablegroup.com,"Sep 5, 2026",,,,hxxp://ijzn3sicrcy7guixkzjkib4ukbiilwc3xhnmby4mcbccnsd7j2rekvqd[.]onion/site/blog?uuid=58349bee-bd7c-491c-ae26-f8d92e517b40,hxxp://ijzn3sicrcy7guixkzjkib4ukbiilwc3xhnmby4mcbccnsd7j2rekvqd[.]onion/?page=4,United Kingdom,official_website,"The Big Table Group Limited, Lower Ground Floor Elsley House 24/30 Great Titchfield Street London W1W 8BF Company reg no. 12631102",High,enriched
Qilin,2749,4,Colonial Hyundai,Automotive Parts,hxxp://www.colonialhyundai.com,"Sep 5, 2026",,,,hxxp://ijzn3sicrcy7guixkzjkib4ukbiilwc3xhnmby4mcbccnsd7j2rekvqd[.]onion/site/blog?uuid=05e13c6e-47a3-4022-abf1-06eae70f1662,hxxp://ijzn3sicrcy7guixkzjkib4ukbiilwc3xhnmby4mcbccnsd7j2rekvqd[.]onion/?page=4,United States,official_website,"The website text lists the address as '4423 Lincoln Hwy Downingtown , PA 19335' (Pennsylvania, United States), references PA area codes, and mentions Hyundai Motor America.",High,enriched
Qilin,2748,4,Nolan Consulting Group,Business Services,hxxp://www.nolancg.com,"Sep 5, 2026",,,,hxxp://ijzn3sicrcy7guixkzjkib4ukbiilwc3xhnmby4mcbccnsd7j2rekvqd[.]onion/site/blog?uuid=407b8f19-2224-49bc-8b77-b75fc879d2eb,hxxp://ijzn3sicrcy7guixkzjkib4ukbiilwc3xhnmby4mcbccnsd7j2rekvqd[.]onion/?page=4,United States,official_website,"1000 Fayette Street Conshohocken, PA 19428, phone number format (610) 449-0960 (Pennsylvania, USA)",High,enriched
Qilin,2747,4,G&S Technologies,"Energy, Utilities & Waste",hxxp://www.gstechnologies.com,"Sep 5, 2026",,,,hxxp://ijzn3sicrcy7guixkzjkib4ukbiilwc3xhnmby4mcbccnsd7j2rekvqd[.]onion/site/blog?uuid=443343d0-78e2-4240-833c-478a6c9bc3c2,hxxp://ijzn3sicrcy7guixkzjkib4ukbiilwc3xhnmby4mcbccnsd7j2rekvqd[.]onion/?page=4,United States,official_website,"The company's contact address lists Kearny, NJ 07032, and the text mentions operating the largest processing facility for transformers in the U.S. and serving across the U.S.",High,enriched
Qilin,2746,4,Jouvet SAS,Construction,hxxp://www.jouvet-sas.fr,"Sep 5, 2026",,,,hxxp://ijzn3sicrcy7guixkzjkib4ukbiilwc3xhnmby4mcbccnsd7j2rekvqd[.]onion/site/blog?uuid=ee0464c8-913c-4fec-bf54-04737c76b065,hxxp://ijzn3sicrcy7guixkzjkib4ukbiilwc3xhnmby4mcbccnsd7j2rekvqd[.]onion/?page=4,France,domain_tld,Company URL uses the country-code domain suffix .fr; verify against headquarters evidence.,Medium,tld_inferred
Qilin,2745,4,AP CAPITAL PARTNERS LIMITED,Business Services,hxxp://www.apcapitalpartners.com,"Sep 4, 2026",,,,hxxp://ijzn3sicrcy7guixkzjkib4ukbiilwc3xhnmby4mcbccnsd7j2rekvqd[.]onion/site/blog?uuid=1494ea59-5072-4eaa-a7ec-92aa902485ad,hxxp://ijzn3sicrcy7guixkzjkib4ukbiilwc3xhnmby4mcbccnsd7j2rekvqd[.]onion/?page=4,Unknown,unknown,,Unknown,unknown
Qilin,2744,4,Commission de la construction du Quebec (CCQ),Government,hxxp://www.ccq.org,"Sep 3, 2026",500000,980.00 GB,980,hxxp://ijzn3sicrcy7guixkzjkib4ukbiilwc3xhnmby4mcbccnsd7j2rekvqd[.]onion/site/blog?uuid=a2710463-aa0e-4555-be9c-57188ff6434c,hxxp://ijzn3sicrcy7guixkzjkib4ukbiilwc3xhnmby4mcbccnsd7j2rekvqd[.]onion/?page=4,Canada,model_inference,"The company name 'Commission de la construction du Quebec (CCQ)' explicitly references Quebec, a province in Canada, and the top-level domain .org does not contradict this.",High,enriched
Qilin,2743,4,Tanner,Finance,hxxp://www.tanner.cl,"Sep 2, 2026",,,,hxxp://ijzn3sicrcy7guixkzjkib4ukbiilwc3xhnmby4mcbccnsd7j2rekvqd[.]onion/site/blog?uuid=285a4356-5f48-45b3-b1ce-a250aab638a8,hxxp://ijzn3sicrcy7guixkzjkib4ukbiilwc3xhnmby4mcbccnsd7j2rekvqd[.]onion/?page=4,Chile,domain_tld,Company URL uses the country-code domain suffix .cl; verify against headquarters evidence.,Medium,tld_inferred
Qilin,2742,4,Stryker,Manufacturing,hxxp://www.stryker.com,"Sep 2, 2026",,,,hxxp://ijzn3sicrcy7guixkzjkib4ukbiilwc3xhnmby4mcbccnsd7j2rekvqd[.]onion/site/blog?uuid=848bef28-f46d-4b0d-a680-695fe326d2dd,hxxp://ijzn3sicrcy7guixkzjkib4ukbiilwc3xhnmby4mcbccnsd7j2rekvqd[.]onion/?page=4,United States,official_website,The official website metadata and text explicitly list 'United States (Homepage)' and 'United States (Contacts)' under the Americas section of its locations.,High,enriched
Qilin,2741,4,Uak University,Education,hxxp://www.usak.edu.tr,"Sep 2, 2026",,,,hxxp://ijzn3sicrcy7guixkzjkib4ukbiilwc3xhnmby4mcbccnsd7j2rekvqd[.]onion/site/blog?uuid=759965bf-44b5-4772-93e8-cbd8e8be702b,hxxp://ijzn3sicrcy7guixkzjkib4ukbiilwc3xhnmby4mcbccnsd7j2rekvqd[.]onion/?page=4,Türkiye,domain_tld,Company URL uses the country-code domain suffix .tr; verify against headquarters evidence.,Medium,tld_inferred
Qilin,2740,4,Grayson Rural Electric Cooperative,"Electricity, Oil & Gas",hxxp://www.graysonrecc.com,"Sep 2, 2026",,,,hxxp://ijzn3sicrcy7guixkzjkib4ukbiilwc3xhnmby4mcbccnsd7j2rekvqd[.]onion/site/blog?uuid=678d1dd9-022a-4521-8317-67e56329d10e,hxxp://ijzn3sicrcy7guixkzjkib4ukbiilwc3xhnmby4mcbccnsd7j2rekvqd[.]onion/?page=4,United States,official_website,"Grayson RECC 109 Bagby Park St. Grayson, KY 41143; serves parts of 6 counties in northeastern Kentucky.",High,enriched
Qilin,2738,4,Inmac,"Architecture, Engineering & Design",hxxp://www.inmac.com.ar,"Aug 31, 2026",,,,hxxp://ijzn3sicrcy7guixkzjkib4ukbiilwc3xhnmby4mcbccnsd7j2rekvqd[.]onion/site/blog?uuid=e4d6313d-31ac-4c53-a057-78763996a847,hxxp://ijzn3sicrcy7guixkzjkib4ukbiilwc3xhnmby4mcbccnsd7j2rekvqd[.]onion/?page=4,Argentina,domain_tld,Company URL uses the country-code domain suffix .com.ar; verify against headquarters evidence.,Medium,tld_inferred
Qilin,2737,4,Allied Recycling,"Energy, Utilities & Waste",hxxp://www.alliedrecycling.ie,"Aug 31, 2026",,,,hxxp://ijzn3sicrcy7guixkzjkib4ukbiilwc3xhnmby4mcbccnsd7j2rekvqd[.]onion/site/blog?uuid=e7223d63-284f-41ed-92ad-ff78a88d557a,hxxp://ijzn3sicrcy7guixkzjkib4ukbiilwc3xhnmby4mcbccnsd7j2rekvqd[.]onion/?page=4,Ireland,domain_tld,Company URL uses the country-code domain suffix .ie; verify against headquarters evidence.,Medium,tld_inferred
Qilin,2735,4,Complete Packaging Solutions,Business Services,hxxp://www.completepackaginggroup.com,"Aug 31, 2026",,,,hxxp://ijzn3sicrcy7guixkzjkib4ukbiilwc3xhnmby4mcbccnsd7j2rekvqd[.]onion/site/blog?uuid=adec1c55-2d8f-4001-b107-5bc6e3433690,hxxp://ijzn3sicrcy7guixkzjkib4ukbiilwc3xhnmby4mcbccnsd7j2rekvqd[.]onion/?page=4,United States,official_website,"9021 State Rte 101, Brookville, IN 47012 (IN refers to Indiana, a US state)",High,enriched
Qilin,2734,4,AFSARD,Finance,hxxp://ipardpa.gov.mk,"Aug 30, 2026",,,,hxxp://ijzn3sicrcy7guixkzjkib4ukbiilwc3xhnmby4mcbccnsd7j2rekvqd[.]onion/site/blog?uuid=9136a394-e1a1-47ce-8fe6-16ed813a5d23,hxxp://ijzn3sicrcy7guixkzjkib4ukbiilwc3xhnmby4mcbccnsd7j2rekvqd[.]onion/?page=4,North Macedonia,official_website,"The company URL domain extension is .gov.mk, which corresponds to government entities in North Macedonia.",High,enriched
Qilin,2733,4,Black Cat Engineering Construction Wll,Civil Engineering Construction,hxxp://www.blackcat.com.qa,"Aug 30, 2026",,,,hxxp://ijzn3sicrcy7guixkzjkib4ukbiilwc3xhnmby4mcbccnsd7j2rekvqd[.]onion/site/blog?uuid=9b7d483d-aaa7-4da7-8724-a96e7005d141,hxxp://ijzn3sicrcy7guixkzjkib4ukbiilwc3xhnmby4mcbccnsd7j2rekvqd[.]onion/?page=4,Qatar,official_website,"The company URL ends with the country-code top-level domain .qa (hxxp://www.blackcat.com.qa), which corresponds to Qatar.",Medium,enriched
Qilin,2732,4,Absolute Consultancy Services,Business Services,hxxp://www.absolutecs.co.uk,"Aug 30, 2026",,,,hxxp://ijzn3sicrcy7guixkzjkib4ukbiilwc3xhnmby4mcbccnsd7j2rekvqd[.]onion/site/blog?uuid=633d975c-e73f-462e-95fb-a372b53b600a,hxxp://ijzn3sicrcy7guixkzjkib4ukbiilwc3xhnmby4mcbccnsd7j2rekvqd[.]onion/?page=4,United Kingdom,domain_tld,Company URL uses the country-code domain suffix .co.uk; verify against headquarters evidence.,Medium,tld_inferred
Qilin,2731,4,Crystal Pharmatech,Business Services,hxxp://www.crystalbiosolutions.com,"Aug 30, 2026",0,200.00 GB,200,hxxp://ijzn3sicrcy7guixkzjkib4ukbiilwc3xhnmby4mcbccnsd7j2rekvqd[.]onion/site/blog?uuid=9cc2365a-5fb6-4668-a614-7e65684bb18b,hxxp://ijzn3sicrcy7guixkzjkib4ukbiilwc3xhnmby4mcbccnsd7j2rekvqd[.]onion/?page=4,Unknown,unknown,"The provided text mentions operations and labs in the United States, Europe, and Asia, and references 'Crystal Group', 'Crystal Pharmatech', and 'Crystal NAX', but does not explicitly state the primary headquarters or registration country of the company.",Unknown,unknown
Qilin,2729,5,LAPoco Architects,"Architecture, Engineering & Design",hxxp://www.laparchitects.com,"Aug 29, 2026",,,,hxxp://ijzn3sicrcy7guixkzjkib4ukbiilwc3xhnmby4mcbccnsd7j2rekvqd[.]onion/site/blog?uuid=2affb033-7e6a-48cc-be6d-8b0bcb395750,hxxp://ijzn3sicrcy7guixkzjkib4ukbiilwc3xhnmby4mcbccnsd7j2rekvqd[.]onion/?page=5,Unknown,unknown,,Unknown,unknown
Qilin,2728,5,Neumaticos Corral S.A.,Automotive Parts,hxxp://www.neumaticoscorral.com.ar,"Aug 29, 2026",,,,hxxp://ijzn3sicrcy7guixkzjkib4ukbiilwc3xhnmby4mcbccnsd7j2rekvqd[.]onion/site/blog?uuid=5396431c-0700-4548-bcec-1ec417e29773,hxxp://ijzn3sicrcy7guixkzjkib4ukbiilwc3xhnmby4mcbccnsd7j2rekvqd[.]onion/?page=5,Argentina,domain_tld,Company URL uses the country-code domain suffix .com.ar; verify against headquarters evidence.,Medium,tld_inferred
Qilin,2727,5,CareClinics,0,hxxp://www.careclinics.com.my,"Aug 29, 2026",,,,hxxp://ijzn3sicrcy7guixkzjkib4ukbiilwc3xhnmby4mcbccnsd7j2rekvqd[.]onion/site/blog?uuid=d1947ee4-7210-4bf1-8c59-28faa9ac8495,hxxp://ijzn3sicrcy7guixkzjkib4ukbiilwc3xhnmby4mcbccnsd7j2rekvqd[.]onion/?page=5,Malaysia,domain_tld,Company URL uses the country-code domain suffix .com.my; verify against headquarters evidence.,Medium,tld_inferred
Qilin,2726,5,BLISS 1041,Accounting Services,hxxp://www.bliss1041.com,"Aug 29, 2026",,,,hxxp://ijzn3sicrcy7guixkzjkib4ukbiilwc3xhnmby4mcbccnsd7j2rekvqd[.]onion/site/blog?uuid=b03ebcee-148c-41f8-ba2e-30817cb3b4bb,hxxp://ijzn3sicrcy7guixkzjkib4ukbiilwc3xhnmby4mcbccnsd7j2rekvqd[.]onion/?page=5,United States,official_website,"Contact address listed as: 1123 12th Avenue Rd #358 Nampa ID 83686-5378, which corresponds to Idaho, United States.",High,enriched
Qilin,2725,5,La Maison Des Travaux,Business Services,hxxp://www.lamaisondestravaux.com,"Aug 29, 2026",,,,hxxp://ijzn3sicrcy7guixkzjkib4ukbiilwc3xhnmby4mcbccnsd7j2rekvqd[.]onion/site/blog?uuid=fcb05123-2685-418f-8dd5-4c29a26ce6cb,hxxp://ijzn3sicrcy7guixkzjkib4ukbiilwc3xhnmby4mcbccnsd7j2rekvqd[.]onion/?page=5,France,official_website,The website text explicitly mentions '241 agences dans toute la france' and uses French throughout.,High,enriched
Qilin,2724,5,The Frame Group,Business Services,hxxp://www.framegroup.com.au,"Aug 29, 2026",,,,hxxp://ijzn3sicrcy7guixkzjkib4ukbiilwc3xhnmby4mcbccnsd7j2rekvqd[.]onion/site/blog?uuid=0b334ebb-408d-4b05-ba69-806e10a05580,hxxp://ijzn3sicrcy7guixkzjkib4ukbiilwc3xhnmby4mcbccnsd7j2rekvqd[.]onion/?page=5,Australia,domain_tld,Company URL uses the country-code domain suffix .com.au; verify against headquarters evidence.,Medium,tld_inferred
Qilin,2723,5,AUM Construction,"Electricity, Oil & Gas",hxxp://www.auminc.us,"Aug 29, 2026",,,,hxxp://ijzn3sicrcy7guixkzjkib4ukbiilwc3xhnmby4mcbccnsd7j2rekvqd[.]onion/site/blog?uuid=8124695c-39b4-49fa-9835-d01eb7aa9cbb,hxxp://ijzn3sicrcy7guixkzjkib4ukbiilwc3xhnmby4mcbccnsd7j2rekvqd[.]onion/?page=5,United States,domain_tld,Company URL uses the country-code domain suffix .us; verify against headquarters evidence.,Medium,tld_inferred
Qilin,2722,5,Alter Consultores Legales,Law Firms & Legal Services,hxxp://www.alterconsultores.es,"Aug 28, 2026",,,,hxxp://ijzn3sicrcy7guixkzjkib4ukbiilwc3xhnmby4mcbccnsd7j2rekvqd[.]onion/site/blog?uuid=f1ab8b65-49c7-48f8-896a-75042a82c095,hxxp://ijzn3sicrcy7guixkzjkib4ukbiilwc3xhnmby4mcbccnsd7j2rekvqd[.]onion/?page=5,Spain,domain_tld,Company URL uses the country-code domain suffix .es; verify against headquarters evidence.,Medium,tld_inferred
Qilin,2720,5,Newton County School System,Education,hxxp://www.newtoncountyschools.org,"Aug 28, 2026",,,,hxxp://ijzn3sicrcy7guixkzjkib4ukbiilwc3xhnmby4mcbccnsd7j2rekvqd[.]onion/site/blog?uuid=d30bf640-c3c0-4fd8-a03f-1f4a9daf7726,hxxp://ijzn3sicrcy7guixkzjkib4ukbiilwc3xhnmby4mcbccnsd7j2rekvqd[.]onion/?page=5,United States,model_inference,"The company name 'Newton County School System' explicitly references a US county school district naming convention (Newton County, Georgia, United States).",Medium,enriched
Qilin,2719,5,Cosmocolor SA de CV,Business Services,hxxp://www.cosmocolor.com.mx,"Aug 28, 2026",,,,hxxp://ijzn3sicrcy7guixkzjkib4ukbiilwc3xhnmby4mcbccnsd7j2rekvqd[.]onion/site/blog?uuid=920d72a2-e450-4ab2-9540-9fef193bf438,hxxp://ijzn3sicrcy7guixkzjkib4ukbiilwc3xhnmby4mcbccnsd7j2rekvqd[.]onion/?page=5,Mexico,domain_tld,Company URL uses the country-code domain suffix .com.mx; verify against headquarters evidence.,Medium,tld_inferred
Qilin,2718,5,Tramigo,Software,hxxp://www.tramigo.com,"Aug 28, 2026",,,,hxxp://ijzn3sicrcy7guixkzjkib4ukbiilwc3xhnmby4mcbccnsd7j2rekvqd[.]onion/site/blog?uuid=8d83fa74-d33c-47dc-a5a6-c95d5fbabcd5,hxxp://ijzn3sicrcy7guixkzjkib4ukbiilwc3xhnmby4mcbccnsd7j2rekvqd[.]onion/?page=5,Finland,official_website,Call sales: +358 50 475 4606 (+358 is the international country calling code for Finland),Medium,enriched
Qilin,2717,5,DigiGround,Business Services,hxxp://www.digiground.com.au,"Aug 28, 2026",,,,hxxp://ijzn3sicrcy7guixkzjkib4ukbiilwc3xhnmby4mcbccnsd7j2rekvqd[.]onion/site/blog?uuid=0cbc2586-f3cd-44fb-9de7-8867f181aac0,hxxp://ijzn3sicrcy7guixkzjkib4ukbiilwc3xhnmby4mcbccnsd7j2rekvqd[.]onion/?page=5,Australia,domain_tld,Company URL uses the country-code domain suffix .com.au; verify against headquarters evidence.,Medium,tld_inferred
Qilin,2716,5,Whitehouse,Accounting Services,hxxp://www.whitehouseandco.com,"Aug 28, 2026",,,,hxxp://ijzn3sicrcy7guixkzjkib4ukbiilwc3xhnmby4mcbccnsd7j2rekvqd[.]onion/site/blog?uuid=f570d277-341f-44c6-b130-aa34613d0869,hxxp://ijzn3sicrcy7guixkzjkib4ukbiilwc3xhnmby4mcbccnsd7j2rekvqd[.]onion/?page=5,Unknown,unknown,,Unknown,unknown
Qilin,2715,5,Infinnium,Law Firms & Legal Services,hxxp://www.infinnium.com,"Aug 28, 2026",,,,hxxp://ijzn3sicrcy7guixkzjkib4ukbiilwc3xhnmby4mcbccnsd7j2rekvqd[.]onion/site/blog?uuid=3cdde6d5-319e-44d3-b122-150e36bab273,hxxp://ijzn3sicrcy7guixkzjkib4ukbiilwc3xhnmby4mcbccnsd7j2rekvqd[.]onion/?page=5,Unknown,unknown,,Unknown,unknown
Qilin,2714,5,Globalport Terminals,Business Services,hxxp://www.globalports.com.ph,"Aug 27, 2026",,,,hxxp://ijzn3sicrcy7guixkzjkib4ukbiilwc3xhnmby4mcbccnsd7j2rekvqd[.]onion/site/blog?uuid=c7669cd1-2ccb-423c-b143-1cde8f5b9ebf,hxxp://ijzn3sicrcy7guixkzjkib4ukbiilwc3xhnmby4mcbccnsd7j2rekvqd[.]onion/?page=5,Philippines,domain_tld,Company URL uses the country-code domain suffix .ph; verify against headquarters evidence.,Medium,tld_inferred
Qilin,2713,5,Dotlines,Software,hxxp://www.dotlines.com.sg,"Aug 27, 2026",,,,hxxp://ijzn3sicrcy7guixkzjkib4ukbiilwc3xhnmby4mcbccnsd7j2rekvqd[.]onion/site/blog?uuid=87f7f4ad-285e-46b8-9a42-afc956fccac7,hxxp://ijzn3sicrcy7guixkzjkib4ukbiilwc3xhnmby4mcbccnsd7j2rekvqd[.]onion/?page=5,Singapore,domain_tld,Company URL uses the country-code domain suffix .com.sg; verify against headquarters evidence.,Medium,tld_inferred
Qilin,2712,5,Kling Automaten,Gambling & Gaming,hxxp://www.kling-gmbh.de,"Aug 27, 2026",,,,hxxp://ijzn3sicrcy7guixkzjkib4ukbiilwc3xhnmby4mcbccnsd7j2rekvqd[.]onion/site/blog?uuid=53842717-9218-4879-bfe2-2a902c5969d6,hxxp://ijzn3sicrcy7guixkzjkib4ukbiilwc3xhnmby4mcbccnsd7j2rekvqd[.]onion/?page=5,Germany,domain_tld,Company URL uses the country-code domain suffix .de; verify against headquarters evidence.,Medium,tld_inferred
Qilin,2711,5,GPS Grothkopp und Partner,Business Services,hxxp://www.gps-stb.de,"Aug 27, 2026",,,,hxxp://ijzn3sicrcy7guixkzjkib4ukbiilwc3xhnmby4mcbccnsd7j2rekvqd[.]onion/site/blog?uuid=c7521025-9199-4fb7-90ee-525c06e05792,hxxp://ijzn3sicrcy7guixkzjkib4ukbiilwc3xhnmby4mcbccnsd7j2rekvqd[.]onion/?page=5,Germany,domain_tld,Company URL uses the country-code domain suffix .de; verify against headquarters evidence.,Medium,tld_inferred
Qilin,2709,5,Open Sports,Retail · Pennsylvania,hxxp://www.opensports.com.ar,"Aug 27, 2026",,,,hxxp://ijzn3sicrcy7guixkzjkib4ukbiilwc3xhnmby4mcbccnsd7j2rekvqd[.]onion/site/blog?uuid=f47c0dbd-4012-4282-905e-bd9ed4427463,hxxp://ijzn3sicrcy7guixkzjkib4ukbiilwc3xhnmby4mcbccnsd7j2rekvqd[.]onion/?page=5,Argentina,domain_tld,Company URL uses the country-code domain suffix .com.ar; verify against headquarters evidence.,Medium,tld_inferred
Qilin,2708,5,LGG Advisors,Business Services,hxxp://www.lggadvisors.com,"Aug 27, 2026",,,,hxxp://ijzn3sicrcy7guixkzjkib4ukbiilwc3xhnmby4mcbccnsd7j2rekvqd[.]onion/site/blog?uuid=d741e592-139a-4048-95c3-ad4498fc54a2,hxxp://ijzn3sicrcy7guixkzjkib4ukbiilwc3xhnmby4mcbccnsd7j2rekvqd[.]onion/?page=5,Portugal,official_website,"Official website lists offices in Porto (Avenida da Boavista, 667, 4100-127 Porto Portugal), Lisbon (Rua do Loreto, 13 1st floor, 1200-241 Lisbon Portugal), London, and Madrid.",High,enriched
Qilin,2707,6,Providence Investments,Finance,hxxp://www.providenceinvestments.com,"Aug 27, 2026",,,,hxxp://ijzn3sicrcy7guixkzjkib4ukbiilwc3xhnmby4mcbccnsd7j2rekvqd[.]onion/site/blog?uuid=dd0f8be9-ac24-420c-80ec-d928241b7a66,hxxp://ijzn3sicrcy7guixkzjkib4ukbiilwc3xhnmby4mcbccnsd7j2rekvqd[.]onion/?page=6,United States,official_website,"The website text states the company targets opportunities ""across the United States"", mentions a phone number with a US country code (+1), and references the founder serving as a Naval Officer in the ""United States Navy"".",Medium,enriched
Qilin,2706,6,Displaydata,Electronics,hxxp://www.displaydata.com,"Aug 27, 2026",23823,0.00 KB,0,hxxp://ijzn3sicrcy7guixkzjkib4ukbiilwc3xhnmby4mcbccnsd7j2rekvqd[.]onion/site/blog?uuid=b023a9b8-01ac-4305-8c15-a37fe44350ab,hxxp://ijzn3sicrcy7guixkzjkib4ukbiilwc3xhnmby4mcbccnsd7j2rekvqd[.]onion/?page=6,Unknown,unknown,,Unknown,unknown
Qilin,2705,6,DAB Investments,Construction,hxxp://www.dabinvestments.com,"Aug 27, 2026",,,,hxxp://ijzn3sicrcy7guixkzjkib4ukbiilwc3xhnmby4mcbccnsd7j2rekvqd[.]onion/site/blog?uuid=bbfd0a40-ca67-4852-9ba4-4857e21402ff,hxxp://ijzn3sicrcy7guixkzjkib4ukbiilwc3xhnmby4mcbccnsd7j2rekvqd[.]onion/?page=6,Unknown,unknown,,Unknown,unknown
Qilin,2704,6,KenEp Resources,"Architecture, Engineering & Design",hxxp://www.kenep.com.my,"Aug 26, 2026",,,,hxxp://ijzn3sicrcy7guixkzjkib4ukbiilwc3xhnmby4mcbccnsd7j2rekvqd[.]onion/site/blog?uuid=6c38b5e8-23c9-4fe7-973c-fb814e146598,hxxp://ijzn3sicrcy7guixkzjkib4ukbiilwc3xhnmby4mcbccnsd7j2rekvqd[.]onion/?page=6,Malaysia,domain_tld,Company URL uses the country-code domain suffix .com.my; verify against headquarters evidence.,Medium,tld_inferred
Qilin,2703,6,Sanatorio Modelo de Caseros,0,hxxp://www.sanatoriomodelo.com.ar,"Aug 26, 2026",,,,hxxp://ijzn3sicrcy7guixkzjkib4ukbiilwc3xhnmby4mcbccnsd7j2rekvqd[.]onion/site/blog?uuid=a367490f-d9fa-4df8-b65e-4eac8955ed12,hxxp://ijzn3sicrcy7guixkzjkib4ukbiilwc3xhnmby4mcbccnsd7j2rekvqd[.]onion/?page=6,Argentina,domain_tld,Company URL uses the country-code domain suffix .com.ar; verify against headquarters evidence.,Medium,tld_inferred
Qilin,2701,6,California Truck Equipment,Business Services,hxxp://www.ctec-truckbody.com,"Aug 26, 2026",,,,hxxp://ijzn3sicrcy7guixkzjkib4ukbiilwc3xhnmby4mcbccnsd7j2rekvqd[.]onion/site/blog?uuid=788a7784-f1c2-48d4-beae-bcdbf5973de0,hxxp://ijzn3sicrcy7guixkzjkib4ukbiilwc3xhnmby4mcbccnsd7j2rekvqd[.]onion/?page=6,Unknown,unknown,"The provided webpage text only contains 'Home' and does not supply explicit headquarters, registered-office, contact-address, or company-profile evidence. Rules forbid inferring the country from the company name or domain alone.",Unknown,unknown
Qilin,2700,6,Metal Conversions,Building Materials,hxxp://www.metalconversions.com,"Aug 26, 2026",,,,hxxp://ijzn3sicrcy7guixkzjkib4ukbiilwc3xhnmby4mcbccnsd7j2rekvqd[.]onion/site/blog?uuid=857e639e-329d-4ba8-919e-44a56704733a,hxxp://ijzn3sicrcy7guixkzjkib4ukbiilwc3xhnmby4mcbccnsd7j2rekvqd[.]onion/?page=6,United States,official_website,"Trading office Location 4151 Executive Parkway Suite 360 Westerville, OH 43081 and Scrap yard LOCATION 849 Crawford Avenue Mansfield, Ohio 44905, mentioning melt aluminum scrap at many facilities around the United States.",High,enriched
Qilin,2699,6,WireCo,Manufacturing,hxxp://www.wireco.com,"Aug 26, 2026",1696196,"3,000.00 GB",3000,hxxp://ijzn3sicrcy7guixkzjkib4ukbiilwc3xhnmby4mcbccnsd7j2rekvqd[.]onion/site/blog?uuid=9462bcb7-b908-424f-b0c4-8e7c4a075eb4,hxxp://ijzn3sicrcy7guixkzjkib4ukbiilwc3xhnmby4mcbccnsd7j2rekvqd[.]onion/?page=6,Unknown,unknown,"The provided text mentions operations and facilities such as 'Kirksville, Mo.' (Missouri, USA) and North America leadership, but does not explicitly state the country of the company's headquarters or primary registration.",Unknown,unknown
Qilin,2698,6,ATF,Government,hxxp://www.atf.gov,"Aug 26, 2026",,,,hxxp://ijzn3sicrcy7guixkzjkib4ukbiilwc3xhnmby4mcbccnsd7j2rekvqd[.]onion/site/blog?uuid=a661af42-3110-4893-bd9f-2e8a29190dc9,hxxp://ijzn3sicrcy7guixkzjkib4ukbiilwc3xhnmby4mcbccnsd7j2rekvqd[.]onion/?page=6,United States,official_website,"An official website of the United States government... Bureau of Alcohol, Tobacco, Firearms and Explosives... upholding the Constitution of the United States.",High,enriched
Qilin,2697,6,Air International Thermal Systems,Automotive Parts,hxxp://www.ai-thermal.com,"Aug 26, 2026",,,,hxxp://ijzn3sicrcy7guixkzjkib4ukbiilwc3xhnmby4mcbccnsd7j2rekvqd[.]onion/site/blog?uuid=8f547a67-d984-4212-bfb2-ac38b169df36,hxxp://ijzn3sicrcy7guixkzjkib4ukbiilwc3xhnmby4mcbccnsd7j2rekvqd[.]onion/?page=6,United States,official_website,"The website footer states 'Air International Thermal Systems, Inc. United States' and lists a contact address/entity.",High,enriched
Qilin,2696,6,Brazosport College,Education,hxxp://www.brazosport.edu,"Aug 25, 2026",278377,137.00 GB,137,hxxp://ijzn3sicrcy7guixkzjkib4ukbiilwc3xhnmby4mcbccnsd7j2rekvqd[.]onion/site/blog?uuid=f9fc3799-af50-49d0-86b2-1fae5094aa91,hxxp://ijzn3sicrcy7guixkzjkib4ukbiilwc3xhnmby4mcbccnsd7j2rekvqd[.]onion/?page=6,United States,model_inference,"Brazosport College is a well-known public community college located in Lake Jackson, Texas, United States (evident from regional context like petrochemical/refining industries and GED references, though strictly based on standard knowledge as the text lacks explicit address details).",Medium,enriched
Qilin,2694,6,SC PaderTeG Cabluri Electrice,Manufacturing,hxxp://www.paderteg.ro,"Aug 25, 2026",284221,316.00 GB,316,hxxp://ijzn3sicrcy7guixkzjkib4ukbiilwc3xhnmby4mcbccnsd7j2rekvqd[.]onion/site/blog?uuid=67b118f1-0db6-4685-95b4-8dcd8bff0d5d,hxxp://ijzn3sicrcy7guixkzjkib4ukbiilwc3xhnmby4mcbccnsd7j2rekvqd[.]onion/?page=6,Romania,domain_tld,Company URL uses the country-code domain suffix .ro; verify against headquarters evidence.,Medium,tld_inferred
Qilin,2693,6,STRUCTURED SETTLEMENT CAPITAL LLC,Finance,hxxp://www.123lumpsum.com,"Aug 25, 2026",31414,34.00 GB,34,hxxp://ijzn3sicrcy7guixkzjkib4ukbiilwc3xhnmby4mcbccnsd7j2rekvqd[.]onion/site/blog?uuid=355e0d6d-19fd-4e02-9f70-da6666795de4,hxxp://ijzn3sicrcy7guixkzjkib4ukbiilwc3xhnmby4mcbccnsd7j2rekvqd[.]onion/?page=6,United States,official_website,3625 W Broward Blvd. Fort Lauderdale FL 33312 and mentions being the second-largest structured settlement company in the U.S.,High,enriched
Qilin,2692,6,AGROLAND S.A.,Agriculture,hxxp://www.agroland.com,"Aug 25, 2026",,,,hxxp://ijzn3sicrcy7guixkzjkib4ukbiilwc3xhnmby4mcbccnsd7j2rekvqd[.]onion/site/blog?uuid=5e373bb8-3007-4974-b346-3c9f49b365ea,hxxp://ijzn3sicrcy7guixkzjkib4ukbiilwc3xhnmby4mcbccnsd7j2rekvqd[.]onion/?page=6,Uruguay,official_website,"OFICINA MALDONADO Dirección: Av. Córdoba esq. Louvre, Maldonado, Uruguay.",High,enriched
Qilin,2691,6,Consultores de Seguros,Insurance,hxxp://www.consegsa.com,"Aug 24, 2026",,,,hxxp://ijzn3sicrcy7guixkzjkib4ukbiilwc3xhnmby4mcbccnsd7j2rekvqd[.]onion/site/blog?uuid=3d339ba7-a05c-4817-aea1-650ff6ea3a3f,hxxp://ijzn3sicrcy7guixkzjkib4ukbiilwc3xhnmby4mcbccnsd7j2rekvqd[.]onion/?page=6,Unknown,unknown,No official website metadata or registry text was supplied in the evidence to determine the headquarters or primary registration country.,Unknown,unknown
Qilin,2689,6,A&E + SMA Design,"Architecture, Engineering & Design",hxxp://www.ae.design,"Aug 24, 2026",,,,hxxp://ijzn3sicrcy7guixkzjkib4ukbiilwc3xhnmby4mcbccnsd7j2rekvqd[.]onion/site/blog?uuid=a856aee8-ed3d-46cd-9bb3-4927bb0fc8d2,hxxp://ijzn3sicrcy7guixkzjkib4ukbiilwc3xhnmby4mcbccnsd7j2rekvqd[.]onion/?page=6,United States,official_website,"Meta description and text state that the firm has five offices in Montana and mentions American locations and institutions such as MSU, Shodair Children's Hospital, and Billings Public Library.",High,enriched
Qilin,2688,6,S.E.M.P. s.r.l.,Business Services,hxxp://www.semp.it,"Aug 23, 2026",,,,hxxp://ijzn3sicrcy7guixkzjkib4ukbiilwc3xhnmby4mcbccnsd7j2rekvqd[.]onion/site/blog?uuid=8324d05a-396f-4f6f-8364-6458f90564f5,hxxp://ijzn3sicrcy7guixkzjkib4ukbiilwc3xhnmby4mcbccnsd7j2rekvqd[.]onion/?page=6,Italy,domain_tld,Company URL uses the country-code domain suffix .it; verify against headquarters evidence.,Medium,tld_inferred
Qilin,2687,6,Tecnici Associati STP,"Architecture, Engineering & Design",hxxp://www.Tecnici Associati STP.it,"Aug 23, 2026",,,,hxxp://ijzn3sicrcy7guixkzjkib4ukbiilwc3xhnmby4mcbccnsd7j2rekvqd[.]onion/site/blog?uuid=605bcb17-be93-4198-b9bd-989d66c1d7e9,hxxp://ijzn3sicrcy7guixkzjkib4ukbiilwc3xhnmby4mcbccnsd7j2rekvqd[.]onion/?page=6,Italy,domain_tld,Company URL uses the country-code domain suffix .it; verify against headquarters evidence.,Medium,tld_inferred
Qilin,2686,6,Euroflora srl,Business Services,hxxp://www.euroflorasrl.it,"Aug 23, 2026",,,,hxxp://ijzn3sicrcy7guixkzjkib4ukbiilwc3xhnmby4mcbccnsd7j2rekvqd[.]onion/site/blog?uuid=d84a7b03-b1cb-4442-998a-29759d96f560,hxxp://ijzn3sicrcy7guixkzjkib4ukbiilwc3xhnmby4mcbccnsd7j2rekvqd[.]onion/?page=6,Italy,domain_tld,Company URL uses the country-code domain suffix .it; verify against headquarters evidence.,Medium,tld_inferred
Qilin,2685,6,Studio BOLDRIN PAOLO,Real Estate,hxxp://www.paoloboldrin.it,"Aug 23, 2026",,,,hxxp://ijzn3sicrcy7guixkzjkib4ukbiilwc3xhnmby4mcbccnsd7j2rekvqd[.]onion/site/blog?uuid=81079a29-ab55-4c4e-a6ce-317fca6ccb5c,hxxp://ijzn3sicrcy7guixkzjkib4ukbiilwc3xhnmby4mcbccnsd7j2rekvqd[.]onion/?page=6,Italy,domain_tld,Company URL uses the country-code domain suffix .it; verify against headquarters evidence.,Medium,tld_inferred
Qilin,2684,7,Aurore Development S.p.A.,Business Services,hxxp://www.auroredevelopment.it,"Aug 23, 2026",,,,hxxp://ijzn3sicrcy7guixkzjkib4ukbiilwc3xhnmby4mcbccnsd7j2rekvqd[.]onion/site/blog?uuid=3f4a1190-8da1-4306-9b22-1bf89595987e,hxxp://ijzn3sicrcy7guixkzjkib4ukbiilwc3xhnmby4mcbccnsd7j2rekvqd[.]onion/?page=7,Italy,domain_tld,Company URL uses the country-code domain suffix .it; verify against headquarters evidence.,Medium,tld_inferred
Qilin,2682,7,Difor,Automotive Parts,hxxp://www.difor.cl,"Aug 23, 2026",,,,hxxp://ijzn3sicrcy7guixkzjkib4ukbiilwc3xhnmby4mcbccnsd7j2rekvqd[.]onion/site/blog?uuid=3906c9b9-afdc-4de4-ac47-043e4f4ee09b,hxxp://ijzn3sicrcy7guixkzjkib4ukbiilwc3xhnmby4mcbccnsd7j2rekvqd[.]onion/?page=7,Chile,domain_tld,Company URL uses the country-code domain suffix .cl; verify against headquarters evidence.,Medium,tld_inferred
Qilin,2681,7,Clear Align,Manufacturing,hxxp://www.clearalign.com,"Aug 23, 2026",,,,hxxp://ijzn3sicrcy7guixkzjkib4ukbiilwc3xhnmby4mcbccnsd7j2rekvqd[.]onion/site/blog?uuid=98f70590-55ac-4fc0-ad26-54d18c01461d,hxxp://ijzn3sicrcy7guixkzjkib4ukbiilwc3xhnmby4mcbccnsd7j2rekvqd[.]onion/?page=7,United States,official_website,"Mention of U.S. Air Force Captain, Philadelphia Region, and Major U.S. Contract in the official website text.",High,enriched
Qilin,2680,7,Coldfish Seafood,Food & Beverage,hxxp://www.coldfish.ca,"Aug 21, 2026",,,,hxxp://ijzn3sicrcy7guixkzjkib4ukbiilwc3xhnmby4mcbccnsd7j2rekvqd[.]onion/site/blog?uuid=cbcc63b7-5003-454b-a04f-47906c90802a,hxxp://ijzn3sicrcy7guixkzjkib4ukbiilwc3xhnmby4mcbccnsd7j2rekvqd[.]onion/?page=7,Canada,domain_tld,Company URL uses the country-code domain suffix .ca; verify against headquarters evidence.,Medium,tld_inferred
Qilin,2679,7,iPic,Hospitality,hxxp://www.ipic.com,"Aug 21, 2026",,,,hxxp://ijzn3sicrcy7guixkzjkib4ukbiilwc3xhnmby4mcbccnsd7j2rekvqd[.]onion/site/blog?uuid=769179b7-db54-45e8-b3ba-9d7c94951e5d,hxxp://ijzn3sicrcy7guixkzjkib4ukbiilwc3xhnmby4mcbccnsd7j2rekvqd[.]onion/?page=7,United States,official_website,"Locations listed across multiple US states including Florida, Georgia, Maryland, New Jersey, and Texas with standard US addresses and zip codes (e.g., Boca Raton, FL 33432).",High,enriched
Qilin,2678,7,Quaker State Mexico,Chemicals & Related Products,hxxp://www.quakerstate.com.mx,"Aug 21, 2026",,,,hxxp://ijzn3sicrcy7guixkzjkib4ukbiilwc3xhnmby4mcbccnsd7j2rekvqd[.]onion/site/blog?uuid=59a43842-d0d8-41db-ab38-2cd125d91db2,hxxp://ijzn3sicrcy7guixkzjkib4ukbiilwc3xhnmby4mcbccnsd7j2rekvqd[.]onion/?page=7,Mexico,domain_tld,Company URL uses the country-code domain suffix .com.mx; verify against headquarters evidence.,Medium,tld_inferred
Qilin,2677,7,Cinépolis,Hospitality,hxxp://www.cinepolis.com,"Aug 21, 2026",,,,hxxp://ijzn3sicrcy7guixkzjkib4ukbiilwc3xhnmby4mcbccnsd7j2rekvqd[.]onion/site/blog?uuid=01be5eca-c028-47e8-add2-46a852dccda7,hxxp://ijzn3sicrcy7guixkzjkib4ukbiilwc3xhnmby4mcbccnsd7j2rekvqd[.]onion/?page=7,Unknown,unknown,"No official website text, registry, or address evidence was supplied to determine the company's headquarters or registration country.",Unknown,unknown
Qilin,2676,7,Professional,Accounting Services,hxxp://www.wwccpa.com,"Aug 21, 2026",,,,hxxp://ijzn3sicrcy7guixkzjkib4ukbiilwc3xhnmby4mcbccnsd7j2rekvqd[.]onion/site/blog?uuid=86a79d53-e85b-47ba-8ae4-bb869cad0dac,hxxp://ijzn3sicrcy7guixkzjkib4ukbiilwc3xhnmby4mcbccnsd7j2rekvqd[.]onion/?page=7,United States,official_website,"The company (WWC, P.C. / Professional Corporation) lists its primary/headquarters address in Silicon Valley at 2010 Pioneer Court, San Mateo, CA 94403, USA, alongside multiple other US office locations (Los Angeles, Orange County, New York).",High,enriched
Qilin,2675,7,Gindre India,Manufacturing,hxxp://www.gindre.com,"Aug 21, 2026",452400,510.00 GB,510,hxxp://ijzn3sicrcy7guixkzjkib4ukbiilwc3xhnmby4mcbccnsd7j2rekvqd[.]onion/site/blog?uuid=a4a0d54e-27c5-45ec-a3aa-39184e012167,hxxp://ijzn3sicrcy7guixkzjkib4ukbiilwc3xhnmby4mcbccnsd7j2rekvqd[.]onion/?page=7,India,official_registry,"Company name is Gindre India, but the provided website text for gindre.com points primarily to France (Pont-de-Chéruy). Because the target specified in the dataset is 'Gindre India' and the evidence shows potential ambiguity between the parent group's headquarters in France and the specific subsidiary entity named in the victim record, applying the strict rules requiring explicit headquarters or registered-office evidence for the specific target company yields insufficient clear evidence for the exact entity without potential conflict.",Unknown,enriched
Qilin,2674,7,Blake Services,Accounting Services,hxxp://www.blakeservices.us,"Aug 20, 2026",21422,62.00 GB,62,hxxp://ijzn3sicrcy7guixkzjkib4ukbiilwc3xhnmby4mcbccnsd7j2rekvqd[.]onion/site/blog?uuid=dab4ef20-3fbb-4db3-a653-66247f20272f,hxxp://ijzn3sicrcy7guixkzjkib4ukbiilwc3xhnmby4mcbccnsd7j2rekvqd[.]onion/?page=7,United States,domain_tld,Company URL uses the country-code domain suffix .us; verify against headquarters evidence.,Medium,tld_inferred
Qilin,2673,7,The Pendas Law Firm,Law Firms & Legal Services,hxxps://www.pendaslaw.com/,"Aug 20, 2026",62226,52.00 GB,52,hxxp://ijzn3sicrcy7guixkzjkib4ukbiilwc3xhnmby4mcbccnsd7j2rekvqd[.]onion/site/blog?uuid=9859bcba-a0f1-4b0a-9653-a68d5327e833,hxxp://ijzn3sicrcy7guixkzjkib4ukbiilwc3xhnmby4mcbccnsd7j2rekvqd[.]onion/?page=7,United States,official_website,"The official website metadata and text explicitly mention multiple office locations and jurisdictions within the United States, including Florida, Georgia, Washington State, and Puerto Rico (e.g., Miami, Atlanta, Seattle, San Juan).",High,enriched
Qilin,2671,7,Trends And Concepts,Construction,hxxp://www.trendsandconceptsinteriors.com,"Aug 20, 2026",9050,23.00 GB,23,hxxp://ijzn3sicrcy7guixkzjkib4ukbiilwc3xhnmby4mcbccnsd7j2rekvqd[.]onion/site/blog?uuid=2bfe5896-59d5-44f2-8311-d2be2f67209f,hxxp://ijzn3sicrcy7guixkzjkib4ukbiilwc3xhnmby4mcbccnsd7j2rekvqd[.]onion/?page=7,Unknown,unknown,,Unknown,unknown
Qilin,2670,7,Provite,Business Services,hxxp://www.provite.nl,"Aug 20, 2026",907,4.00 GB,4,hxxp://ijzn3sicrcy7guixkzjkib4ukbiilwc3xhnmby4mcbccnsd7j2rekvqd[.]onion/site/blog?uuid=941da7fa-6ff3-452c-9127-15fa05660c79,hxxp://ijzn3sicrcy7guixkzjkib4ukbiilwc3xhnmby4mcbccnsd7j2rekvqd[.]onion/?page=7,Netherlands,domain_tld,Company URL uses the country-code domain suffix .nl; verify against headquarters evidence.,Medium,tld_inferred
Qilin,2669,7,Questronix,Business Services,hxxp://www.questronix.com.ph,"Aug 20, 2026",3855,48.00 GB,48,hxxp://ijzn3sicrcy7guixkzjkib4ukbiilwc3xhnmby4mcbccnsd7j2rekvqd[.]onion/site/blog?uuid=33182c8f-74a1-4af9-ba49-b7efdffd6217,hxxp://ijzn3sicrcy7guixkzjkib4ukbiilwc3xhnmby4mcbccnsd7j2rekvqd[.]onion/?page=7,Philippines,domain_tld,Company URL uses the country-code domain suffix .ph; verify against headquarters evidence.,Medium,tld_inferred
Qilin,2668,7,Semana,Advertising & Marketing,hxxp://www.semana.es,"Aug 19, 2026",162353,473.00 GB,473,hxxp://ijzn3sicrcy7guixkzjkib4ukbiilwc3xhnmby4mcbccnsd7j2rekvqd[.]onion/site/blog?uuid=398be48d-63a4-4708-9788-1ff935ef6de5,hxxp://ijzn3sicrcy7guixkzjkib4ukbiilwc3xhnmby4mcbccnsd7j2rekvqd[.]onion/?page=7,Spain,domain_tld,Company URL uses the country-code domain suffix .es; verify against headquarters evidence.,Medium,tld_inferred
Qilin,2667,7,Movitecnica,Industrial Machinery & Equipment,hxxp://www.movitecnica.com.pe,"Aug 19, 2026",4988,8.00 GB,8,hxxp://ijzn3sicrcy7guixkzjkib4ukbiilwc3xhnmby4mcbccnsd7j2rekvqd[.]onion/site/blog?uuid=9432f6c7-5205-4a05-a773-8ee39868e21b,hxxp://ijzn3sicrcy7guixkzjkib4ukbiilwc3xhnmby4mcbccnsd7j2rekvqd[.]onion/?page=7,Peru,official_website,"The website text explicitly mentions 'Movitecnica Perú', lists a physical address in Lima ('Calle Elías Aguirre 605, Miraflores, Lima'), references Peruvian tax regulations ('SUNAT', 'IGV'), and uses the domain extension .com.pe.",High,enriched
Qilin,2666,7,Constructora Jimenez,Construction,hxxp://www.constructorajimenez.com,"Aug 19, 2026",3586,17.00 GB,17,hxxp://ijzn3sicrcy7guixkzjkib4ukbiilwc3xhnmby4mcbccnsd7j2rekvqd[.]onion/site/blog?uuid=b0791915-9158-4565-adc6-3ffa3b4588d3,hxxp://ijzn3sicrcy7guixkzjkib4ukbiilwc3xhnmby4mcbccnsd7j2rekvqd[.]onion/?page=7,Colombia,official_website,"The official website metadata and text explicitly mention locations in Santa Marta, Colombia, reference Colombian housing subsidies and regulations ('Subsidios de Vivienda en Colombia'), mention the Colombian Caribbean ('Caribe colombiano'), and list the contact address as: 'Cra 2 con calle 24 Esquina - Playa Salguero, Santa Marta (Magdalena) Colombia'.",High,enriched
Qilin,2665,7,Estech,Business Services,hxxp://www.estech-design.com,"Aug 19, 2026",2002,42.00 GB,42,hxxp://ijzn3sicrcy7guixkzjkib4ukbiilwc3xhnmby4mcbccnsd7j2rekvqd[.]onion/site/blog?uuid=7d12c129-ab3f-4b31-8d27-168dc88a06f7,hxxp://ijzn3sicrcy7guixkzjkib4ukbiilwc3xhnmby4mcbccnsd7j2rekvqd[.]onion/?page=7,France,official_website,"Depuis notre création en 2001, notre siège social est établi en région parisienne.",High,enriched
Qilin,2664,7,Thrifty Building Supply,Home Improvement & Hardware Retail,hxxp://www.thriftybuilding.com,"Aug 19, 2026",,,,hxxp://ijzn3sicrcy7guixkzjkib4ukbiilwc3xhnmby4mcbccnsd7j2rekvqd[.]onion/site/blog?uuid=f9c78af5-da6e-409e-8916-f40601f00a99,hxxp://ijzn3sicrcy7guixkzjkib4ukbiilwc3xhnmby4mcbccnsd7j2rekvqd[.]onion/?page=7,Unknown,unknown,,Unknown,unknown
Qilin,2663,7,Philippe Hottinguer Finance,Finance,hxxp://www.philippehottinguer.com,"Aug 19, 2026",34912,168.00 GB,168,hxxp://ijzn3sicrcy7guixkzjkib4ukbiilwc3xhnmby4mcbccnsd7j2rekvqd[.]onion/site/blog?uuid=576ca72f-43d1-4fa7-83e2-78db0524ab3f,hxxp://ijzn3sicrcy7guixkzjkib4ukbiilwc3xhnmby4mcbccnsd7j2rekvqd[.]onion/?page=7,France,official_website,"The official website text references the Autorité des Marchés Financiers (AMF), states that Philippe Hottinguer Gestion is a management company approved by the AMF (agréée par l’AMF sous le numéro GP-11000021), and mentions that activities are developed in France (en France et à l’international).",High,enriched
Qilin,2662,8,InVentry,Software,hxxp://www.inventry.co.uk,"Aug 19, 2026",8765,18.00 GB,18,hxxp://ijzn3sicrcy7guixkzjkib4ukbiilwc3xhnmby4mcbccnsd7j2rekvqd[.]onion/site/blog?uuid=ac23046b-ae6c-4f3e-a882-a07d0bf2ae6e,hxxp://ijzn3sicrcy7guixkzjkib4ukbiilwc3xhnmby4mcbccnsd7j2rekvqd[.]onion/?page=8,United Kingdom,domain_tld,Company URL uses the country-code domain suffix .co.uk; verify against headquarters evidence.,Medium,tld_inferred
Qilin,2661,8,WIS LOGISTICS,Freight & Logistics Services,hxxp://www.wislogistics.com,"Aug 19, 2026",11428,8.00 GB,8,hxxp://ijzn3sicrcy7guixkzjkib4ukbiilwc3xhnmby4mcbccnsd7j2rekvqd[.]onion/site/blog?uuid=c5c36680-2816-4e3c-af6d-270e02802938,hxxp://ijzn3sicrcy7guixkzjkib4ukbiilwc3xhnmby4mcbccnsd7j2rekvqd[.]onion/?page=8,United States,official_website,"Visible text on the official website contains the address: 'W.I.S. Logistics 5600 S Westridge Dr. New Berlin, WI 53151' and explicitly references Wisconsin in the title and metadata ('Home - W.I.S. Logistics - Wisconsin').",High,enriched
Qilin,2660,8,Smart Energies,"Electricity, Oil & Gas",hxxp://www.smart-energies.eu,"Aug 19, 2026",672,5.00 GB,5,hxxp://ijzn3sicrcy7guixkzjkib4ukbiilwc3xhnmby4mcbccnsd7j2rekvqd[.]onion/site/blog?uuid=cf78de2d-e2cc-4ec1-9100-42954ad8060f,hxxp://ijzn3sicrcy7guixkzjkib4ukbiilwc3xhnmby4mcbccnsd7j2rekvqd[.]onion/?page=8,France,official_website,"The official website is entirely in French, mentions operations and locations within France (e.g., Aveyron, Deux-Sèvres), and uses French terminology such as 'kWc' (kilowatt-crête) and 'M€', indicating France as the primary country of operation and registration.",High,enriched
Qilin,2659,8,Medochemie,Manufacturing,hxxp://www.medochemie.com,"Aug 19, 2026",3407,69.00 GB,69,hxxp://ijzn3sicrcy7guixkzjkib4ukbiilwc3xhnmby4mcbccnsd7j2rekvqd[.]onion/site/blog?uuid=36ee3678-0869-4855-84d6-6c24da6b0595,hxxp://ijzn3sicrcy7guixkzjkib4ukbiilwc3xhnmby4mcbccnsd7j2rekvqd[.]onion/?page=8,Unknown,unknown,"No official website metadata, address, or registration country was provided in the evidence.",Unknown,unknown
Qilin,2657,8,Berlin Brandenburgische Wohnungsbaugenossenschaft,Real Estate,hxxp://www.bbwbg.de,"Aug 18, 2026",17411,12.00 GB,12,hxxp://ijzn3sicrcy7guixkzjkib4ukbiilwc3xhnmby4mcbccnsd7j2rekvqd[.]onion/site/blog?uuid=e32521d0-321e-4489-9db8-5a937a8d9fce,hxxp://ijzn3sicrcy7guixkzjkib4ukbiilwc3xhnmby4mcbccnsd7j2rekvqd[.]onion/?page=8,Germany,domain_tld,Company URL uses the country-code domain suffix .de; verify against headquarters evidence.,Medium,tld_inferred
Qilin,2656,8,EmpireWorks,Construction,hxxp://www.empireworks.com,"Aug 17, 2026",115306,95.00 GB,95,hxxp://ijzn3sicrcy7guixkzjkib4ukbiilwc3xhnmby4mcbccnsd7j2rekvqd[.]onion/site/blog?uuid=f2aec5e0-95f3-4ad9-8856-594786b67984,hxxp://ijzn3sicrcy7guixkzjkib4ukbiilwc3xhnmby4mcbccnsd7j2rekvqd[.]onion/?page=8,United States,official_website,"Meta description states: 'EmpireWorks is the nation's largest reconstruction company, headquartered in Irvine, CA.' Corporate Headquarters address lists Langley Avenue (Irvine, CA, US).",High,enriched
Qilin,2654,8,"White-Daters & Associates, Inc",Construction,hxxps://www.whitedaters.com/,"Aug 17, 2026",17402,47.00 GB,47,hxxp://ijzn3sicrcy7guixkzjkib4ukbiilwc3xhnmby4mcbccnsd7j2rekvqd[.]onion/site/blog?uuid=2fb4586b-aa0e-43f6-9032-4674e0ec567e,hxxp://ijzn3sicrcy7guixkzjkib4ukbiilwc3xhnmby4mcbccnsd7j2rekvqd[.]onion/?page=8,United States,official_website,"The official website text explicitly states the company operates in Arkansas and provides a contact address: '24 Rahling Circle, Little Rock, AR 72223', indicating the United States.",High,enriched
Qilin,2653,8,GSW Gemeinschaftsstadtwerke GmbH,"Electricity, Oil & Gas",hxxp://www.gsw-kamen.de,"Aug 17, 2026",,,,hxxp://ijzn3sicrcy7guixkzjkib4ukbiilwc3xhnmby4mcbccnsd7j2rekvqd[.]onion/site/blog?uuid=deca91c9-6f89-4a66-8100-9c70cd25f8f1,hxxp://ijzn3sicrcy7guixkzjkib4ukbiilwc3xhnmby4mcbccnsd7j2rekvqd[.]onion/?page=8,Germany,domain_tld,Company URL uses the country-code domain suffix .de; verify against headquarters evidence.,Medium,tld_inferred
Qilin,2652,8,Spoonful of Comfort,Grocery Retail,hxxp://www.spoonfulofcomfort.com,"Aug 16, 2026",15796,32.00 GB,32,hxxp://ijzn3sicrcy7guixkzjkib4ukbiilwc3xhnmby4mcbccnsd7j2rekvqd[.]onion/site/blog?uuid=217d66b0-ffa4-4bf9-b90a-92571dd1ff70,hxxp://ijzn3sicrcy7guixkzjkib4ukbiilwc3xhnmby4mcbccnsd7j2rekvqd[.]onion/?page=8,Unknown,unknown,"The provided webpage text and metadata do not contain explicit headquarters, registered office, contact address, or country registration details for Spoonful of Comfort.",Unknown,unknown
Qilin,2651,8,Coface,Insurance,hxxp://www.coface.it,"Aug 16, 2026",3692,6.00 GB,6,hxxp://ijzn3sicrcy7guixkzjkib4ukbiilwc3xhnmby4mcbccnsd7j2rekvqd[.]onion/site/blog?uuid=6a247e78-b643-4a64-b2fb-c884d66e3249,hxxp://ijzn3sicrcy7guixkzjkib4ukbiilwc3xhnmby4mcbccnsd7j2rekvqd[.]onion/?page=8,Italy,domain_tld,Company URL uses the country-code domain suffix .it; verify against headquarters evidence.,Medium,tld_inferred
Qilin,2650,8,AGUNSA,Freight & Logistics Services,hxxp://www.agunsa.com,"Aug 16, 2026",7340,37.00 GB,37,hxxp://ijzn3sicrcy7guixkzjkib4ukbiilwc3xhnmby4mcbccnsd7j2rekvqd[.]onion/site/blog?uuid=deff5c6c-c54e-48fe-aedf-d9f90a9e9c12,hxxp://ijzn3sicrcy7guixkzjkib4ukbiilwc3xhnmby4mcbccnsd7j2rekvqd[.]onion/?page=8,Chile,official_website,"Casa Matriz Av. Andrés Bello 2687, piso 15 Las Condes, Santiago de Chile",High,enriched
Qilin,2648,8,WEBA Meubelen,Business Services,hxxp://www.weba.be,"Aug 16, 2026",1769505,"1,224.00 GB",1224,hxxp://ijzn3sicrcy7guixkzjkib4ukbiilwc3xhnmby4mcbccnsd7j2rekvqd[.]onion/site/blog?uuid=66e54324-f0ab-4773-9d5e-ebbeb662fa59,hxxp://ijzn3sicrcy7guixkzjkib4ukbiilwc3xhnmby4mcbccnsd7j2rekvqd[.]onion/?page=8,Belgium,domain_tld,Company URL uses the country-code domain suffix .be; verify against headquarters evidence.,Medium,tld_inferred
Qilin,2647,8,Mulino Padano,Food & Beverage,hxxp://www.mulinopadano.it,"Aug 16, 2026",33074,74.00 GB,74,hxxp://ijzn3sicrcy7guixkzjkib4ukbiilwc3xhnmby4mcbccnsd7j2rekvqd[.]onion/site/blog?uuid=2360c1a5-999d-480c-92a7-9867370a8051,hxxp://ijzn3sicrcy7guixkzjkib4ukbiilwc3xhnmby4mcbccnsd7j2rekvqd[.]onion/?page=8,Italy,domain_tld,Company URL uses the country-code domain suffix .it; verify against headquarters evidence.,Medium,tld_inferred
Qilin,2646,8,Megawide,Construction,hxxp://www.megawide.com.ph,"Aug 16, 2026",949,15.00 GB,15,hxxp://ijzn3sicrcy7guixkzjkib4ukbiilwc3xhnmby4mcbccnsd7j2rekvqd[.]onion/site/blog?uuid=452339ce-71d9-40e3-9af4-95eb820a0be8,hxxp://ijzn3sicrcy7guixkzjkib4ukbiilwc3xhnmby4mcbccnsd7j2rekvqd[.]onion/?page=8,Philippines,domain_tld,Company URL uses the country-code domain suffix .ph; verify against headquarters evidence.,Medium,tld_inferred
Qilin,2645,8,INVENSITY,Business Services,hxxp://www.invensity.com,"Aug 16, 2026",9641,5.00 GB,5,hxxp://ijzn3sicrcy7guixkzjkib4ukbiilwc3xhnmby4mcbccnsd7j2rekvqd[.]onion/site/blog?uuid=e449b4d8-017b-4884-9798-2fe7da3cf0a1,hxxp://ijzn3sicrcy7guixkzjkib4ukbiilwc3xhnmby4mcbccnsd7j2rekvqd[.]onion/?page=8,Germany,official_website,"The official website lists multiple locations in Germany (Düsseldorf, Hamburg, Munich, Stuttgart, Wiesbaden) alongside international locations, and German is featured as a primary interface language alongside English and Spanish.",Medium,enriched
Qilin,2641,8,Desatera Sdn Bhd,Business Services,hxxp://www.desatera.com.my,"Aug 16, 2026",42433,23.00 GB,23,hxxp://ijzn3sicrcy7guixkzjkib4ukbiilwc3xhnmby4mcbccnsd7j2rekvqd[.]onion/site/blog?uuid=573d5082-4973-4a85-ba93-a924bcb1f03c,hxxp://ijzn3sicrcy7guixkzjkib4ukbiilwc3xhnmby4mcbccnsd7j2rekvqd[.]onion/?page=8,Malaysia,domain_tld,Company URL uses the country-code domain suffix .com.my; verify against headquarters evidence.,Medium,tld_inferred
Qilin,2640,8,Stade Francais,Business Services,hxxp://www.stadefrancais.com,"Aug 15, 2026",336274,"3,000.00 GB",3000,hxxp://ijzn3sicrcy7guixkzjkib4ukbiilwc3xhnmby4mcbccnsd7j2rekvqd[.]onion/site/blog?uuid=cf92d143-33d6-4dde-99d8-9550eee4ef74,hxxp://ijzn3sicrcy7guixkzjkib4ukbiilwc3xhnmby4mcbccnsd7j2rekvqd[.]onion/?page=8,France,official_website,"References to Paris and France in the official website text, including 'Au coeur du sport Parisien', 'la vie sportive parisienne', and 'En France, on est sur une bonne dynamique'.",High,enriched
Qilin,2637,8,DELTA WAYS,Healthcare Services,hxxp://www.deltaways.de,"Aug 15, 2026",3845,25.00 GB,25,hxxp://ijzn3sicrcy7guixkzjkib4ukbiilwc3xhnmby4mcbccnsd7j2rekvqd[.]onion/site/blog?uuid=36fd56c5-beb5-4603-a83d-e57f7033a1c5,hxxp://ijzn3sicrcy7guixkzjkib4ukbiilwc3xhnmby4mcbccnsd7j2rekvqd[.]onion/?page=8,Germany,domain_tld,Company URL uses the country-code domain suffix .de; verify against headquarters evidence.,Medium,tld_inferred
Qilin,2636,8,ASCII Group,Business Services,hxxp://www.asciigroup.com,"Aug 15, 2026",,,,hxxp://ijzn3sicrcy7guixkzjkib4ukbiilwc3xhnmby4mcbccnsd7j2rekvqd[.]onion/site/blog?uuid=ed7ed937-727c-4371-9d4d-4502c16433b2,hxxp://ijzn3sicrcy7guixkzjkib4ukbiilwc3xhnmby4mcbccnsd7j2rekvqd[.]onion/?page=8,United States,official_website,"Contact address lists '38345 West 10 Mile Rd, STE 365 Farmington, MI 48335' and phone number '+1 (248) 476-7600'.",High,enriched
Qilin,2635,8,Arnall Golden Gregory,Law Firms & Legal Services,hxxp://www.agg.com,"Aug 15, 2026",416,19.00 GB,19,hxxp://ijzn3sicrcy7guixkzjkib4ukbiilwc3xhnmby4mcbccnsd7j2rekvqd[.]onion/site/blog?uuid=d9559304-65e3-4e4a-bd09-1458a353040a,hxxp://ijzn3sicrcy7guixkzjkib4ukbiilwc3xhnmby4mcbccnsd7j2rekvqd[.]onion/?page=8,United States,official_website,"References throughout the official website to U.S. departments and entities, such as the 'U.S. Department of Commerce', 'U.S. Counsel', 'FDA Regulations', and 'Best Lawyers in America', along with mentions of domestic locations/entities like Ohio Medical and the ABA Forum.",Medium,enriched
Qilin,2634,9,Jone Précision,Manufacturing,hxxp://www.joneprecision.com,"Aug 15, 2026",12578,18.00 GB,18,hxxp://ijzn3sicrcy7guixkzjkib4ukbiilwc3xhnmby4mcbccnsd7j2rekvqd[.]onion/site/blog?uuid=40c19069-fd91-4f43-846b-71806c93607a,hxxp://ijzn3sicrcy7guixkzjkib4ukbiilwc3xhnmby4mcbccnsd7j2rekvqd[.]onion/?page=9,France,official_website,"Contact address explicitly listed on the official webpage: 95 Rte de Marienthal, 67500 Haguenau (Haguenau being a city in France, postal code 67500, combined with French phone country code +33).",High,enriched
Qilin,2633,9,FERRARI MANGIMI SRL,Business Services,hxxps://lavoroperte.regione.emilia-romagna.it/offerte-lavoro/piacenza/meccanico-auto-sarmato/507478,"Aug 14, 2026",126220,58.00 GB,58,hxxp://ijzn3sicrcy7guixkzjkib4ukbiilwc3xhnmby4mcbccnsd7j2rekvqd[.]onion/site/blog?uuid=20b0f435-7e06-4b3f-a805-8a8739b3eaab,hxxp://ijzn3sicrcy7guixkzjkib4ukbiilwc3xhnmby4mcbccnsd7j2rekvqd[.]onion/?page=9,Italy,domain_tld,Company URL uses the country-code domain suffix .it; verify against headquarters evidence.,Medium,tld_inferred
Qilin,2632,9,MOSAID Technologies,Finance,hxxp://www.mosaid.com,"Aug 14, 2026",63296,58.00 GB,58,hxxp://ijzn3sicrcy7guixkzjkib4ukbiilwc3xhnmby4mcbccnsd7j2rekvqd[.]onion/site/blog?uuid=d8c30b26-e682-4a35-9f0b-ba5d89532a10,hxxp://ijzn3sicrcy7guixkzjkib4ukbiilwc3xhnmby4mcbccnsd7j2rekvqd[.]onion/?page=9,Unknown,unknown,"The provided webpage text and metadata mention 'MOSAID Technologies Incorporated, previously Conversant Intellectual Property Management Inc.', but do not contain explicit headquarters, registered-office, contact-address, or country registration information.",Unknown,unknown
Qilin,2631,9,Connections,Hospitality,hxxp://www.connections.be,"Aug 14, 2026",,,,hxxp://ijzn3sicrcy7guixkzjkib4ukbiilwc3xhnmby4mcbccnsd7j2rekvqd[.]onion/site/blog?uuid=bd697a46-b40e-465b-bb87-3be33c8047e0,hxxp://ijzn3sicrcy7guixkzjkib4ukbiilwc3xhnmby4mcbccnsd7j2rekvqd[.]onion/?page=9,Belgium,domain_tld,Company URL uses the country-code domain suffix .be; verify against headquarters evidence.,Medium,tld_inferred
Qilin,2630,9,Aletex Group,Manufacturing,hxxp://www.aletex.net,"Aug 14, 2026",112155,96.00 GB,96,hxxp://ijzn3sicrcy7guixkzjkib4ukbiilwc3xhnmby4mcbccnsd7j2rekvqd[.]onion/site/blog?uuid=26737f12-4b99-468b-8106-1127bd7f98a5,hxxp://ijzn3sicrcy7guixkzjkib4ukbiilwc3xhnmby4mcbccnsd7j2rekvqd[.]onion/?page=9,Spain,official_website,"Contact address explicitly states: Pere Llauger i Prim nº 6 Nave 3 Pol.Ind. Can Misser 08360 Canet de Mar (Canet de Mar, Barcelona, Spain), along with Spanish phone number prefix (+34) and Spanish language content.",High,enriched
Qilin,2629,9,Radiant,Software,hxxp://www.radiants.com,"Aug 14, 2026",,,,hxxp://ijzn3sicrcy7guixkzjkib4ukbiilwc3xhnmby4mcbccnsd7j2rekvqd[.]onion/site/blog?uuid=cc2f4575-21b9-4a39-911f-ff46b675f64c,hxxp://ijzn3sicrcy7guixkzjkib4ukbiilwc3xhnmby4mcbccnsd7j2rekvqd[.]onion/?page=9,Unknown,unknown,"The supplied evidence mentions Radiant Systems Inc, a global consulting company founded in 1995, but does not provide an explicit headquarters, registered office, contact address, or country of registration.",Unknown,unknown
Qilin,2628,9,Urban Worldwide,Business Services,hxxp://www.urbanworldwide.com,"Aug 14, 2026",,,,hxxp://ijzn3sicrcy7guixkzjkib4ukbiilwc3xhnmby4mcbccnsd7j2rekvqd[.]onion/site/blog?uuid=72327559-ff5b-4769-99b2-5c59365f99f3,hxxp://ijzn3sicrcy7guixkzjkib4ukbiilwc3xhnmby4mcbccnsd7j2rekvqd[.]onion/?page=9,Unknown,unknown,,Unknown,unknown
Qilin,2625,9,Lercher Werkzeugbau,Industrial Machinery & Equipment,hxxp://www.lercher.at,"Aug 14, 2026",142476,107.00 GB,107,hxxp://ijzn3sicrcy7guixkzjkib4ukbiilwc3xhnmby4mcbccnsd7j2rekvqd[.]onion/site/blog?uuid=0a89537d-3153-43ab-818b-ea2994bb5459,hxxp://ijzn3sicrcy7guixkzjkib4ukbiilwc3xhnmby4mcbccnsd7j2rekvqd[.]onion/?page=9,Austria,domain_tld,Company URL uses the country-code domain suffix .at; verify against headquarters evidence.,Medium,tld_inferred
Qilin,2624,9,Grupo ABC,Building Materials,hxxp://www.grupoabc.mx,"Aug 13, 2026",,,,hxxp://ijzn3sicrcy7guixkzjkib4ukbiilwc3xhnmby4mcbccnsd7j2rekvqd[.]onion/site/blog?uuid=7b7cc53e-70de-441b-b8b6-cc942dfdc76a,hxxp://ijzn3sicrcy7guixkzjkib4ukbiilwc3xhnmby4mcbccnsd7j2rekvqd[.]onion/?page=9,Mexico,domain_tld,Company URL uses the country-code domain suffix .mx; verify against headquarters evidence.,Medium,tld_inferred
Qilin,2623,9,D & J Beverage Service,Grocery Retail,hxxp://www.dandjbeverage.com,"Aug 13, 2026",,,,hxxp://ijzn3sicrcy7guixkzjkib4ukbiilwc3xhnmby4mcbccnsd7j2rekvqd[.]onion/site/blog?uuid=775c1b28-1eb6-4ee7-b14f-277932b229d4,hxxp://ijzn3sicrcy7guixkzjkib4ukbiilwc3xhnmby4mcbccnsd7j2rekvqd[.]onion/?page=9,Unknown,unknown,"The supplied evidence mentions a toll-free phone number (800.201.1567) and services like CO2, craft soda, and ice makers, but does not explicitly state the country, headquarters, registered office, or contact address.",Unknown,unknown
Qilin,2621,9,United Association Local Union 345,Membership Organizations,hxxp://www.ua345.org,"Aug 12, 2026",,,,hxxp://ijzn3sicrcy7guixkzjkib4ukbiilwc3xhnmby4mcbccnsd7j2rekvqd[.]onion/site/blog?uuid=6ab8ea48-5461-4614-a76a-a70fd3a42589,hxxp://ijzn3sicrcy7guixkzjkib4ukbiilwc3xhnmby4mcbccnsd7j2rekvqd[.]onion/?page=9,United States,official_website,"The website text explicitly mentions services throughout twelve (12) Southern California counties, mentions the California State Pipe Trades Council, and provides addresses in cities such as Sacramento and Duarte, CA, indicating operations within the United States.",High,enriched
Qilin,2620,9,Miller Stratvert,Law Firms & Legal Services,hxxp://www.mstlaw.com,"Aug 12, 2026",,,,hxxp://ijzn3sicrcy7guixkzjkib4ukbiilwc3xhnmby4mcbccnsd7j2rekvqd[.]onion/site/blog?uuid=0f40bc6a-9087-4410-b655-bdece4af8959,hxxp://ijzn3sicrcy7guixkzjkib4ukbiilwc3xhnmby4mcbccnsd7j2rekvqd[.]onion/?page=9,United States,official_website,"The official website metadata and text explicitly state that Miller Stratvert is a law firm in New Mexico with offices in Albuquerque, Santa Fe, and Farmington, NM.",High,enriched
Qilin,2619,9,Wanted,Business Services,hxxp://www.teamwanted.nl,"Aug 12, 2026",,,,hxxp://ijzn3sicrcy7guixkzjkib4ukbiilwc3xhnmby4mcbccnsd7j2rekvqd[.]onion/site/blog?uuid=fb9a3982-5863-4b3f-8621-5ffe07df3847,hxxp://ijzn3sicrcy7guixkzjkib4ukbiilwc3xhnmby4mcbccnsd7j2rekvqd[.]onion/?page=9,Netherlands,domain_tld,Company URL uses the country-code domain suffix .nl; verify against headquarters evidence.,Medium,tld_inferred
Qilin,2618,9,Crown Group,Business Services,hxxp://www.crowngroup.com.pk,"Aug 11, 2026",,,,hxxp://ijzn3sicrcy7guixkzjkib4ukbiilwc3xhnmby4mcbccnsd7j2rekvqd[.]onion/site/blog?uuid=6072235c-e4c9-4151-b086-8e83ed5b9fd7,hxxp://ijzn3sicrcy7guixkzjkib4ukbiilwc3xhnmby4mcbccnsd7j2rekvqd[.]onion/?page=9,Pakistan,domain_tld,Company URL uses the country-code domain suffix .com.pk; verify against headquarters evidence.,Medium,tld_inferred
Qilin,2617,9,G.M.A. GRANDI MARCHE AUTOMOBILI - S.R.L,Business Services,hxxp://autogma.it,"Aug 11, 2026",,,,hxxp://ijzn3sicrcy7guixkzjkib4ukbiilwc3xhnmby4mcbccnsd7j2rekvqd[.]onion/site/blog?uuid=4e83e92f-9bdd-4f12-907b-e98a783774fe,hxxp://ijzn3sicrcy7guixkzjkib4ukbiilwc3xhnmby4mcbccnsd7j2rekvqd[.]onion/?page=9,Italy,domain_tld,Company URL uses the country-code domain suffix .it; verify against headquarters evidence.,Medium,tld_inferred
Qilin,2616,9,Service Evaluation Concepts,Advertising & Marketing,hxxp://www.serviceevaluation.com,"Aug 11, 2026",299135,112.00 GB,112,hxxp://ijzn3sicrcy7guixkzjkib4ukbiilwc3xhnmby4mcbccnsd7j2rekvqd[.]onion/site/blog?uuid=801161a8-5902-4a46-bebb-0162cc2d2990,hxxp://ijzn3sicrcy7guixkzjkib4ukbiilwc3xhnmby4mcbccnsd7j2rekvqd[.]onion/?page=9,United States,official_website,"The official website metadata and visible text lists a telephone area code 516 (which corresponds to Long Island/New York, USA) and explicitly lists 'New York' under 'Our Location'.",High,enriched
Qilin,2615,9,tommer construction,Civil Engineering Construction,hxxp://www.tommerconstruction.com,"Aug 11, 2026",,,,hxxp://ijzn3sicrcy7guixkzjkib4ukbiilwc3xhnmby4mcbccnsd7j2rekvqd[.]onion/site/blog?uuid=9e4c0161-1011-4c9a-88f7-412512a69477,hxxp://ijzn3sicrcy7guixkzjkib4ukbiilwc3xhnmby4mcbccnsd7j2rekvqd[.]onion/?page=9,United States,official_website,"Visible text explicitly states an address in Ephrata, WA (Washington state), and mentions the Pacific Northwest.",High,enriched
Qilin,2614,9,HIGEN MOTOR(critical data),Industrial Machinery & Equipment,hxxp://www.higen.co.kr,"Aug 10, 2026",0,400.00 GB,400,hxxp://ijzn3sicrcy7guixkzjkib4ukbiilwc3xhnmby4mcbccnsd7j2rekvqd[.]onion/site/blog?uuid=42480710-90bb-40d8-a036-99178d61af50,hxxp://ijzn3sicrcy7guixkzjkib4ukbiilwc3xhnmby4mcbccnsd7j2rekvqd[.]onion/?page=9,South Korea,domain_tld,Company URL uses the country-code domain suffix .co.kr; verify against headquarters evidence.,Medium,tld_inferred
Qilin,2611,9,Seufert Construction,Construction,hxxp://www.seufertconstruction.com,"Aug 10, 2026",,,,hxxp://ijzn3sicrcy7guixkzjkib4ukbiilwc3xhnmby4mcbccnsd7j2rekvqd[.]onion/site/blog?uuid=12f33cc7-8c08-4056-86a7-61bf4ced8aab,hxxp://ijzn3sicrcy7guixkzjkib4ukbiilwc3xhnmby4mcbccnsd7j2rekvqd[.]onion/?page=9,United States,official_website,"The website metadata and text explicitly state operations and locations in Southern Indiana, including specific project locations in Santa Claus, IN, Huntingburg, IN, and Jasper, IN.",High,enriched
Qilin,2610,9,B Wright Drywall,Construction,hxxp://www.bwrightdrywall.com,"Aug 10, 2026",,,,hxxp://ijzn3sicrcy7guixkzjkib4ukbiilwc3xhnmby4mcbccnsd7j2rekvqd[.]onion/site/blog?uuid=c579404e-4bb7-4cee-b62a-e7119942263a,hxxp://ijzn3sicrcy7guixkzjkib4ukbiilwc3xhnmby4mcbccnsd7j2rekvqd[.]onion/?page=9,Canada,official_website,"The company's official website text explicitly lists the address: '9734 – 47 Avenue | Edmonton, AB T6E 5P3', referencing Edmonton and the province of Alberta (AB), which are located in Canada.",High,enriched
Qilin,2603,10,pm-energy Die Solarexperten,Business Services,hxxp://pm-energy.de,"Aug 9, 2026",,,,hxxp://ijzn3sicrcy7guixkzjkib4ukbiilwc3xhnmby4mcbccnsd7j2rekvqd[.]onion/site/blog?uuid=bc867830-0246-450d-bbae-f93b24ef345d,hxxp://ijzn3sicrcy7guixkzjkib4ukbiilwc3xhnmby4mcbccnsd7j2rekvqd[.]onion/?page=10,Germany,domain_tld,Company URL uses the country-code domain suffix .de; verify against headquarters evidence.,Medium,tld_inferred
Qilin,2602,10,Harplast SRL,Business Services,hxxp://www.HARPLAST.ro,"Aug 9, 2026",,,,hxxp://ijzn3sicrcy7guixkzjkib4ukbiilwc3xhnmby4mcbccnsd7j2rekvqd[.]onion/site/blog?uuid=9b358bc3-8762-4521-8745-6f84463cf078,hxxp://ijzn3sicrcy7guixkzjkib4ukbiilwc3xhnmby4mcbccnsd7j2rekvqd[.]onion/?page=10,Romania,domain_tld,Company URL uses the country-code domain suffix .ro; verify against headquarters evidence.,Medium,tld_inferred
Qilin,2601,10,Naval Interior Team,Business Services,hxxp://www.nit.fi,"Aug 9, 2026",,,,hxxp://ijzn3sicrcy7guixkzjkib4ukbiilwc3xhnmby4mcbccnsd7j2rekvqd[.]onion/site/blog?uuid=ab374723-8098-489f-b410-22f166d857f1,hxxp://ijzn3sicrcy7guixkzjkib4ukbiilwc3xhnmby4mcbccnsd7j2rekvqd[.]onion/?page=10,Finland,domain_tld,Company URL uses the country-code domain suffix .fi; verify against headquarters evidence.,Medium,tld_inferred
Qilin,2600,10,Price Shoes,Retail · Pennsylvania,hxxp://www.priceshoes.com,"Aug 9, 2026",,,,hxxp://ijzn3sicrcy7guixkzjkib4ukbiilwc3xhnmby4mcbccnsd7j2rekvqd[.]onion/site/blog?uuid=7628b972-0301-4538-b81f-b05da191a574,hxxp://ijzn3sicrcy7guixkzjkib4ukbiilwc3xhnmby4mcbccnsd7j2rekvqd[.]onion/?page=10,Unknown,unknown,"The supplied evidence mentions a 30th anniversary in 2026 and catalog sales in Spanish, but does not provide an explicit headquarters, registered office, contact address, or official registration country to resolve the conflicting sector information (Pennsylvania vs. Spanish-language Mexico/Latin America context).",Unknown,unknown
Qilin,2596,10,Service d'usinage 9002,Industrial Machinery & Equipment,hxxp://www.usinage9002.com,"Aug 9, 2026",,,,hxxp://ijzn3sicrcy7guixkzjkib4ukbiilwc3xhnmby4mcbccnsd7j2rekvqd[.]onion/site/blog?uuid=7c0be3ef-a162-4795-8fb1-9d4375a743bd,hxxp://ijzn3sicrcy7guixkzjkib4ukbiilwc3xhnmby4mcbccnsd7j2rekvqd[.]onion/?page=10,Unknown,unknown,,Unknown,unknown
Qilin,2595,10,Impact Centre Chrétien,Business Services,hxxp://www.impactcentrechretien.com,"Aug 8, 2026",,,,hxxp://ijzn3sicrcy7guixkzjkib4ukbiilwc3xhnmby4mcbccnsd7j2rekvqd[.]onion/site/blog?uuid=beeeda5d-f120-4c05-8e03-78c2d8785c59,hxxp://ijzn3sicrcy7guixkzjkib4ukbiilwc3xhnmby4mcbccnsd7j2rekvqd[.]onion/?page=10,Unknown,unknown,,Unknown,unknown
Qilin,2594,10,CLLS Co Ltd,Industrial Machinery & Equipment,hxxp://CLLS.com.sg,"Aug 8, 2026",,,,hxxp://ijzn3sicrcy7guixkzjkib4ukbiilwc3xhnmby4mcbccnsd7j2rekvqd[.]onion/site/blog?uuid=519326ff-4372-4dd4-82d5-a11cc4270a2f,hxxp://ijzn3sicrcy7guixkzjkib4ukbiilwc3xhnmby4mcbccnsd7j2rekvqd[.]onion/?page=10,Singapore,domain_tld,Company URL uses the country-code domain suffix .com.sg; verify against headquarters evidence.,Medium,tld_inferred
Qilin,2593,10,Clausing,Food & Beverage,hxxp://www.clausing-tiefbau.com,"Aug 8, 2026",,,,hxxp://ijzn3sicrcy7guixkzjkib4ukbiilwc3xhnmby4mcbccnsd7j2rekvqd[.]onion/site/blog?uuid=6a51158d-1290-4eb0-884a-597a8ffd28a0,hxxp://ijzn3sicrcy7guixkzjkib4ukbiilwc3xhnmby4mcbccnsd7j2rekvqd[.]onion/?page=10,Germany,official_website,"Title: Clausing Tiefbauunternehmen GmbH, Meta description: Die offizielle Webseite der Firma Clausing Tiefbauunternehmen GmbH mit Hauptsitz in Osnabrück.",High,enriched
Qilin,2592,10,City of Winchester,Government,hxxp://www.winchesterky.com,"Aug 7, 2026",,,,hxxp://ijzn3sicrcy7guixkzjkib4ukbiilwc3xhnmby4mcbccnsd7j2rekvqd[.]onion/site/blog?uuid=3df43ee6-1240-49b4-beaa-0711e332d8e1,hxxp://ijzn3sicrcy7guixkzjkib4ukbiilwc3xhnmby4mcbccnsd7j2rekvqd[.]onion/?page=10,United States,official_website,"The company URL 'hxxp://www.winchesterky.com' indicates Winchester, Kentucky (KY), which is a city in the United States.",Medium,enriched
Qilin,2591,10,Depona,Hospitality,hxxp://www.depona.se,"Aug 7, 2026",,,,hxxp://ijzn3sicrcy7guixkzjkib4ukbiilwc3xhnmby4mcbccnsd7j2rekvqd[.]onion/site/blog?uuid=2a00e647-2aa5-4227-97f8-73df2d6bf8e4,hxxp://ijzn3sicrcy7guixkzjkib4ukbiilwc3xhnmby4mcbccnsd7j2rekvqd[.]onion/?page=10,Sweden,domain_tld,Company URL uses the country-code domain suffix .se; verify against headquarters evidence.,Medium,tld_inferred
Qilin,2590,10,Nikan Awasisak Agency,Government,hxxp://www.nikanaa.ca,"Aug 7, 2026",,,,hxxp://ijzn3sicrcy7guixkzjkib4ukbiilwc3xhnmby4mcbccnsd7j2rekvqd[.]onion/site/blog?uuid=63e7d7e4-5f75-4113-9b47-10bf1b87fd57,hxxp://ijzn3sicrcy7guixkzjkib4ukbiilwc3xhnmby4mcbccnsd7j2rekvqd[.]onion/?page=10,Canada,domain_tld,Company URL uses the country-code domain suffix .ca; verify against headquarters evidence.,Medium,tld_inferred
Qilin,2588,10,EISNER ZT GMBH,Construction,hxxp://www.zteisner.at,"Aug 7, 2026",,,,hxxp://ijzn3sicrcy7guixkzjkib4ukbiilwc3xhnmby4mcbccnsd7j2rekvqd[.]onion/site/blog?uuid=974b106a-a203-4569-b4e4-a567d7e21946,hxxp://ijzn3sicrcy7guixkzjkib4ukbiilwc3xhnmby4mcbccnsd7j2rekvqd[.]onion/?page=10,Austria,domain_tld,Company URL uses the country-code domain suffix .at; verify against headquarters evidence.,Medium,tld_inferred
Qilin,2587,10,Filtronic,Manufacturing,hxxp://www.filtronic.com,"Aug 7, 2026",,,,hxxp://ijzn3sicrcy7guixkzjkib4ukbiilwc3xhnmby4mcbccnsd7j2rekvqd[.]onion/site/blog?uuid=c75881ec-b0e7-4099-aee0-caef7b261b65,hxxp://ijzn3sicrcy7guixkzjkib4ukbiilwc3xhnmby4mcbccnsd7j2rekvqd[.]onion/?page=10,Unknown,unknown,,Unknown,unknown
Qilin,2586,10,Astro Electroplating,Industrial Machinery & Equipment,hxxp://www.astroelectroplating.com,"Aug 7, 2026",,,,hxxp://ijzn3sicrcy7guixkzjkib4ukbiilwc3xhnmby4mcbccnsd7j2rekvqd[.]onion/site/blog?uuid=4906fb28-6622-49df-9338-73f4b4e91a86,hxxp://ijzn3sicrcy7guixkzjkib4ukbiilwc3xhnmby4mcbccnsd7j2rekvqd[.]onion/?page=10,United States,official_website,"ASTRO ELECTROPLATING, LLC. 171 4th Avenue • Bay Shore NY 11706",High,enriched
Qilin,2584,10,Jakle & Alexander,Law Firms & Legal Services,hxxp://www.jaklelaw.com,"Aug 6, 2026",,,,hxxp://ijzn3sicrcy7guixkzjkib4ukbiilwc3xhnmby4mcbccnsd7j2rekvqd[.]onion/site/blog?uuid=72242ba7-5d40-4846-aaa2-074acda345bc,hxxp://ijzn3sicrcy7guixkzjkib4ukbiilwc3xhnmby4mcbccnsd7j2rekvqd[.]onion/?page=10,United States,official_website,"Address provided on the website: 2001 Wilshire Boulevard, Suite 420 Santa Monica, CA 90403, along with PST time zone and US phone format (310).",High,enriched
Qilin,2583,10,ALIZE (alize-sud.fr),Business Services,hxxps://alize-sud.fr,"Aug 6, 2026",,,,hxxp://ijzn3sicrcy7guixkzjkib4ukbiilwc3xhnmby4mcbccnsd7j2rekvqd[.]onion/site/blog?uuid=26abaf2b-fb11-4a68-a1cb-1cd418b7e57b,hxxp://ijzn3sicrcy7guixkzjkib4ukbiilwc3xhnmby4mcbccnsd7j2rekvqd[.]onion/?page=10,France,domain_tld,Company URL uses the country-code domain suffix .fr; verify against headquarters evidence.,Medium,tld_inferred
Qilin,2582,10,AmSpec,Business Services,hxxp://www.amspecgroup.com,"Aug 6, 2026",,,,hxxp://ijzn3sicrcy7guixkzjkib4ukbiilwc3xhnmby4mcbccnsd7j2rekvqd[.]onion/site/blog?uuid=4dc4bd1c-9916-4149-a82b-642a9e23b294,hxxp://ijzn3sicrcy7guixkzjkib4ukbiilwc3xhnmby4mcbccnsd7j2rekvqd[.]onion/?page=10,Unknown,unknown,"The supplied website text mentions a global network with hundreds of locations worldwide and an acquisition of A&B Labs, but does not explicitly state the company's headquarters, registered office, contact address, or primary registration country.",Unknown,unknown
Qilin,2581,10,J&T Bank and Trust,Banking,hxxp://www.jtbanktrust.com,"Aug 6, 2026",,,,hxxp://ijzn3sicrcy7guixkzjkib4ukbiilwc3xhnmby4mcbccnsd7j2rekvqd[.]onion/site/blog?uuid=6ff6f42f-5a9e-47f9-8466-1920875d8b0e,hxxp://ijzn3sicrcy7guixkzjkib4ukbiilwc3xhnmby4mcbccnsd7j2rekvqd[.]onion/?page=10,Unknown,unknown,,Unknown,unknown
Qilin,2580,10,Akuur Law Firm,Law Firms & Legal Services,hxxp://www.akugurlaw.com,"Aug 6, 2026",,,,hxxp://ijzn3sicrcy7guixkzjkib4ukbiilwc3xhnmby4mcbccnsd7j2rekvqd[.]onion/site/blog?uuid=37b6cd2d-889f-4ab4-8b97-0d8528ae86ab,hxxp://ijzn3sicrcy7guixkzjkib4ukbiilwc3xhnmby4mcbccnsd7j2rekvqd[.]onion/?page=10,Turkey,official_website,"The website metadata and visible text show Turkish language content ('Hukuk Bürosu', 'Türkçe', 'HAKKIMIZDA'), a Turkish phone number format with the country code +90 (+90 212 286 48 28), and company background referring to Mehmet Akuğur.",High,enriched
Qilin,2579,10,Mera Metal,Furniture,hxxp://www.merametal.pl,"Aug 5, 2026",,,,hxxp://ijzn3sicrcy7guixkzjkib4ukbiilwc3xhnmby4mcbccnsd7j2rekvqd[.]onion/site/blog?uuid=02b04460-11bf-4f5e-b8a8-025127a60601,hxxp://ijzn3sicrcy7guixkzjkib4ukbiilwc3xhnmby4mcbccnsd7j2rekvqd[.]onion/?page=10,Poland,domain_tld,Company URL uses the country-code domain suffix .pl; verify against headquarters evidence.,Medium,tld_inferred
Qilin,2578,11,STADLER Sensorik CNC-Technik,Industrial Machinery & Equipment,hxxp://www.stadlercnc.at,"Aug 5, 2026",,,,hxxp://ijzn3sicrcy7guixkzjkib4ukbiilwc3xhnmby4mcbccnsd7j2rekvqd[.]onion/site/blog?uuid=5b9da671-b54b-4836-970a-d34ef5c6e054,hxxp://ijzn3sicrcy7guixkzjkib4ukbiilwc3xhnmby4mcbccnsd7j2rekvqd[.]onion/?page=11,Austria,domain_tld,Company URL uses the country-code domain suffix .at; verify against headquarters evidence.,Medium,tld_inferred
Qilin,2576,11,RUPP Spritzguss,Manufacturing,hxxp://www.rupp-spritzguss.de,"Aug 4, 2026",,,,hxxp://ijzn3sicrcy7guixkzjkib4ukbiilwc3xhnmby4mcbccnsd7j2rekvqd[.]onion/site/blog?uuid=7d3f7328-c23f-4a74-a9ec-35bfe6c4cfc7,hxxp://ijzn3sicrcy7guixkzjkib4ukbiilwc3xhnmby4mcbccnsd7j2rekvqd[.]onion/?page=11,Germany,domain_tld,Company URL uses the country-code domain suffix .de; verify against headquarters evidence.,Medium,tld_inferred
Qilin,2574,11,WD Masonry & Concrete,Construction,hxxp://www.wdmandc.com,"Aug 4, 2026",,,,hxxp://ijzn3sicrcy7guixkzjkib4ukbiilwc3xhnmby4mcbccnsd7j2rekvqd[.]onion/site/blog?uuid=27ce89ea-880f-403b-b134-77994baad834,hxxp://ijzn3sicrcy7guixkzjkib4ukbiilwc3xhnmby4mcbccnsd7j2rekvqd[.]onion/?page=11,United States,official_website,"Official website text explicitly references Rapid City, SD 57702 (South Dakota, USA) as its address and location ('based in Rapid City, SD').",High,enriched
Qilin,2573,11,Bloom Financials,Accounting Services,hxxp://www.bloomfinancials.com,"Aug 4, 2026",,,,hxxp://ijzn3sicrcy7guixkzjkib4ukbiilwc3xhnmby4mcbccnsd7j2rekvqd[.]onion/site/blog?uuid=8c155e5e-9652-4932-bacf-267584f65001,hxxp://ijzn3sicrcy7guixkzjkib4ukbiilwc3xhnmby4mcbccnsd7j2rekvqd[.]onion/?page=11,United Kingdom,official_website,"Meta description states: 'Bloom Financials helps UK businesses grow with accounting, tax planning, statutory compliance and digital finance support.' Client reviews explicitly mention 'one of the best accountancy firm in Uk' and dealing with HMRC.",High,enriched
Qilin,2570,11,Freedom Claims Management,Insurance,hxxp://www.freedomclaimsinc.com,"Aug 3, 2026",,,,hxxp://ijzn3sicrcy7guixkzjkib4ukbiilwc3xhnmby4mcbccnsd7j2rekvqd[.]onion/site/blog?uuid=1715db25-1d32-4f22-913e-fbe4456fd271,hxxp://ijzn3sicrcy7guixkzjkib4ukbiilwc3xhnmby4mcbccnsd7j2rekvqd[.]onion/?page=11,United States,official_website,"Contact address lists Great Bend, KS 67530, which corresponds to Kansas, United States, and phone numbers use US format (620 / 866).",High,enriched
Qilin,2569,11,Asset Flooring Group Australia,Construction,hxxp://www.assetflooring.com.au,"Aug 2, 2026",0,45.00 GB,45,hxxp://ijzn3sicrcy7guixkzjkib4ukbiilwc3xhnmby4mcbccnsd7j2rekvqd[.]onion/site/blog?uuid=8c1cae19-8a40-4d7b-a6d2-20f5561aa01e,hxxp://ijzn3sicrcy7guixkzjkib4ukbiilwc3xhnmby4mcbccnsd7j2rekvqd[.]onion/?page=11,Australia,domain_tld,Company URL uses the country-code domain suffix .com.au; verify against headquarters evidence.,Medium,tld_inferred
Qilin,2567,11,Mairie de Drancy,Government,hxxp://www.drancy.fr,"Aug 2, 2026",241705,210.00 GB,210,hxxp://ijzn3sicrcy7guixkzjkib4ukbiilwc3xhnmby4mcbccnsd7j2rekvqd[.]onion/site/blog?uuid=1277b405-d795-4d1d-bae9-7bd745f18c79,hxxp://ijzn3sicrcy7guixkzjkib4ukbiilwc3xhnmby4mcbccnsd7j2rekvqd[.]onion/?page=11,France,domain_tld,Company URL uses the country-code domain suffix .fr; verify against headquarters evidence.,Medium,tld_inferred
Qilin,2566,11,Wire Products,Manufacturing,hxxp://www.wireproducts.us,"Aug 2, 2026",,,,hxxp://ijzn3sicrcy7guixkzjkib4ukbiilwc3xhnmby4mcbccnsd7j2rekvqd[.]onion/site/blog?uuid=e529c84d-7dce-4795-b526-693855deb497,hxxp://ijzn3sicrcy7guixkzjkib4ukbiilwc3xhnmby4mcbccnsd7j2rekvqd[.]onion/?page=11,United States,domain_tld,Company URL uses the country-code domain suffix .us; verify against headquarters evidence.,Medium,tld_inferred
Qilin,2565,11,Schreiner Trockenbau GmbH,Home Improvement & Hardware Retail,hxxp://www.schreiner-trockenbau.at,"Aug 1, 2026",,,,hxxp://ijzn3sicrcy7guixkzjkib4ukbiilwc3xhnmby4mcbccnsd7j2rekvqd[.]onion/site/blog?uuid=30dd3e3c-d83d-4280-8a86-bccef8e6853a,hxxp://ijzn3sicrcy7guixkzjkib4ukbiilwc3xhnmby4mcbccnsd7j2rekvqd[.]onion/?page=11,Austria,domain_tld,Company URL uses the country-code domain suffix .at; verify against headquarters evidence.,Medium,tld_inferred
Qilin,2564,11,Pointe Property Group,Real Estate,hxxp://www.pointecre.com,"Aug 1, 2026",,,,hxxp://ijzn3sicrcy7guixkzjkib4ukbiilwc3xhnmby4mcbccnsd7j2rekvqd[.]onion/site/blog?uuid=24a692b3-a6f9-4abe-9e03-c357aabb3bfe,hxxp://ijzn3sicrcy7guixkzjkib4ukbiilwc3xhnmby4mcbccnsd7j2rekvqd[.]onion/?page=11,United States,official_website,"Chattanooga, TENNESSEE; Chattanooga, Cleveland, and Dalton; Southeast Tennessee, North Georgia, and North Alabama",High,enriched
Qilin,2563,11,Ceragres,Home Improvement & Hardware Retail,hxxp://www.ceragres.ca,"Aug 1, 2026",111500,189.00 GB,189,hxxp://ijzn3sicrcy7guixkzjkib4ukbiilwc3xhnmby4mcbccnsd7j2rekvqd[.]onion/site/blog?uuid=c9850007-22b0-48d2-8a78-21b36119ee59,hxxp://ijzn3sicrcy7guixkzjkib4ukbiilwc3xhnmby4mcbccnsd7j2rekvqd[.]onion/?page=11,Canada,domain_tld,Company URL uses the country-code domain suffix .ca; verify against headquarters evidence.,Medium,tld_inferred
Qilin,2562,11,Dienst Pack Systems,Industrial Machinery & Equipment,hxxp://www.dienst-packsystems.de,"Aug 1, 2026",,,,hxxp://ijzn3sicrcy7guixkzjkib4ukbiilwc3xhnmby4mcbccnsd7j2rekvqd[.]onion/site/blog?uuid=9d3a16a9-ade9-48b6-a574-a211eb8cb600,hxxp://ijzn3sicrcy7guixkzjkib4ukbiilwc3xhnmby4mcbccnsd7j2rekvqd[.]onion/?page=11,Germany,domain_tld,Company URL uses the country-code domain suffix .de; verify against headquarters evidence.,Medium,tld_inferred
Qilin,2561,11,Commercial Furniture Interiors,"Architecture, Engineering & Design",hxxp://www.cfioffice.com,"Aug 1, 2026",,,,hxxp://ijzn3sicrcy7guixkzjkib4ukbiilwc3xhnmby4mcbccnsd7j2rekvqd[.]onion/site/blog?uuid=b5dfe996-d5bf-462e-933e-ed2a10d33da9,hxxp://ijzn3sicrcy7guixkzjkib4ukbiilwc3xhnmby4mcbccnsd7j2rekvqd[.]onion/?page=11,United States,official_website,"The website metadata and text explicitly state 'Office Furniture Dealer in NY and NJ' and provide addresses in New Jersey ('1154 Route 22 West, Mountainside, NJ 07092') and New York ('264 West 40th Street, Suite 1101 NY, NY 10018').",High,enriched
Qilin,2560,11,The Saturday Evening Post,Advertising & Marketing,hxxp://www.saturdayeveningpost.com,"Aug 1, 2026",,,,hxxp://ijzn3sicrcy7guixkzjkib4ukbiilwc3xhnmby4mcbccnsd7j2rekvqd[.]onion/site/blog?uuid=23bddd4e-4fd9-41f4-8326-e9feb3b80bc5,hxxp://ijzn3sicrcy7guixkzjkib4ukbiilwc3xhnmby4mcbccnsd7j2rekvqd[.]onion/?page=11,United States,official_website,"References to American moments, American life, Norman Rockwell, and cities/states such as Pennsylvania and Kutztown in the official website text.",Medium,enriched
Qilin,2558,11,The Dcoop,Agriculture,hxxp://www.dcoop.es,"Jul 31, 2026",287059,157.00 GB,157,hxxp://ijzn3sicrcy7guixkzjkib4ukbiilwc3xhnmby4mcbccnsd7j2rekvqd[.]onion/site/blog?uuid=2288dc0c-2790-4376-a244-14ca03334646,hxxp://ijzn3sicrcy7guixkzjkib4ukbiilwc3xhnmby4mcbccnsd7j2rekvqd[.]onion/?page=11,Spain,domain_tld,Company URL uses the country-code domain suffix .es; verify against headquarters evidence.,Medium,tld_inferred
Qilin,2557,11,Hawaii Family Dental,Healthcare Services,hxxp://www.hawaiifamilydental.com,"Jul 31, 2026",,,,hxxp://ijzn3sicrcy7guixkzjkib4ukbiilwc3xhnmby4mcbccnsd7j2rekvqd[.]onion/site/blog?uuid=cba56701-ff57-4242-b845-62b40bcf937d,hxxp://ijzn3sicrcy7guixkzjkib4ukbiilwc3xhnmby4mcbccnsd7j2rekvqd[.]onion/?page=11,United States,official_website,"The website text references multiple locations across the islands of Hawaii (Aiea, Ewa Beach, Hilo, Honolulu, Kahului, Kaneohe, Kapolei, Kihei, Kona, Lihue, Mililani, Big Island, Kauai, Maui, Oahu) and explicitly states '12 state-of-art offices spread throughout Hawaii' along with mentions of Honolulu Magazine.",High,enriched
Qilin,2555,11,"Audio Precision, Inc",Manufacturing,hxxps://www.ap.com/,"Jul 30, 2026",177836,103.00 GB,103,hxxp://ijzn3sicrcy7guixkzjkib4ukbiilwc3xhnmby4mcbccnsd7j2rekvqd[.]onion/site/blog?uuid=f37de6ed-24ab-4da1-b31f-9d1ea5fd2727,hxxp://ijzn3sicrcy7guixkzjkib4ukbiilwc3xhnmby4mcbccnsd7j2rekvqd[.]onion/?page=11,Unknown,unknown,,Unknown,unknown
Qilin,2554,11,TenSparrows,Software,hxxp://www.tensparrows.com,"Jul 30, 2026",,,,hxxp://ijzn3sicrcy7guixkzjkib4ukbiilwc3xhnmby4mcbccnsd7j2rekvqd[.]onion/site/blog?uuid=208dc842-462f-4698-8012-4c775d4230af,hxxp://ijzn3sicrcy7guixkzjkib4ukbiilwc3xhnmby4mcbccnsd7j2rekvqd[.]onion/?page=11,Unknown,unknown,,Unknown,unknown
Qilin,2553,11,Db Tarimsal Enerji,Chemicals & Related Products,hxxp://www.dbtarimsalenerji.com.tr,"Jul 30, 2026",,,,hxxp://ijzn3sicrcy7guixkzjkib4ukbiilwc3xhnmby4mcbccnsd7j2rekvqd[.]onion/site/blog?uuid=307ffce1-021d-4e41-88d8-2e860203c0d0,hxxp://ijzn3sicrcy7guixkzjkib4ukbiilwc3xhnmby4mcbccnsd7j2rekvqd[.]onion/?page=11,Türkiye,domain_tld,Company URL uses the country-code domain suffix .tr; verify against headquarters evidence.,Medium,tld_inferred
Qilin,2552,11,Affinity Capital,Finance,hxxp://www.affinitycorp.net,"Jul 30, 2026",,,,hxxp://ijzn3sicrcy7guixkzjkib4ukbiilwc3xhnmby4mcbccnsd7j2rekvqd[.]onion/site/blog?uuid=64f4ee06-03dc-4857-a00d-db3d4fc4c9ab,hxxp://ijzn3sicrcy7guixkzjkib4ukbiilwc3xhnmby4mcbccnsd7j2rekvqd[.]onion/?page=11,Philippines,official_website,"SEC Registration: CS201910340 and MFD NO. 01201900293, combined with Tagalog text ('Investment ko, para sa kinabukasan ko!')",High,enriched
Qilin,2551,12,Excel Consultores,Business Services,hxxp://www.excel.com.mx,"Jul 30, 2026",,,,hxxp://ijzn3sicrcy7guixkzjkib4ukbiilwc3xhnmby4mcbccnsd7j2rekvqd[.]onion/site/blog?uuid=2d747df3-258f-4cf7-bb51-bac84535c9d5,hxxp://ijzn3sicrcy7guixkzjkib4ukbiilwc3xhnmby4mcbccnsd7j2rekvqd[.]onion/?page=12,Mexico,domain_tld,Company URL uses the country-code domain suffix .com.mx; verify against headquarters evidence.,Medium,tld_inferred
Qilin,2550,12,Prenisac,Construction,hxxp://www.prenisac.com,"Jul 30, 2026",,,,hxxp://ijzn3sicrcy7guixkzjkib4ukbiilwc3xhnmby4mcbccnsd7j2rekvqd[.]onion/site/blog?uuid=66939367-d4ce-4eb0-aee7-8b5f105e1a1e,hxxp://ijzn3sicrcy7guixkzjkib4ukbiilwc3xhnmby4mcbccnsd7j2rekvqd[.]onion/?page=12,Peru,official_website,PROYECTOS ENERGÉTICOS E INDUSTRIALES SAC – PRENISAC es una reconocida empresa peruana con amplia experiencia en proyectos de ingeniería,High,enriched
Qilin,2549,12,Byonyks,Manufacturing,hxxp://www.byonyks.com,"Jul 30, 2026",,,,hxxp://ijzn3sicrcy7guixkzjkib4ukbiilwc3xhnmby4mcbccnsd7j2rekvqd[.]onion/site/blog?uuid=a87b7c7e-0b27-4645-ab95-af9452a79966,hxxp://ijzn3sicrcy7guixkzjkib4ukbiilwc3xhnmby4mcbccnsd7j2rekvqd[.]onion/?page=12,Unknown,unknown,"The provided webpage text mentions 'Byonyks Global' with regions like U.S., South Asia, Middle East, East Africa, and Europe, but does not explicitly state the primary headquarters or registration country.",Unknown,unknown
Qilin,2548,12,Indian Motos Inmot,Automotive Parts,hxxp://www.inmot.com.ec,"Jul 30, 2026",,,,hxxp://ijzn3sicrcy7guixkzjkib4ukbiilwc3xhnmby4mcbccnsd7j2rekvqd[.]onion/site/blog?uuid=1c576d86-ae95-48bb-8449-5bb196395dfd,hxxp://ijzn3sicrcy7guixkzjkib4ukbiilwc3xhnmby4mcbccnsd7j2rekvqd[.]onion/?page=12,Ecuador,official_website,"The official website metadata and text explicitly reference 'Bajaj Ecuador', state coverage 'en todo el país', list prices in USD, provide an address 'Matriz Los Cipreces 4-15 y Ordoñez Lasso Cuenca, EC', and the domain uses the country-code top-level domain .ec.",High,enriched
Qilin,2547,12,Orimar,Business Services,hxxp://www.orimar.be,"Jul 30, 2026",,,,hxxp://ijzn3sicrcy7guixkzjkib4ukbiilwc3xhnmby4mcbccnsd7j2rekvqd[.]onion/site/blog?uuid=7447e2a7-f4db-466f-9f95-5b57cd5ae6d0,hxxp://ijzn3sicrcy7guixkzjkib4ukbiilwc3xhnmby4mcbccnsd7j2rekvqd[.]onion/?page=12,Belgium,domain_tld,Company URL uses the country-code domain suffix .be; verify against headquarters evidence.,Medium,tld_inferred
Qilin,2546,12,servitelco,Business Services,hxxp://www.servitelco.com,"Jul 30, 2026",,,,hxxp://ijzn3sicrcy7guixkzjkib4ukbiilwc3xhnmby4mcbccnsd7j2rekvqd[.]onion/site/blog?uuid=2e7b30b3-0b77-4c92-81f7-9cc3aedee74e,hxxp://ijzn3sicrcy7guixkzjkib4ukbiilwc3xhnmby4mcbccnsd7j2rekvqd[.]onion/?page=12,Unknown,unknown,"No official website metadata, address, or registration details were provided in the evidence to determine the company's country.",Unknown,unknown
Qilin,2544,12,Hoc,Freight & Logistics Services,hxxp://www.hocltd.com,"Jul 28, 2026",,,,hxxp://ijzn3sicrcy7guixkzjkib4ukbiilwc3xhnmby4mcbccnsd7j2rekvqd[.]onion/site/blog?uuid=7c2d8a4e-d317-43bb-9d60-257266a55f49,hxxp://ijzn3sicrcy7guixkzjkib4ukbiilwc3xhnmby4mcbccnsd7j2rekvqd[.]onion/?page=12,Unknown,unknown,No evidence or website text was provided to determine the headquarters or primary registration country of the company.,Unknown,unknown
Qilin,2543,12,Gran valle negocios,Real Estate,hxxp://www.granvallenegocios.com.ar,"Jul 28, 2026",,,,hxxp://ijzn3sicrcy7guixkzjkib4ukbiilwc3xhnmby4mcbccnsd7j2rekvqd[.]onion/site/blog?uuid=a830d214-9f13-4708-8f06-bf1c3021c973,hxxp://ijzn3sicrcy7guixkzjkib4ukbiilwc3xhnmby4mcbccnsd7j2rekvqd[.]onion/?page=12,Argentina,domain_tld,Company URL uses the country-code domain suffix .com.ar; verify against headquarters evidence.,Medium,tld_inferred
Qilin,2542,12,Groupe Fenwick,Business Services,hxxp://www.fenwick.fr,"Jul 27, 2026",107480,50.00 GB,50,hxxp://ijzn3sicrcy7guixkzjkib4ukbiilwc3xhnmby4mcbccnsd7j2rekvqd[.]onion/site/blog?uuid=6dc203a9-ec65-4df7-9c50-b58f1a1d1d10,hxxp://ijzn3sicrcy7guixkzjkib4ukbiilwc3xhnmby4mcbccnsd7j2rekvqd[.]onion/?page=12,France,domain_tld,Company URL uses the country-code domain suffix .fr; verify against headquarters evidence.,Medium,tld_inferred
Qilin,2541,12,Wilbert's,Automotive Parts,hxxp://www.wilberts.com,"Jul 27, 2026",,,,hxxp://ijzn3sicrcy7guixkzjkib4ukbiilwc3xhnmby4mcbccnsd7j2rekvqd[.]onion/site/blog?uuid=af6a747d-1fc7-42e2-a953-0c198cf49576,hxxp://ijzn3sicrcy7guixkzjkib4ukbiilwc3xhnmby4mcbccnsd7j2rekvqd[.]onion/?page=12,United States,official_website,"Addresses listed on the official website include locations in Williamson, NY; Bath, NY; Elma, NY; Webster, NY; Ontario, NY; Barberton, OH; and Hyde Park, NY, indicating operations in the United States.",High,enriched
Qilin,2539,12,Contacto Garantido,Finance,hxxp://www.contactogarantido.com,"Jul 26, 2026",,,,hxxp://ijzn3sicrcy7guixkzjkib4ukbiilwc3xhnmby4mcbccnsd7j2rekvqd[.]onion/site/blog?uuid=c80be6d9-9f48-4983-8d7d-a66e4387bdac,hxxp://ijzn3sicrcy7guixkzjkib4ukbiilwc3xhnmby4mcbccnsd7j2rekvqd[.]onion/?page=12,Unknown,unknown,,Unknown,unknown
Qilin,2538,12,Universitatea de Vest „Vasile Goldiș” din Arad,Education,hxxp://www.uvvg.ro,"Jul 26, 2026",52817,30.00 GB,30,hxxp://ijzn3sicrcy7guixkzjkib4ukbiilwc3xhnmby4mcbccnsd7j2rekvqd[.]onion/site/blog?uuid=1f231bbf-689b-4a64-be81-ee0b50e736ba,hxxp://ijzn3sicrcy7guixkzjkib4ukbiilwc3xhnmby4mcbccnsd7j2rekvqd[.]onion/?page=12,Romania,domain_tld,Company URL uses the country-code domain suffix .ro; verify against headquarters evidence.,Medium,tld_inferred
Qilin,2537,12,The Myers Y Cooper,Real Estate,hxxp://www.cooper-co.com,"Jul 25, 2026",,,,hxxp://ijzn3sicrcy7guixkzjkib4ukbiilwc3xhnmby4mcbccnsd7j2rekvqd[.]onion/site/blog?uuid=b98eaa24-6c8f-42d6-995b-a76643ad14f8,hxxp://ijzn3sicrcy7guixkzjkib4ukbiilwc3xhnmby4mcbccnsd7j2rekvqd[.]onion/?page=12,United States,official_website,"The company's official website states an address of 9301 Montgomery Road, Cincinnati, Ohio 45242, USA.",High,enriched
Qilin,2535,12,Jubilee Jobs,Non-Profit & Charitable Organizations,hxxp://www.jubileejobs.org,"Jul 25, 2026",206007,104.00 GB,104,hxxp://ijzn3sicrcy7guixkzjkib4ukbiilwc3xhnmby4mcbccnsd7j2rekvqd[.]onion/site/blog?uuid=c9ce6a7a-10db-4411-b267-a236127da0e2,hxxp://ijzn3sicrcy7guixkzjkib4ukbiilwc3xhnmby4mcbccnsd7j2rekvqd[.]onion/?page=12,United States,official_website,"The official website text provides a contact address located in Washington, DC: '2712 Ontario Rd. NW Washington, DC 20009', along with references to Washington DC and a US EIN number ('EIN #52-1248559').",High,enriched
Qilin,2534,12,Guntert & Zimmerman,Industrial Machinery & Equipment,hxxp://www.guntert.com,"Jul 25, 2026",49182,106.00 GB,106,hxxp://ijzn3sicrcy7guixkzjkib4ukbiilwc3xhnmby4mcbccnsd7j2rekvqd[.]onion/site/blog?uuid=fe0866f0-5661-4013-be19-98c2a0c1dfc6,hxxp://ijzn3sicrcy7guixkzjkib4ukbiilwc3xhnmby4mcbccnsd7j2rekvqd[.]onion/?page=12,United States,official_website,"Corporate Headquarters Guntert & Zimmerman Const. Div., Inc. 222 East Fourth Street Ripon, CA 95366 USA",High,enriched
Qilin,2533,12,Principle Diagnostics Laboratory,Healthcare Services,hxxp://www.principlediagnostics.com,"Jul 25, 2026",,,,hxxp://ijzn3sicrcy7guixkzjkib4ukbiilwc3xhnmby4mcbccnsd7j2rekvqd[.]onion/site/blog?uuid=5179ba1b-2046-4654-854b-eafbce6e6029,hxxp://ijzn3sicrcy7guixkzjkib4ukbiilwc3xhnmby4mcbccnsd7j2rekvqd[.]onion/?page=12,United States,official_website,"The official website metadata and text explicitly state the location as 'Bethlehem PA' and provide an address of '2550 Brodhead Road, Suite 105, Bethlehem, PA 18020', with a US telephone area code.",High,enriched
Qilin,2532,12,GURR Abdichtungstechnik GmbH,Construction,hxxp://www.gurr-abdichtungstechnik.de,"Jul 25, 2026",,,,hxxp://ijzn3sicrcy7guixkzjkib4ukbiilwc3xhnmby4mcbccnsd7j2rekvqd[.]onion/site/blog?uuid=51da3302-0532-4b68-b3ba-e2e281c1f263,hxxp://ijzn3sicrcy7guixkzjkib4ukbiilwc3xhnmby4mcbccnsd7j2rekvqd[.]onion/?page=12,Germany,domain_tld,Company URL uses the country-code domain suffix .de; verify against headquarters evidence.,Medium,tld_inferred
Qilin,2529,12,Highline Community College,Education,hxxp://www.highline.edu,"Jul 24, 2026",,,,hxxp://ijzn3sicrcy7guixkzjkib4ukbiilwc3xhnmby4mcbccnsd7j2rekvqd[.]onion/site/blog?uuid=67e53658-cf53-4b9d-a2df-a6b7a9361416,hxxp://ijzn3sicrcy7guixkzjkib4ukbiilwc3xhnmby4mcbccnsd7j2rekvqd[.]onion/?page=12,United States,model_inference,"The institution is Highline College (formerly Highline Community College) with references to FAFSA, WASFA, Running Start, and regional locations such as Federal Way, indicating a US-based community college.",High,enriched
Qilin,2528,12,Kean University,Education,hxxp://www.kean.edu,"Jul 24, 2026",,,,hxxp://ijzn3sicrcy7guixkzjkib4ukbiilwc3xhnmby4mcbccnsd7j2rekvqd[.]onion/site/blog?uuid=9f76650e-5eea-4165-9e20-b375488e9ec6,hxxp://ijzn3sicrcy7guixkzjkib4ukbiilwc3xhnmby4mcbccnsd7j2rekvqd[.]onion/?page=12,United States,official_website,"Kean University 1000 Morris Avenue Union, New Jersey 07083; Just minutes from New York City; U.S. News & World Report ranks Kean",High,enriched
Qilin,2527,12,Ejército Argentino,Government,hxxp://www.argentina.gob.ar/defensa/ejercito,"Jul 24, 2026",,,,hxxp://ijzn3sicrcy7guixkzjkib4ukbiilwc3xhnmby4mcbccnsd7j2rekvqd[.]onion/site/blog?uuid=757f6332-ec5a-48e7-8be4-25d31d651506,hxxp://ijzn3sicrcy7guixkzjkib4ukbiilwc3xhnmby4mcbccnsd7j2rekvqd[.]onion/?page=12,Argentina,domain_tld,Company URL uses the country-code domain suffix .ar; verify against headquarters evidence.,Medium,tld_inferred
Qilin,2526,13,ABM Enviro,Industrial Machinery & Equipment,hxxp://www.abmenviro.ca,"Jul 23, 2026",316082,264.00 GB,264,hxxp://ijzn3sicrcy7guixkzjkib4ukbiilwc3xhnmby4mcbccnsd7j2rekvqd[.]onion/site/blog?uuid=9f71de4a-ee6f-4382-8148-85ab3c440fc4,hxxp://ijzn3sicrcy7guixkzjkib4ukbiilwc3xhnmby4mcbccnsd7j2rekvqd[.]onion/?page=13,Canada,domain_tld,Company URL uses the country-code domain suffix .ca; verify against headquarters evidence.,Medium,tld_inferred
Qilin,2525,13,Machinerie P&W,Industrial Machinery & Equipment,hxxp://www.machineriepw.com,"Jul 23, 2026",1298493,668.00 GB,668,hxxp://ijzn3sicrcy7guixkzjkib4ukbiilwc3xhnmby4mcbccnsd7j2rekvqd[.]onion/site/blog?uuid=68dd90a8-fe7d-405a-87c8-b8d660c18154,hxxp://ijzn3sicrcy7guixkzjkib4ukbiilwc3xhnmby4mcbccnsd7j2rekvqd[.]onion/?page=13,Unknown,unknown,,Unknown,unknown
Qilin,2524,13,Maui Divers Jewelry,Manufacturing,hxxp://www.mauidivers.com,"Jul 23, 2026",61540,206.00 GB,206,hxxp://ijzn3sicrcy7guixkzjkib4ukbiilwc3xhnmby4mcbccnsd7j2rekvqd[.]onion/site/blog?uuid=1d525214-bd75-4cd9-bc4d-0718003410ab,hxxp://ijzn3sicrcy7guixkzjkib4ukbiilwc3xhnmby4mcbccnsd7j2rekvqd[.]onion/?page=13,United States,official_website,"The website text repeatedly references Hawaiʻi ('Made in Hawaiʻi Since 1959', 'Hawaiʻi's original black coral & Hawaiian Heirloom jewelry maker', US phone area code 808, and USD currency).",High,enriched
Qilin,2523,13,WellPerf,"Energy, Utilities & Waste",hxxp://www.wellperf.com,"Jul 23, 2026",32516,56.00 GB,56,hxxp://ijzn3sicrcy7guixkzjkib4ukbiilwc3xhnmby4mcbccnsd7j2rekvqd[.]onion/site/blog?uuid=e03a3141-5643-405c-98b0-29735f95c049,hxxp://ijzn3sicrcy7guixkzjkib4ukbiilwc3xhnmby4mcbccnsd7j2rekvqd[.]onion/?page=13,Ecuador,official_website,"The website explicitly states 'WELL PERFORATING SERVICES ECUADOR', describes itself as an 'Empresa ecuatoriana', mentions 'WellPerf Ecuador SA., empresa ecuatoriana que inicia sus operaciones en 2017', and provides a physical address in Quito, Ecuador.",High,enriched
Qilin,2522,13,AppleOne Properties,Construction,hxxp://www.api.com.ph,"Jul 23, 2026",,,,hxxp://ijzn3sicrcy7guixkzjkib4ukbiilwc3xhnmby4mcbccnsd7j2rekvqd[.]onion/site/blog?uuid=b270fcbc-a829-4d7e-8261-079a785eb8c6,hxxp://ijzn3sicrcy7guixkzjkib4ukbiilwc3xhnmby4mcbccnsd7j2rekvqd[.]onion/?page=13,Philippines,domain_tld,Company URL uses the country-code domain suffix .ph; verify against headquarters evidence.,Medium,tld_inferred
Qilin,2521,13,Triton Trading,Industrial Machinery & Equipment,hxxp://www.triton.com.pe,"Jul 23, 2026",3646,7.00 GB,7,hxxp://ijzn3sicrcy7guixkzjkib4ukbiilwc3xhnmby4mcbccnsd7j2rekvqd[.]onion/site/blog?uuid=4e3a4d8c-18f4-4c90-9ae8-f0ce5e5b4240,hxxp://ijzn3sicrcy7guixkzjkib4ukbiilwc3xhnmby4mcbccnsd7j2rekvqd[.]onion/?page=13,Peru,official_website,The company URL uses the country code top-level domain for Peru (.com.pe).,Medium,enriched
Qilin,2520,13,Cano Industrial,Chemicals & Related Products,hxxp://www.canoindustrial.com,"Jul 23, 2026",4869,4.00 GB,4,hxxp://ijzn3sicrcy7guixkzjkib4ukbiilwc3xhnmby4mcbccnsd7j2rekvqd[.]onion/site/blog?uuid=ac01a7e7-945f-4740-b07a-3218ec95cf4a,hxxp://ijzn3sicrcy7guixkzjkib4ukbiilwc3xhnmby4mcbccnsd7j2rekvqd[.]onion/?page=13,Dominican Republic,official_website,"Calle Parque Industrial Cayacoa, Km 18 Autopista Duarte, Santo Domingo, República Dominicana",High,enriched
Qilin,2519,13,Assos Pharmaceuticals,Manufacturing,hxxp://www.assospharma.com,"Jul 23, 2026",7829,19.00 GB,19,hxxp://ijzn3sicrcy7guixkzjkib4ukbiilwc3xhnmby4mcbccnsd7j2rekvqd[.]onion/site/blog?uuid=8c8cccb7-9d6a-4de1-9d66-15e6d05003a1,hxxp://ijzn3sicrcy7guixkzjkib4ukbiilwc3xhnmby4mcbccnsd7j2rekvqd[.]onion/?page=13,Turkey,official_website,"The official website metadata and text contain explicit references in Turkish ('Türk tıbbının', 'Assos İlaç Kimya Gıda Ürünleri Üretim ve Ticaret A.Ş.') indicating its operations and legal entity registration in Turkey.",High,enriched
Qilin,2518,13,Corporate 360 Business Solutions,Business Services,hxxp://www.corporate360.ca,"Jul 23, 2026",,,,hxxp://ijzn3sicrcy7guixkzjkib4ukbiilwc3xhnmby4mcbccnsd7j2rekvqd[.]onion/site/blog?uuid=4f767c19-c479-4511-899e-576a437a7409,hxxp://ijzn3sicrcy7guixkzjkib4ukbiilwc3xhnmby4mcbccnsd7j2rekvqd[.]onion/?page=13,Canada,domain_tld,Company URL uses the country-code domain suffix .ca; verify against headquarters evidence.,Medium,tld_inferred
Qilin,2517,13,Sunway Berhad,Real Estate,hxxp://www.sunway.com.my,"Jul 23, 2026",,,,hxxp://ijzn3sicrcy7guixkzjkib4ukbiilwc3xhnmby4mcbccnsd7j2rekvqd[.]onion/site/blog?uuid=29c74989-187f-43cd-a8bf-c3d3adfd8b78,hxxp://ijzn3sicrcy7guixkzjkib4ukbiilwc3xhnmby4mcbccnsd7j2rekvqd[.]onion/?page=13,Malaysia,domain_tld,Company URL uses the country-code domain suffix .com.my; verify against headquarters evidence.,Medium,tld_inferred
Qilin,2516,13,P & A Construction,Civil Engineering Construction,hxxp://www.paconst.com,"Jul 22, 2026",97322,188.00 GB,188,hxxp://ijzn3sicrcy7guixkzjkib4ukbiilwc3xhnmby4mcbccnsd7j2rekvqd[.]onion/site/blog?uuid=e3c69462-969a-4bfd-8992-06497d92921c,hxxp://ijzn3sicrcy7guixkzjkib4ukbiilwc3xhnmby4mcbccnsd7j2rekvqd[.]onion/?page=13,Unknown,unknown,"No official website metadata, contact address, or registry information was provided in the evidence to determine the country of P & A Construction.",Unknown,unknown
Qilin,2515,13,Power Funding,Finance,hxxp://www.powerfundingltd.com,"Jul 22, 2026",0,350.00 GB,350,hxxp://ijzn3sicrcy7guixkzjkib4ukbiilwc3xhnmby4mcbccnsd7j2rekvqd[.]onion/site/blog?uuid=2bc4c5e5-464a-43e9-91d6-0b83d1a14000,hxxp://ijzn3sicrcy7guixkzjkib4ukbiilwc3xhnmby4mcbccnsd7j2rekvqd[.]onion/?page=13,Unknown,unknown,No evidence or webpage text was provided regarding the company's headquarters or registration country beyond its name and .com URL.,Unknown,unknown
Qilin,2513,13,Salida Union School District,Education,hxxp://www.salida.k12.ca.us,"Jul 22, 2026",,,,hxxp://ijzn3sicrcy7guixkzjkib4ukbiilwc3xhnmby4mcbccnsd7j2rekvqd[.]onion/site/blog?uuid=faf2030b-b0df-4f52-98f9-3931b91b2ad1,hxxp://ijzn3sicrcy7guixkzjkib4ukbiilwc3xhnmby4mcbccnsd7j2rekvqd[.]onion/?page=13,United States,domain_tld,Company URL uses the country-code domain suffix .us; verify against headquarters evidence.,Medium,tld_inferred
Qilin,2512,13,Recsa,Business Services,hxxp://www.recsa.com,"Jul 22, 2026",,,,hxxp://ijzn3sicrcy7guixkzjkib4ukbiilwc3xhnmby4mcbccnsd7j2rekvqd[.]onion/site/blog?uuid=78113ab7-502b-474e-b2fc-50a62d9ecf5b,hxxp://ijzn3sicrcy7guixkzjkib4ukbiilwc3xhnmby4mcbccnsd7j2rekvqd[.]onion/?page=13,Unknown,unknown,"The provided evidence contains only the company name, sector, URL, and dark web listing details. No official website metadata, headquarters address, or registration country is present in the evidence.",Unknown,unknown
Qilin,2511,13,Primeline Logistics,Freight & Logistics Services,hxxp://www.primeline.ie,"Jul 22, 2026",,,,hxxp://ijzn3sicrcy7guixkzjkib4ukbiilwc3xhnmby4mcbccnsd7j2rekvqd[.]onion/site/blog?uuid=165c4546-86f3-4ac8-a44f-3e5c9c4b8862,hxxp://ijzn3sicrcy7guixkzjkib4ukbiilwc3xhnmby4mcbccnsd7j2rekvqd[.]onion/?page=13,Ireland,domain_tld,Company URL uses the country-code domain suffix .ie; verify against headquarters evidence.,Medium,tld_inferred
Qilin,2510,13,Infina Health,Ambulance Services,hxxp://www.infinahealth.com,"Jul 22, 2026",,,,hxxp://ijzn3sicrcy7guixkzjkib4ukbiilwc3xhnmby4mcbccnsd7j2rekvqd[.]onion/site/blog?uuid=ae1065e8-9247-4660-8f32-4e7d25fc4f10,hxxp://ijzn3sicrcy7guixkzjkib4ukbiilwc3xhnmby4mcbccnsd7j2rekvqd[.]onion/?page=13,United States,official_website,"Infina Health provides medical transportation services including emergency, non-emergency, wheelchair, and stretcher transport in Pennsylvania. Pennsylvania families trust Infina Health...",High,enriched
Qilin,2509,13,EFU Life Assurance,Insurance,hxxp://www.efulife.com,"Jul 22, 2026",,,,hxxp://ijzn3sicrcy7guixkzjkib4ukbiilwc3xhnmby4mcbccnsd7j2rekvqd[.]onion/site/blog?uuid=70799fe1-ba67-406c-bebb-226b73e2c1fc,hxxp://ijzn3sicrcy7guixkzjkib4ukbiilwc3xhnmby4mcbccnsd7j2rekvqd[.]onion/?page=13,Pakistan,official_website,"Leading Life, Health and Family Takaful Operator in Pakistan | EFU Life",High,enriched
Qilin,2508,13,Cpcg,Business Services,hxxp://www.cpcgr.com,"Jul 22, 2026",,,,hxxp://ijzn3sicrcy7guixkzjkib4ukbiilwc3xhnmby4mcbccnsd7j2rekvqd[.]onion/site/blog?uuid=d5db2e06-b2a3-405f-8354-3783d5e308a1,hxxp://ijzn3sicrcy7guixkzjkib4ukbiilwc3xhnmby4mcbccnsd7j2rekvqd[.]onion/?page=13,Unknown,unknown,,Unknown,unknown
Qilin,2507,13,Evergreen Title,Insurance,hxxp://www.evergreentitlecompany.com,"Jul 21, 2026",303130,161.00 GB,161,hxxp://ijzn3sicrcy7guixkzjkib4ukbiilwc3xhnmby4mcbccnsd7j2rekvqd[.]onion/site/blog?uuid=3a2be923-3c7d-48b9-aa44-380fc15b5215,hxxp://ijzn3sicrcy7guixkzjkib4ukbiilwc3xhnmby4mcbccnsd7j2rekvqd[.]onion/?page=13,United States,official_website,"The company is located in Annandale, VA (Virginia), serving Virginia, Washington D.C., and Maryland, with a contact address showing Annandale, VA 22003, indicating the United States.",High,enriched
Qilin,2506,13,RehaVital Gesundheitsservice GmbH,0,hxxp://www.rehavital.de,"Jul 21, 2026",316089,735.00 GB,735,hxxp://ijzn3sicrcy7guixkzjkib4ukbiilwc3xhnmby4mcbccnsd7j2rekvqd[.]onion/site/blog?uuid=0a73be27-9f34-45d8-b63d-c4a0a0157f9d,hxxp://ijzn3sicrcy7guixkzjkib4ukbiilwc3xhnmby4mcbccnsd7j2rekvqd[.]onion/?page=13,Germany,domain_tld,Company URL uses the country-code domain suffix .de; verify against headquarters evidence.,Medium,tld_inferred
Qilin,2505,14,Postres Reina,Food & Beverage,hxxp://www.postresreina.com,"Jul 21, 2026",,,,hxxp://ijzn3sicrcy7guixkzjkib4ukbiilwc3xhnmby4mcbccnsd7j2rekvqd[.]onion/site/blog?uuid=48655caf-4585-42fd-9ab0-386475bc0c00,hxxp://ijzn3sicrcy7guixkzjkib4ukbiilwc3xhnmby4mcbccnsd7j2rekvqd[.]onion/?page=14,Spain,official_website,"Postres Reina Polígono Industrial Venta Cavila Caravaca de la Cruz 30400- Murcia,España",High,enriched
Qilin,2504,14,Five Star Sheets,Manufacturing,hxxp://www.fivestarsheets.com,"Jul 20, 2026",66448,41.00 GB,41,hxxp://ijzn3sicrcy7guixkzjkib4ukbiilwc3xhnmby4mcbccnsd7j2rekvqd[.]onion/site/blog?uuid=46c034cd-c4a3-4124-b93a-35c73f21abdf,hxxp://ijzn3sicrcy7guixkzjkib4ukbiilwc3xhnmby4mcbccnsd7j2rekvqd[.]onion/?page=14,United States,official_website,"54370 Smilax Road New Carlisle, IN 46552 (Indiana, US states mentioned: IL, IN, MI, WI, OH, KY)",High,enriched
Qilin,2503,14,Bolt & Nut Manufacturing,Industrial Machinery & Equipment,hxxp://www.bnml.co.uk,"Jul 20, 2026",298501,516.00 GB,516,hxxp://ijzn3sicrcy7guixkzjkib4ukbiilwc3xhnmby4mcbccnsd7j2rekvqd[.]onion/site/blog?uuid=055bff03-344a-4bdb-901b-6b98520d47cd,hxxp://ijzn3sicrcy7guixkzjkib4ukbiilwc3xhnmby4mcbccnsd7j2rekvqd[.]onion/?page=14,United Kingdom,domain_tld,Company URL uses the country-code domain suffix .co.uk; verify against headquarters evidence.,Medium,tld_inferred
Qilin,2502,14,Synergy Products,Home Improvement & Hardware Retail,hxxp://www.synergy-trt.com,"Jul 19, 2026",,,,hxxp://ijzn3sicrcy7guixkzjkib4ukbiilwc3xhnmby4mcbccnsd7j2rekvqd[.]onion/site/blog?uuid=1b6eeb3c-9231-44bf-ab8b-16c3eb7e2284,hxxp://ijzn3sicrcy7guixkzjkib4ukbiilwc3xhnmby4mcbccnsd7j2rekvqd[.]onion/?page=14,United States,official_website,"Showroom addresses listed as 'Eden Prairie Showroom 7176 Shady Oak Rd. Eden Prairie, MN 55344' and 'Baxter Showroom 15620 Edgewood Dr. Suite #245 Baxter, MN 56425' with US area codes and state abbreviation MN.",High,enriched
Qilin,2501,14,Eana,Business Services,hxxp://www.eana.com.ar,"Jul 19, 2026",12656,15.00 GB,15,hxxp://ijzn3sicrcy7guixkzjkib4ukbiilwc3xhnmby4mcbccnsd7j2rekvqd[.]onion/site/blog?uuid=ea827c06-3e50-4215-b031-385307e23c22,hxxp://ijzn3sicrcy7guixkzjkib4ukbiilwc3xhnmby4mcbccnsd7j2rekvqd[.]onion/?page=14,Argentina,domain_tld,Company URL uses the country-code domain suffix .com.ar; verify against headquarters evidence.,Medium,tld_inferred
Qilin,2499,14,Associated Theatrical Contractors,Hospitality,hxxp://www.associatedtheatrical.com,"Jul 19, 2026",5168,21.00 GB,21,hxxp://ijzn3sicrcy7guixkzjkib4ukbiilwc3xhnmby4mcbccnsd7j2rekvqd[.]onion/site/blog?uuid=d5df444b-e533-4535-9797-08f40baf4f0b,hxxp://ijzn3sicrcy7guixkzjkib4ukbiilwc3xhnmby4mcbccnsd7j2rekvqd[.]onion/?page=14,United States,official_website,"Meta description and contact information reference Springfield, MO (Missouri), along with a US telephone area code (417) and address: 451 S. Union Ave. Springfield, MO 65802.",High,enriched
Qilin,2498,14,Don Tortaco Mexican Grill,Hospitality,hxxp://www.dontortaco.com,"Jul 19, 2026",8716,20.00 GB,20,hxxp://ijzn3sicrcy7guixkzjkib4ukbiilwc3xhnmby4mcbccnsd7j2rekvqd[.]onion/site/blog?uuid=41fcdb99-7cf5-4296-9690-fc9938f213c0,hxxp://ijzn3sicrcy7guixkzjkib4ukbiilwc3xhnmby4mcbccnsd7j2rekvqd[.]onion/?page=14,United States,official_website,"The official website text explicitly states that Apolinar Ibarra established the business in Las Vegas, Nevada with a total of 21 locations.",High,enriched
Qilin,2497,14,Famesa,Business Services,hxxp://www.famesa.com.pe,"Jul 19, 2026",30029,64.00 GB,64,hxxp://ijzn3sicrcy7guixkzjkib4ukbiilwc3xhnmby4mcbccnsd7j2rekvqd[.]onion/site/blog?uuid=319f4978-5d69-49df-a821-e9debceb58af,hxxp://ijzn3sicrcy7guixkzjkib4ukbiilwc3xhnmby4mcbccnsd7j2rekvqd[.]onion/?page=14,Peru,official_website,"The company URL ends with the country-code top-level domain .com.pe, which indicates registration in Peru.",Medium,enriched
Qilin,2496,14,City Ambulance Service,Healthcare Services,hxxp://www.cityambu.com,"Jul 19, 2026",1487,14.00 GB,14,hxxp://ijzn3sicrcy7guixkzjkib4ukbiilwc3xhnmby4mcbccnsd7j2rekvqd[.]onion/site/blog?uuid=9a5b2562-d3a3-4b7a-b2fa-2624534ed258,hxxp://ijzn3sicrcy7guixkzjkib4ukbiilwc3xhnmby4mcbccnsd7j2rekvqd[.]onion/?page=14,Unknown,unknown,"No official website metadata, address, registration, or explicit location evidence was supplied in the provided data to determine the company's headquarters or registration country.",Unknown,unknown
Qilin,2495,14,The Nueva School,Education,hxxp://www.nuevaschool.org,"Jul 18, 2026",117586,74.00 GB,74,hxxp://ijzn3sicrcy7guixkzjkib4ukbiilwc3xhnmby4mcbccnsd7j2rekvqd[.]onion/site/blog?uuid=f5d63ec4-a191-4de4-a6d1-f0fa52fba59e,hxxp://ijzn3sicrcy7guixkzjkib4ukbiilwc3xhnmby4mcbccnsd7j2rekvqd[.]onion/?page=14,United States,model_inference,"The text references US-centric educational terms and structure (PreK-12, college counseling, upper/middle/lower school), but lacks explicit address or country data in the snippet; based on general knowledge associated with The Nueva School (Bay Area, California).",Medium,enriched
Qilin,2494,14,St Martha Catholic Church,Non-Profit & Charitable Organizations,hxxp://www.stmartha.com,"Jul 18, 2026",50910,25.00 GB,25,hxxp://ijzn3sicrcy7guixkzjkib4ukbiilwc3xhnmby4mcbccnsd7j2rekvqd[.]onion/site/blog?uuid=be920d01-1289-47d4-a4da-8ebf156a33ad,hxxp://ijzn3sicrcy7guixkzjkib4ukbiilwc3xhnmby4mcbccnsd7j2rekvqd[.]onion/?page=14,Unknown,unknown,"The provided evidence contains only the company name, sector, URL, and dark leak site metadata, but no official webpage text or explicit headquarters/address information.",Unknown,unknown
Qilin,2493,14,Salina Supply,Home Improvement & Hardware Retail,hxxp://www.salinasupply.com,"Jul 18, 2026",47,"52,602.00 GB",52602,hxxp://ijzn3sicrcy7guixkzjkib4ukbiilwc3xhnmby4mcbccnsd7j2rekvqd[.]onion/site/blog?uuid=336e1eea-cc38-4572-938d-8f80895e769e,hxxp://ijzn3sicrcy7guixkzjkib4ukbiilwc3xhnmby4mcbccnsd7j2rekvqd[.]onion/?page=14,United States,official_website,"We are proud to serve contractors, municipalities, rural water districts and individuals in the western two-thirds of Kansas.",High,enriched
Qilin,2488,14,AK Preparedness,Building Materials,hxxp://www.akpreparedness.com,"Jul 18, 2026",80843,236.00 GB,236,hxxp://ijzn3sicrcy7guixkzjkib4ukbiilwc3xhnmby4mcbccnsd7j2rekvqd[.]onion/site/blog?uuid=ce1a0a64-9560-4bbf-8489-b0af28ec8fad,hxxp://ijzn3sicrcy7guixkzjkib4ukbiilwc3xhnmby4mcbccnsd7j2rekvqd[.]onion/?page=14,United States,official_website,"Corporate Office (Seattle) and multiple US city offices (Chicago, Dallas, Houston, Los Angeles, New York, Washington DC) with US telephone area codes.",High,enriched
Qilin,2487,14,Droguería Martorani,Drug Stores & Pharmacies,hxxp://www.martorani.com,"Jul 17, 2026",,,,hxxp://ijzn3sicrcy7guixkzjkib4ukbiilwc3xhnmby4mcbccnsd7j2rekvqd[.]onion/site/blog?uuid=cddad5ee-72f3-48fd-9310-4858484d5f59,hxxp://ijzn3sicrcy7guixkzjkib4ukbiilwc3xhnmby4mcbccnsd7j2rekvqd[.]onion/?page=14,Argentina,official_website,"Contact address lists 'Av. del Campo 1178, Cdad. Autónoma de Buenos Aires' and email addresses use the .ar top-level domain.",High,enriched
Qilin,2486,14,Mountain Rheumatology,0,hxxp://www.mountainrheumatology.com,"Jul 17, 2026",,,,hxxp://ijzn3sicrcy7guixkzjkib4ukbiilwc3xhnmby4mcbccnsd7j2rekvqd[.]onion/site/blog?uuid=7bd70b1f-0098-4b3e-9863-acf22e1cf1f2,hxxp://ijzn3sicrcy7guixkzjkib4ukbiilwc3xhnmby4mcbccnsd7j2rekvqd[.]onion/?page=14,United States,official_website,"Visible text contains address '4500 E 9th Ave. Ste 500 S Denver, CO 80220', indicating a location in Colorado, United States.",High,enriched
Qilin,2484,14,Powder River Heating & Air Conditioning,Construction,hxxp://www.powderriverheating.com,"Jul 17, 2026",,,,hxxp://ijzn3sicrcy7guixkzjkib4ukbiilwc3xhnmby4mcbccnsd7j2rekvqd[.]onion/site/blog?uuid=7e150d05-bd34-404d-8824-a10358840d67,hxxp://ijzn3sicrcy7guixkzjkib4ukbiilwc3xhnmby4mcbccnsd7j2rekvqd[.]onion/?page=14,United States,official_website,"Website metadata and visible text explicitly mention locations in Gillette, Buffalo, and Sheridan, WY, and states 'proudly owned and operated in Wyoming, serving the communities of Gillette, Buffalo, and Sheridan, WY.'",High,enriched
Qilin,2483,14,Acosol,"Energy, Utilities & Waste",hxxp://www.acosol.es,"Jul 17, 2026",,,,hxxp://ijzn3sicrcy7guixkzjkib4ukbiilwc3xhnmby4mcbccnsd7j2rekvqd[.]onion/site/blog?uuid=06db273a-dad1-49d1-98ea-f59c947de0b6,hxxp://ijzn3sicrcy7guixkzjkib4ukbiilwc3xhnmby4mcbccnsd7j2rekvqd[.]onion/?page=14,Spain,domain_tld,Company URL uses the country-code domain suffix .es; verify against headquarters evidence.,Medium,tld_inferred
Qilin,2482,14,Feliubadaló,Grocery Retail,hxxp://www.feliubadalo.com,"Jul 15, 2026",,,,hxxp://ijzn3sicrcy7guixkzjkib4ukbiilwc3xhnmby4mcbccnsd7j2rekvqd[.]onion/site/blog?uuid=cd9a8829-4c6d-4835-82c5-58dedb507d9a,hxxp://ijzn3sicrcy7guixkzjkib4ukbiilwc3xhnmby4mcbccnsd7j2rekvqd[.]onion/?page=14,Unknown,unknown,"No official website metadata, address, or registration details were supplied in the evidence to determine the company's headquarters.",Unknown,unknown
Qilin,2481,14,Levin Furniture,Furniture,hxxp://www.levinfurniture.com,"Jul 15, 2026",,,,hxxp://ijzn3sicrcy7guixkzjkib4ukbiilwc3xhnmby4mcbccnsd7j2rekvqd[.]onion/site/blog?uuid=21fe1d79-9687-4b3e-8646-659c19380a51,hxxp://ijzn3sicrcy7guixkzjkib4ukbiilwc3xhnmby4mcbccnsd7j2rekvqd[.]onion/?page=14,United States,official_website,"Meta description and text mention stores in Pennsylvania and Ohio, including Smithton Distribution Center at 301 Fitz Henry Road, Smithton, Pennsylvania 15479.",High,enriched
Qilin,2480,14,THL,Finance,hxxp://www.thl.com,"Jul 14, 2026",,,,hxxp://ijzn3sicrcy7guixkzjkib4ukbiilwc3xhnmby4mcbccnsd7j2rekvqd[.]onion/site/blog?uuid=725b3a94-7ea7-46f1-bba6-64aebadbe876,hxxp://ijzn3sicrcy7guixkzjkib4ukbiilwc3xhnmby4mcbccnsd7j2rekvqd[.]onion/?page=14,United States,official_website,"BOSTON – July 25, 2026 – THL Partners (""THL""), a premier private equity firm investing in middle-market growth companies, today announced...",Medium,enriched
Qilin,2479,15,Retelit SpA PIVA,Accounting Services,hxxps://www.retelit.it/,"Jul 14, 2026",247000,0.00 KB,0,hxxp://ijzn3sicrcy7guixkzjkib4ukbiilwc3xhnmby4mcbccnsd7j2rekvqd[.]onion/site/blog?uuid=6c4fcaba-e200-43ea-b48b-6e4c03337b27,hxxp://ijzn3sicrcy7guixkzjkib4ukbiilwc3xhnmby4mcbccnsd7j2rekvqd[.]onion/?page=15,Italy,domain_tld,Company URL uses the country-code domain suffix .it; verify against headquarters evidence.,Medium,tld_inferred
Qilin,2478,15,Sedemi,Civil Engineering Construction,hxxp://www.sedemi.com,"Jul 14, 2026",,,,hxxp://ijzn3sicrcy7guixkzjkib4ukbiilwc3xhnmby4mcbccnsd7j2rekvqd[.]onion/site/blog?uuid=44c613b3-9f46-4e31-a76b-0af290178914,hxxp://ijzn3sicrcy7guixkzjkib4ukbiilwc3xhnmby4mcbccnsd7j2rekvqd[.]onion/?page=15,Ecuador,official_website,"The official website metadata and text explicitly state 'SEDEMI Constructora en Ecuador' and show multiple contact telephone numbers with the Ecuador country calling code (+593), as well as a 'RUC' tax identification field in the contact form.",High,enriched
Qilin,2477,15,Busscar de Colombia,Manufacturing,hxxp://www.busscar.com.co,"Jul 13, 2026",,,,hxxp://ijzn3sicrcy7guixkzjkib4ukbiilwc3xhnmby4mcbccnsd7j2rekvqd[.]onion/site/blog?uuid=739597b2-88ff-44af-aa22-97024c934e43,hxxp://ijzn3sicrcy7guixkzjkib4ukbiilwc3xhnmby4mcbccnsd7j2rekvqd[.]onion/?page=15,Colombia,official_website,"Dirección Km. 14 vía Pereira - Cerritos Pereira, Risaralda, Colombia",High,enriched
Qilin,2476,15,Cemoi,Food & Beverage,hxxp://www.cemoi.fr,"Jul 13, 2026",,,,hxxp://ijzn3sicrcy7guixkzjkib4ukbiilwc3xhnmby4mcbccnsd7j2rekvqd[.]onion/site/blog?uuid=e8b95ada-bcb2-4c2b-b537-2f74f12972bd,hxxp://ijzn3sicrcy7guixkzjkib4ukbiilwc3xhnmby4mcbccnsd7j2rekvqd[.]onion/?page=15,France,domain_tld,Company URL uses the country-code domain suffix .fr; verify against headquarters evidence.,Medium,tld_inferred
Qilin,2475,15,Jakub A.S.,Business Services,hxxp://www.jakub.cz,"Jul 13, 2026",,,,hxxp://ijzn3sicrcy7guixkzjkib4ukbiilwc3xhnmby4mcbccnsd7j2rekvqd[.]onion/site/blog?uuid=95e521da-d152-4254-b3a5-d5446ff557c0,hxxp://ijzn3sicrcy7guixkzjkib4ukbiilwc3xhnmby4mcbccnsd7j2rekvqd[.]onion/?page=15,Czechia,domain_tld,Company URL uses the country-code domain suffix .cz; verify against headquarters evidence.,Medium,tld_inferred
Qilin,2474,15,Centro Científico e Cultural de Macau,Hospitality,hxxp://www.cccm.gov.pt,"Jul 13, 2026",,,,hxxp://ijzn3sicrcy7guixkzjkib4ukbiilwc3xhnmby4mcbccnsd7j2rekvqd[.]onion/site/blog?uuid=0ed24c43-1ad9-440f-acb4-4e2703aa4523,hxxp://ijzn3sicrcy7guixkzjkib4ukbiilwc3xhnmby4mcbccnsd7j2rekvqd[.]onion/?page=15,Portugal,domain_tld,Company URL uses the country-code domain suffix .pt; verify against headquarters evidence.,Medium,tld_inferred
Qilin,2473,15,Counts & Dobyns,Civil Engineering Construction,hxxp://www.countsanddobyns.com,"Jul 13, 2026",,,,hxxp://ijzn3sicrcy7guixkzjkib4ukbiilwc3xhnmby4mcbccnsd7j2rekvqd[.]onion/site/blog?uuid=b473596d-9864-4a3e-b518-848362cbcb4f,hxxp://ijzn3sicrcy7guixkzjkib4ukbiilwc3xhnmby4mcbccnsd7j2rekvqd[.]onion/?page=15,United States,official_website,"Counts and Dobyns, Inc. 37 Leland Road, Rustburg, VA 24588; Central Virginia region; State of Virginia",High,enriched
Qilin,2472,15,Hillebrand Home Health,0,hxxp://www.hillebrandhomehealth.com,"Jul 13, 2026",,,,hxxp://ijzn3sicrcy7guixkzjkib4ukbiilwc3xhnmby4mcbccnsd7j2rekvqd[.]onion/site/blog?uuid=8e67cc56-c717-453f-b94c-f1a6b99766a7,hxxp://ijzn3sicrcy7guixkzjkib4ukbiilwc3xhnmby4mcbccnsd7j2rekvqd[.]onion/?page=15,Unknown,unknown,,Unknown,unknown
Qilin,2471,15,URH Hoteliers,Hospitality,hxxp://www.urh-hoteliers.com,"Jul 13, 2026",,,,hxxp://ijzn3sicrcy7guixkzjkib4ukbiilwc3xhnmby4mcbccnsd7j2rekvqd[.]onion/site/blog?uuid=184d06d6-c5b8-4ac9-82f0-b7febaf5eb0f,hxxp://ijzn3sicrcy7guixkzjkib4ukbiilwc3xhnmby4mcbccnsd7j2rekvqd[.]onion/?page=15,Spain,official_website,"Meta description and text explicitly state the hotels are located in regions of Spain: Cataluña, Asturias, País Vasco, and Andalucía.",High,enriched
Qilin,2470,15,"TitanTV, Inc.",Business Services,hxxp://www.titantvinc.com,"Jul 13, 2026",,,,hxxp://ijzn3sicrcy7guixkzjkib4ukbiilwc3xhnmby4mcbccnsd7j2rekvqd[.]onion/site/blog?uuid=bc461bc1-70b4-4976-b6e6-6c0c4bf8cc8e,hxxp://ijzn3sicrcy7guixkzjkib4ukbiilwc3xhnmby4mcbccnsd7j2rekvqd[.]onion/?page=15,United States,official_website,"TitanTV, Inc. 300 Collins Road NE, Suite B Cedar Rapids, IA 52402",High,enriched
Qilin,2469,15,Danone (International Delights),Food & Beverage,hxxp://www.idelights.com,"Jul 13, 2026",91558,221.00 GB,221,hxxp://ijzn3sicrcy7guixkzjkib4ukbiilwc3xhnmby4mcbccnsd7j2rekvqd[.]onion/site/blog?uuid=2a85afa5-7c66-4fe2-a552-df3f6954cb9c,hxxp://ijzn3sicrcy7guixkzjkib4ukbiilwc3xhnmby4mcbccnsd7j2rekvqd[.]onion/?page=15,United States,official_website,"Visible text mentions 'the leading fresh-baked supplier in the New York area' and copyright notice for 'International Delights, LLC.'",High,enriched
Qilin,2464,15,TeleTronic,Consumer Services,hxxp://www.teletronic.es,"Jul 11, 2026",,,,hxxp://ijzn3sicrcy7guixkzjkib4ukbiilwc3xhnmby4mcbccnsd7j2rekvqd[.]onion/site/blog?uuid=d5152f36-9281-4b50-9136-837e59866db4,hxxp://ijzn3sicrcy7guixkzjkib4ukbiilwc3xhnmby4mcbccnsd7j2rekvqd[.]onion/?page=15,Spain,domain_tld,Company URL uses the country-code domain suffix .es; verify against headquarters evidence.,Medium,tld_inferred
Qilin,2463,15,Navana Real Estate,Construction,hxxp://www.navana-realestate.com,"Jul 10, 2026",,,,hxxp://ijzn3sicrcy7guixkzjkib4ukbiilwc3xhnmby4mcbccnsd7j2rekvqd[.]onion/site/blog?uuid=9acf3fe5-90ad-4918-93fc-4988ca91df8a,hxxp://ijzn3sicrcy7guixkzjkib4ukbiilwc3xhnmby4mcbccnsd7j2rekvqd[.]onion/?page=15,Bangladesh,official_website,"Meta description and visible text explicitly state 'Leading Real Estate Company in Bangladesh' and list contact address as '3/A, R #90, Gulshan-02, Dhaka, BD'.",High,enriched
Qilin,2462,15,Promotora Zacapu,Manufacturing,hxxp://www.promotorazacapu.com,"Jul 10, 2026",,,,hxxp://ijzn3sicrcy7guixkzjkib4ukbiilwc3xhnmby4mcbccnsd7j2rekvqd[.]onion/site/blog?uuid=e5e2fa00-1d2c-4921-bc64-005bac006c8f,hxxp://ijzn3sicrcy7guixkzjkib4ukbiilwc3xhnmby4mcbccnsd7j2rekvqd[.]onion/?page=15,Mexico,official_website,"The company text explicitly states it is established in the city of Zacapu (""establecida en esta ciudad de Zacapu desde 1972""), mentions clients in other states of the Republic (""en otros estados de la República""), operates under the Mexican corporate legal form ""S.A. de C.V."" (Sociedad Anónima de Capital Variable), and Zacapu is a well-known city in the state of Michoacán, Mexico.",High,enriched
Qilin,2460,15,Red Planet Hotels,Hospitality,hxxp://www.redplanethotels.com,"Jul 10, 2026",,,,hxxp://ijzn3sicrcy7guixkzjkib4ukbiilwc3xhnmby4mcbccnsd7j2rekvqd[.]onion/site/blog?uuid=242a6cc9-5e6c-4cda-8a28-6bb684772df9,hxxp://ijzn3sicrcy7guixkzjkib4ukbiilwc3xhnmby4mcbccnsd7j2rekvqd[.]onion/?page=15,Philippines,official_website,"The official website metadata and title explicitly state 'Modern, Clean & Reliable Hotels in the Philippines', and the visible text describes 'redefining budget accommodation in the Philippines' alongside hotel locations explicitly within Metro Manila, Cebu, Davao, and other Philippine cities.",High,enriched
Qilin,2458,15,CRZ Construcciones,Civil Engineering Construction,hxxp://www.crzconstrucciones.com,"Jul 10, 2026",,,,hxxp://ijzn3sicrcy7guixkzjkib4ukbiilwc3xhnmby4mcbccnsd7j2rekvqd[.]onion/site/blog?uuid=53072cde-abae-4f7b-b8de-de51d5d95d98,hxxp://ijzn3sicrcy7guixkzjkib4ukbiilwc3xhnmby4mcbccnsd7j2rekvqd[.]onion/?page=15,Argentina,official_website,"CRZ CONSTRUCCIONES Lola Mora 421, Piso 18º C1107DDA, Puerto Madero – Buenos Aires – Argentina",High,enriched
Qilin,2457,15,Global Strategic Business Process Solutions,Business Services,hxxp://www.globalstrategic.com,"Jul 10, 2026",,,,hxxp://ijzn3sicrcy7guixkzjkib4ukbiilwc3xhnmby4mcbccnsd7j2rekvqd[.]onion/site/blog?uuid=b0f5ac07-c0fe-4311-a395-078bc298ca8f,hxxp://ijzn3sicrcy7guixkzjkib4ukbiilwc3xhnmby4mcbccnsd7j2rekvqd[.]onion/?page=15,United States,official_website,"Locations United States 508 South Lexington Avenue Burlington, NC 27215 and copyright Global Strategic Business Solutions Inc.",High,enriched
Qilin,2456,15,SPACElogic,Hospitality,hxxp://www.spacelogic.com.sg,"Jul 10, 2026",,,,hxxp://ijzn3sicrcy7guixkzjkib4ukbiilwc3xhnmby4mcbccnsd7j2rekvqd[.]onion/site/blog?uuid=1b5dabef-3604-486e-a4bb-a6b218d64794,hxxp://ijzn3sicrcy7guixkzjkib4ukbiilwc3xhnmby4mcbccnsd7j2rekvqd[.]onion/?page=15,Singapore,domain_tld,Company URL uses the country-code domain suffix .com.sg; verify against headquarters evidence.,Medium,tld_inferred
Qilin,2455,15,Inter Power Engineering,Electronics,hxxp://www.interpower-engrg.com,"Jul 9, 2026",,,,hxxp://ijzn3sicrcy7guixkzjkib4ukbiilwc3xhnmby4mcbccnsd7j2rekvqd[.]onion/site/blog?uuid=0b1629e6-c218-435b-83ba-ce19b7048191,hxxp://ijzn3sicrcy7guixkzjkib4ukbiilwc3xhnmby4mcbccnsd7j2rekvqd[.]onion/?page=15,Singapore,official_website,Official website metadata and text explicitly state 'Inter Power Engineering Pte Ltd ... Singapore' and provide the address: 'Block 20 Ang Mo Kio Industrial Park 2A #03-15/16 A.M.K. Techlink Singapore 567761' along with Singapore phone and fax country codes (+65).,High,enriched
Qilin,2454,15,Alan F Burke,Accounting Services,hxxp://www.alanburkecpa.com,"Jul 9, 2026",,,,hxxp://ijzn3sicrcy7guixkzjkib4ukbiilwc3xhnmby4mcbccnsd7j2rekvqd[.]onion/site/blog?uuid=07a5e6aa-5323-4336-8d8d-7d0f5d12a676,hxxp://ijzn3sicrcy7guixkzjkib4ukbiilwc3xhnmby4mcbccnsd7j2rekvqd[.]onion/?page=15,United States,official_website,"The company's official website text explicitly mentions serving clients 'throughout the Salisbury, Mooresville, Triad and Charlotte, North Carolina area' and lists locations in 'North Carolina' along with a U.S. phone area code (704).",High,enriched
Qilin,2453,16,Bronken's Dist,Business Services,hxxp://www.bronkens.com,"Jul 9, 2026",,,,hxxp://ijzn3sicrcy7guixkzjkib4ukbiilwc3xhnmby4mcbccnsd7j2rekvqd[.]onion/site/blog?uuid=f6f03176-3b5f-47fc-b3d6-7128fc0b6931,hxxp://ijzn3sicrcy7guixkzjkib4ukbiilwc3xhnmby4mcbccnsd7j2rekvqd[.]onion/?page=16,Unknown,unknown,"No official website metadata, registry information, or contact address was provided in the evidence to determine the headquarters or primary registration country.",Unknown,unknown
Qilin,2452,16,Sun Dolphin Boats,Business Services,hxxp://www.sundolphin.com,"Jul 9, 2026",,,,hxxp://ijzn3sicrcy7guixkzjkib4ukbiilwc3xhnmby4mcbccnsd7j2rekvqd[.]onion/site/blog?uuid=d645d1da-4301-4b9b-a13f-23ca4e1a712c,hxxp://ijzn3sicrcy7guixkzjkib4ukbiilwc3xhnmby4mcbccnsd7j2rekvqd[.]onion/?page=16,United States,official_website,"Sun Dolphin Boats 1790 Sun Dolphin Dr. Muskegon, MI 49444",High,enriched
Qilin,2451,16,Hum & Jacoby,Accounting Services,hxxp://www.hhjcpas.com,"Jul 9, 2026",167721,545.00 GB,545,hxxp://ijzn3sicrcy7guixkzjkib4ukbiilwc3xhnmby4mcbccnsd7j2rekvqd[.]onion/site/blog?uuid=050cc3bc-db0d-470c-a7ff-f9dd5fa3e39e,hxxp://ijzn3sicrcy7guixkzjkib4ukbiilwc3xhnmby4mcbccnsd7j2rekvqd[.]onion/?page=16,United States,official_website,"Member : AccountantsWorld, American Institute of CPAs, NJ and NY Society of CPAs",High,enriched
Qilin,2450,16,Sintax,Law Firms & Legal Services,hxxp://www.sintax.be,"Jul 9, 2026",,,,hxxp://ijzn3sicrcy7guixkzjkib4ukbiilwc3xhnmby4mcbccnsd7j2rekvqd[.]onion/site/blog?uuid=09042649-52aa-4c66-9826-ca49ed5c7da0,hxxp://ijzn3sicrcy7guixkzjkib4ukbiilwc3xhnmby4mcbccnsd7j2rekvqd[.]onion/?page=16,Belgium,domain_tld,Company URL uses the country-code domain suffix .be; verify against headquarters evidence.,Medium,tld_inferred
Qilin,2449,16,Peligro Sports,Retail · Pennsylvania,hxxp://www.peligrosportsnyc.com,"Jul 9, 2026",12834,2.50 GB,2.5,hxxp://ijzn3sicrcy7guixkzjkib4ukbiilwc3xhnmby4mcbccnsd7j2rekvqd[.]onion/site/blog?uuid=55e65e6a-8abe-400a-af69-a5afda4c8eca,hxxp://ijzn3sicrcy7guixkzjkib4ukbiilwc3xhnmby4mcbccnsd7j2rekvqd[.]onion/?page=16,United States,official_website,Meta description states: 'Shop baseball and soccer gear... at Peligro Sports in NYC. ... visit our New York City store.' Sector provided is 'Retail · Pennsylvania' and currency options include United States.,High,enriched
Qilin,2446,16,Lechner Massivhaus GmbH,Building Materials,hxxp://www.lechner-massivhaus.de,"Jul 7, 2026",,,,hxxp://ijzn3sicrcy7guixkzjkib4ukbiilwc3xhnmby4mcbccnsd7j2rekvqd[.]onion/site/blog?uuid=baa73f69-c924-4036-8d91-9c3e3682228d,hxxp://ijzn3sicrcy7guixkzjkib4ukbiilwc3xhnmby4mcbccnsd7j2rekvqd[.]onion/?page=16,Germany,domain_tld,Company URL uses the country-code domain suffix .de; verify against headquarters evidence.,Medium,tld_inferred
Qilin,2445,16,Next Clinics,0,hxxp://www.next-clinics.cz,"Jul 7, 2026",,,,hxxp://ijzn3sicrcy7guixkzjkib4ukbiilwc3xhnmby4mcbccnsd7j2rekvqd[.]onion/site/blog?uuid=6496d6c3-7afe-4b66-a9d3-b9a903624ce3,hxxp://ijzn3sicrcy7guixkzjkib4ukbiilwc3xhnmby4mcbccnsd7j2rekvqd[.]onion/?page=16,Czechia,domain_tld,Company URL uses the country-code domain suffix .cz; verify against headquarters evidence.,Medium,tld_inferred
Qilin,2444,16,Accelirate,Business Services,hxxp://www.accelirate.com,"Jul 7, 2026",,,,hxxp://ijzn3sicrcy7guixkzjkib4ukbiilwc3xhnmby4mcbccnsd7j2rekvqd[.]onion/site/blog?uuid=8490a0ae-f21b-4277-ad81-80308770ada6,hxxp://ijzn3sicrcy7guixkzjkib4ukbiilwc3xhnmby4mcbccnsd7j2rekvqd[.]onion/?page=16,Unknown,unknown,,Unknown,unknown
Qilin,2443,16,S.J. Louis,Civil Engineering Construction,hxxp://www.sjlouis.com,"Jul 6, 2026",,,,hxxp://ijzn3sicrcy7guixkzjkib4ukbiilwc3xhnmby4mcbccnsd7j2rekvqd[.]onion/site/blog?uuid=0894a7b6-f612-4096-bc99-8ecafeaa427e,hxxp://ijzn3sicrcy7guixkzjkib4ukbiilwc3xhnmby4mcbccnsd7j2rekvqd[.]onion/?page=16,United States,official_website,"Contact address lists: 1351 Broadway St W P.O. Box 459 Rockville, MN 56369",High,enriched
Qilin,2441,16,Precision Steel Services,Building Materials,hxxp://www.precisionsteel.org,"Jul 6, 2026",,,,hxxp://ijzn3sicrcy7guixkzjkib4ukbiilwc3xhnmby4mcbccnsd7j2rekvqd[.]onion/site/blog?uuid=4a6e9256-83bb-4db4-ab7a-b866120a0bdd,hxxp://ijzn3sicrcy7guixkzjkib4ukbiilwc3xhnmby4mcbccnsd7j2rekvqd[.]onion/?page=16,United States,official_website,"The official website and metadata state that Precision Steel Services is located in Pennsylvania (PA) and mentions serving customers near Pittsburgh and Youngstown, Ohio.",High,enriched
Qilin,2440,16,Keystone Homes,Construction,hxxp://www.gokeystone.com,"Jul 6, 2026",,,,hxxp://ijzn3sicrcy7guixkzjkib4ukbiilwc3xhnmby4mcbccnsd7j2rekvqd[.]onion/site/blog?uuid=a2c11fdc-d4e1-48ba-b8f0-439de73aae5a,hxxp://ijzn3sicrcy7guixkzjkib4ukbiilwc3xhnmby4mcbccnsd7j2rekvqd[.]onion/?page=16,Unknown,unknown,"No official website metadata, contact address, or registry information was supplied in the evidence to determine the target company's headquarters or registration country.",Unknown,unknown
Qilin,2439,16,Grupo Inteca,Business Services,hxxp://grupointeca.com,"Jul 6, 2026",,,,hxxp://ijzn3sicrcy7guixkzjkib4ukbiilwc3xhnmby4mcbccnsd7j2rekvqd[.]onion/site/blog?uuid=59e55ef5-d4ce-4f6a-9aaf-65a9b661b286,hxxp://ijzn3sicrcy7guixkzjkib4ukbiilwc3xhnmby4mcbccnsd7j2rekvqd[.]onion/?page=16,Unknown,unknown,No text or metadata was collected from the official website or external sources to determine the headquarters or primary registration country.,Unknown,unknown
Qilin,2436,16,Wood Ellis & Wood CPA,Accounting Services,hxxp://www.woodelliswoodcpa.com,"Jul 6, 2026",24894,47.00 GB,47,hxxp://ijzn3sicrcy7guixkzjkib4ukbiilwc3xhnmby4mcbccnsd7j2rekvqd[.]onion/site/blog?uuid=fa10d64c-e114-45c1-9bf5-d7b00fec0578,hxxp://ijzn3sicrcy7guixkzjkib4ukbiilwc3xhnmby4mcbccnsd7j2rekvqd[.]onion/?page=16,United States,official_website,"References to IRS (Internal Revenue Service), federal tax rules, Gramm-Leach-Bliley Act, and specific US state mentions (Arkansas, Mississippi) on the official website indicate operations and headquarters in the United States.",High,enriched
Qilin,2433,16,Sisint,"Architecture, Engineering & Design",hxxp://www.sisint.pt,"Jul 3, 2026",,,,hxxp://ijzn3sicrcy7guixkzjkib4ukbiilwc3xhnmby4mcbccnsd7j2rekvqd[.]onion/site/blog?uuid=dc445be0-dece-4603-88e8-b7578daaabf5,hxxp://ijzn3sicrcy7guixkzjkib4ukbiilwc3xhnmby4mcbccnsd7j2rekvqd[.]onion/?page=16,Portugal,domain_tld,Company URL uses the country-code domain suffix .pt; verify against headquarters evidence.,Medium,tld_inferred
Qilin,2432,16,Sitmatic,Furniture,hxxp://www.sitmatic.com,"Jul 3, 2026",,,,hxxp://ijzn3sicrcy7guixkzjkib4ukbiilwc3xhnmby4mcbccnsd7j2rekvqd[.]onion/site/blog?uuid=59fa35e9-0cf8-4178-b372-617f08a8b622,hxxp://ijzn3sicrcy7guixkzjkib4ukbiilwc3xhnmby4mcbccnsd7j2rekvqd[.]onion/?page=16,United States,official_website,"Our USA-built, best in class ergonomic chairs... 90% of our components are sourced within 50 miles of our California factory... Sitmatic phones are answered by live factory-based experts in California.",High,enriched
Qilin,2431,16,Goodwill Manasota,Business Services,hxxp://www.experiencegoodwill.org,"Jul 3, 2026",,,,hxxp://ijzn3sicrcy7guixkzjkib4ukbiilwc3xhnmby4mcbccnsd7j2rekvqd[.]onion/site/blog?uuid=20de175e-9b1b-48a2-b953-827c18de8aef,hxxp://ijzn3sicrcy7guixkzjkib4ukbiilwc3xhnmby4mcbccnsd7j2rekvqd[.]onion/?page=16,United States,official_website,"Meta description and text reference operations in Sarasota, Manatee, Hardee, DeSoto, and Palm Beach counties, along with US-specific references like the Air Force veteran and Louis & Gloria Flanzer Philanthropic Trust.",High,enriched
Qilin,2429,16,Natural Energy Laboratory of Hawaii Authority,Business Services,hxxp://www.nelha.hawaii.gov,"Jul 3, 2026",,,,hxxp://ijzn3sicrcy7guixkzjkib4ukbiilwc3xhnmby4mcbccnsd7j2rekvqd[.]onion/site/blog?uuid=0593aadb-41b1-4205-89d2-b4c476545be4,hxxp://ijzn3sicrcy7guixkzjkib4ukbiilwc3xhnmby4mcbccnsd7j2rekvqd[.]onion/?page=16,United States,official_website,"The official website URL ends in .gov and contains 'hawaii', indicating the State of Hawaii in the United States.",High,enriched
Qilin,2426,16,Pennant Hills Golf Club,Advertising & Marketing,hxxp://www.pennanthillsgolfclub.com.au,"Jul 2, 2026",,,,hxxp://ijzn3sicrcy7guixkzjkib4ukbiilwc3xhnmby4mcbccnsd7j2rekvqd[.]onion/site/blog?uuid=58f96ce6-c718-4160-9b1e-9a4653f88936,hxxp://ijzn3sicrcy7guixkzjkib4ukbiilwc3xhnmby4mcbccnsd7j2rekvqd[.]onion/?page=16,Australia,domain_tld,Company URL uses the country-code domain suffix .com.au; verify against headquarters evidence.,Medium,tld_inferred
Qilin,2425,16,Dixie Beverage,"Electricity, Oil & Gas",hxxp://www.dixiebeverage.com,"Jul 1, 2026",,,,hxxp://ijzn3sicrcy7guixkzjkib4ukbiilwc3xhnmby4mcbccnsd7j2rekvqd[.]onion/site/blog?uuid=a9bf0d58-3647-4639-9619-21dbf58dd83c,hxxp://ijzn3sicrcy7guixkzjkib4ukbiilwc3xhnmby4mcbccnsd7j2rekvqd[.]onion/?page=16,Unknown,unknown,"The provided text indicates the company is 'Dixie Beverage West' and distributes the Red Bull brand, but contains no explicit mention of a country, headquarters address, or registration details.",Unknown,unknown
Qilin,2424,16,Dynamic Laser Solutions Ltd.,Industrial Machinery & Equipment,hxxp://www.dynamiclasersolutions.com,"Jul 1, 2026",,,,hxxp://ijzn3sicrcy7guixkzjkib4ukbiilwc3xhnmby4mcbccnsd7j2rekvqd[.]onion/site/blog?uuid=34b7e3d1-82ce-4455-9944-ea6c2ede92fc,hxxp://ijzn3sicrcy7guixkzjkib4ukbiilwc3xhnmby4mcbccnsd7j2rekvqd[.]onion/?page=16,United Kingdom,official_website,"The official website metadata and text explicitly state the company is 'based in Hampshire', which is a county in the United Kingdom.",High,enriched
Qilin,2422,17,Laughlin Nunnally Hood & Crum,Law Firms & Legal Services,hxxp://www.greenevillelaw.com,"Jul 1, 2026",,,,hxxp://ijzn3sicrcy7guixkzjkib4ukbiilwc3xhnmby4mcbccnsd7j2rekvqd[.]onion/site/blog?uuid=2895dd71-2d77-4c70-badf-cd39e1ae9992,hxxp://ijzn3sicrcy7guixkzjkib4ukbiilwc3xhnmby4mcbccnsd7j2rekvqd[.]onion/?page=17,United States,official_website,"100 S. Main Street Greeneville, Tenn. 37745 and upper East Tennessee",High,enriched
Qilin,2421,17,Mattatuck Industrial Scrap Metal,"Energy, Utilities & Waste",hxxp://www.mattatuckscrap.com,"Jul 1, 2026",,,,hxxp://ijzn3sicrcy7guixkzjkib4ukbiilwc3xhnmby4mcbccnsd7j2rekvqd[.]onion/site/blog?uuid=2f884907-4973-409e-92dd-5ef8c7f3431a,hxxp://ijzn3sicrcy7guixkzjkib4ukbiilwc3xhnmby4mcbccnsd7j2rekvqd[.]onion/?page=17,United States,official_website,"Contact address lists: 28 Town Line Road, Wolcott, CT 06716, and area code/phone format indicate Connecticut, USA.",High,enriched
Qilin,2420,17,Dennis Waters Rental Properties,Business Services,hxxp://Dennis Waters Rental Properties,"Jul 1, 2026",,,,hxxp://ijzn3sicrcy7guixkzjkib4ukbiilwc3xhnmby4mcbccnsd7j2rekvqd[.]onion/site/blog?uuid=ba701696-1c93-417d-a1cb-c69e714cc3f2,hxxp://ijzn3sicrcy7guixkzjkib4ukbiilwc3xhnmby4mcbccnsd7j2rekvqd[.]onion/?page=17,Unknown,unknown,"No official website metadata, contact address, or registry evidence was provided in the source text to determine the headquarters or primary registration country.",Unknown,unknown
Qilin,2418,17,Hemmersbach GmbH & Co. KG,Software,hxxp://www.hemmersbach.com,"Jun 30, 2026",,,,hxxp://ijzn3sicrcy7guixkzjkib4ukbiilwc3xhnmby4mcbccnsd7j2rekvqd[.]onion/site/blog?uuid=9a9add5c-96a6-46b9-8d94-1b9f29f0dc35,hxxp://ijzn3sicrcy7guixkzjkib4ukbiilwc3xhnmby4mcbccnsd7j2rekvqd[.]onion/?page=17,Unknown,unknown,"The company name 'Hemmersbach GmbH & Co. KG' indicates a German legal form (GmbH & Co. KG), but the supplied website text does not explicitly state the headquarters or registration country within the provided snippets.",Unknown,unknown
Qilin,2417,17,Chamco,Manufacturing,hxxp://www.chamco.com,"Jun 30, 2026",,,,hxxp://ijzn3sicrcy7guixkzjkib4ukbiilwc3xhnmby4mcbccnsd7j2rekvqd[.]onion/site/blog?uuid=e10a7d15-361e-45ad-ba34-0167aa8f7ecf,hxxp://ijzn3sicrcy7guixkzjkib4ukbiilwc3xhnmby4mcbccnsd7j2rekvqd[.]onion/?page=17,Canada,official_website,Chamco is the exclusive Western Canada distributor of Peerless pump products... Discover the best industrial air compressors in Canada.,High,enriched
Qilin,2416,17,Taubensee Steel & Wire,Building Materials,hxxp://www.taubensee.com,"Jun 29, 2026",95000,0.00 KB,0,hxxp://ijzn3sicrcy7guixkzjkib4ukbiilwc3xhnmby4mcbccnsd7j2rekvqd[.]onion/site/blog?uuid=2f4db6f0-8327-4987-98ff-2891e4e17bea,hxxp://ijzn3sicrcy7guixkzjkib4ukbiilwc3xhnmby4mcbccnsd7j2rekvqd[.]onion/?page=17,United States,official_website,"With ISO 9001-certified steel bar and wire plants in Illinois and Kentucky, we serve a broad spectrum of heavy industries. Our dependable, just-in-time deliveries reach customers across the U.S., Canada, Mexico...",High,enriched
Qilin,2415,17,Kunert Fashion,Manufacturing,hxxp://www.kunert.de,"Jun 29, 2026",,,,hxxp://ijzn3sicrcy7guixkzjkib4ukbiilwc3xhnmby4mcbccnsd7j2rekvqd[.]onion/site/blog?uuid=4e1db28d-1fa6-4d7c-b4cf-4477b4db7a5e,hxxp://ijzn3sicrcy7guixkzjkib4ukbiilwc3xhnmby4mcbccnsd7j2rekvqd[.]onion/?page=17,Germany,domain_tld,Company URL uses the country-code domain suffix .de; verify against headquarters evidence.,Medium,tld_inferred
Qilin,2414,17,Musashino University,Education,hxxp://www.musashino-u.ac.jp,"Jun 29, 2026",,,,hxxp://ijzn3sicrcy7guixkzjkib4ukbiilwc3xhnmby4mcbccnsd7j2rekvqd[.]onion/site/blog?uuid=8eb0e50b-2e9b-4229-8d9b-8a2fa8262c00,hxxp://ijzn3sicrcy7guixkzjkib4ukbiilwc3xhnmby4mcbccnsd7j2rekvqd[.]onion/?page=17,Japan,domain_tld,Company URL uses the country-code domain suffix .jp; verify against headquarters evidence.,Medium,tld_inferred
Qilin,2413,17,Metal Sur Famin,Industrial Machinery & Equipment,hxxp://www.metalsurfamin.com,"Jun 29, 2026",,,,hxxp://ijzn3sicrcy7guixkzjkib4ukbiilwc3xhnmby4mcbccnsd7j2rekvqd[.]onion/site/blog?uuid=cac189ac-d526-4846-bb5b-30664bf942be,hxxp://ijzn3sicrcy7guixkzjkib4ukbiilwc3xhnmby4mcbccnsd7j2rekvqd[.]onion/?page=17,Peru,official_website,"The official website metadata and text explicitly state 'Sur del PerÃº' and provide an address in 'Alto Selva Alegre - Arequipa', Peru, along with a 'Libro de Reclamaciones' which is characteristic of Peruvian consumer protection regulation.",High,enriched
Qilin,2412,17,KALIACT ANCHETA et Associs,Law Firms & Legal Services,hxxp://www.ancheta-associes.fr,"Jun 29, 2026",,,,hxxp://ijzn3sicrcy7guixkzjkib4ukbiilwc3xhnmby4mcbccnsd7j2rekvqd[.]onion/site/blog?uuid=ccddb420-de65-4577-8d05-f1c349e15103,hxxp://ijzn3sicrcy7guixkzjkib4ukbiilwc3xhnmby4mcbccnsd7j2rekvqd[.]onion/?page=17,France,domain_tld,Company URL uses the country-code domain suffix .fr; verify against headquarters evidence.,Medium,tld_inferred
Qilin,2411,17,Gsma,"Architecture, Engineering & Design",hxxp://www.gsmarchitects.net,"Jun 29, 2026",,,,hxxp://ijzn3sicrcy7guixkzjkib4ukbiilwc3xhnmby4mcbccnsd7j2rekvqd[.]onion/site/blog?uuid=04d80cd8-9c4d-472a-87b4-3c29c3d85bb5,hxxp://ijzn3sicrcy7guixkzjkib4ukbiilwc3xhnmby4mcbccnsd7j2rekvqd[.]onion/?page=17,United States,official_website,"Visible text states the company is based in Houston, and lists the address as '3815 Montrose Blvd. Suite 210, Houston, Texas, 77006'.",High,enriched
Qilin,2410,17,Bristol Place,0,hxxp://www.bristolplace.net,"Jun 29, 2026",,,,hxxp://ijzn3sicrcy7guixkzjkib4ukbiilwc3xhnmby4mcbccnsd7j2rekvqd[.]onion/site/blog?uuid=23638b37-efe6-4aac-9206-160607d09b29,hxxp://ijzn3sicrcy7guixkzjkib4ukbiilwc3xhnmby4mcbccnsd7j2rekvqd[.]onion/?page=17,United States,official_website,"The visible text mentions Hennepin County, CADI, BI, and DD waivers, Rule 185 case management, and North St. Paul, MN, explicitly placing the company's location and operations in Minnesota, United States.",High,enriched
Qilin,2409,17,Lam Soon,Food & Beverage,hxxp://www.lamsoon.co.th,"Jun 29, 2026",,,,hxxp://ijzn3sicrcy7guixkzjkib4ukbiilwc3xhnmby4mcbccnsd7j2rekvqd[.]onion/site/blog?uuid=b8094546-2286-4db0-aa25-4c12fc65e1be,hxxp://ijzn3sicrcy7guixkzjkib4ukbiilwc3xhnmby4mcbccnsd7j2rekvqd[.]onion/?page=17,Thailand,domain_tld,Company URL uses the country-code domain suffix .th; verify against headquarters evidence.,Medium,tld_inferred
Qilin,2406,17,Transcore,"Architecture, Engineering & Design",hxxp://www.transcore.com,"Jun 28, 2026",,,,hxxp://ijzn3sicrcy7guixkzjkib4ukbiilwc3xhnmby4mcbccnsd7j2rekvqd[.]onion/site/blog?uuid=7a16da08-fd95-4288-931c-49f334ca12ca,hxxp://ijzn3sicrcy7guixkzjkib4ukbiilwc3xhnmby4mcbccnsd7j2rekvqd[.]onion/?page=17,United States,official_website,"150 4th Avenue North, Suite 1200 Nashville, TN 37219 and news releases datelined Nashville, Tenn.",High,enriched
Qilin,2405,17,1-800-dentist,Business Services,hxxp://www.1800dentist.com,"Jun 28, 2026",,,,hxxp://ijzn3sicrcy7guixkzjkib4ukbiilwc3xhnmby4mcbccnsd7j2rekvqd[.]onion/site/blog?uuid=764d68f8-7f13-45c1-99f9-c8d5ac187a12,hxxp://ijzn3sicrcy7guixkzjkib4ukbiilwc3xhnmby4mcbccnsd7j2rekvqd[.]onion/?page=17,United States,official_website,"References to 'Zip Code', 'nationwide', and calling '911' strongly indicate operations within the United States.",Medium,enriched
Qilin,2404,17,Premier Medical Group,0,hxxp://www.premiermedicalhv.com,"Jun 26, 2026",,,,hxxp://ijzn3sicrcy7guixkzjkib4ukbiilwc3xhnmby4mcbccnsd7j2rekvqd[.]onion/site/blog?uuid=2080c2f3-9cfb-4476-a9f2-71a8ad09c124,hxxp://ijzn3sicrcy7guixkzjkib4ukbiilwc3xhnmby4mcbccnsd7j2rekvqd[.]onion/?page=17,United States,official_website,"Convenient office locations in Poughkeepsie, Hopewell, Wappingers, New Windsor, Fishkill, Newburgh, and Kingston (cities located in New York State, USA).",High,enriched
Qilin,2401,17,Cash Canada,Business Services,hxxp://www.cashcanada.com,"Jun 23, 2026",,,,hxxp://ijzn3sicrcy7guixkzjkib4ukbiilwc3xhnmby4mcbccnsd7j2rekvqd[.]onion/site/blog?uuid=3d397a59-749d-4cc5-a06b-83c21549eae2,hxxp://ijzn3sicrcy7guixkzjkib4ukbiilwc3xhnmby4mcbccnsd7j2rekvqd[.]onion/?page=17,Canada,official_website,"Meta description states 'largest and most established chain of pawn shops in Canada', and visible text mentions '16 Locations in Western Canada' and 'Canada's largest and friendliest established chain of pawn shops'.",High,enriched
Qilin,2399,17,Schumacher Homes,Construction,hxxp://www.schumacherhomes.com,"Jun 22, 2026",,,,hxxp://ijzn3sicrcy7guixkzjkib4ukbiilwc3xhnmby4mcbccnsd7j2rekvqd[.]onion/site/blog?uuid=2f47ce8d-8f40-49d9-8e70-d7d4e7b877c8,hxxp://ijzn3sicrcy7guixkzjkib4ukbiilwc3xhnmby4mcbccnsd7j2rekvqd[.]onion/?page=17,United States,official_website,"The website explicitly references 'America's Largest Fully Custom Home Builder', built in 16 states, and lists US states/locations such as IN, KY, LA, MS, NC, VA, OH, PA, WV, MI, SC, TN.",High,enriched
Qilin,2398,17,Central Bank of Libya,Banking,hxxp://www.cbl.gov.ly,"Jun 22, 2026",,,,hxxp://ijzn3sicrcy7guixkzjkib4ukbiilwc3xhnmby4mcbccnsd7j2rekvqd[.]onion/site/blog?uuid=7c1bd27c-bdf7-46e1-9aa7-3652fa370f25,hxxp://ijzn3sicrcy7guixkzjkib4ukbiilwc3xhnmby4mcbccnsd7j2rekvqd[.]onion/?page=17,Libya,official_website,Contact details on the official website state: ص. ب 1103 طرابلس- ليبيا (P.O. Box 1103 Tripoli - Libya) and the institution is described as 'مملوكة بالكامل للدولة الليبية' (fully owned by the Libyan state).,High,enriched
Qilin,2395,17,Tri-tec,Business Services,hxxp://www.tri-tec.com,"Jun 21, 2026",,,,hxxp://ijzn3sicrcy7guixkzjkib4ukbiilwc3xhnmby4mcbccnsd7j2rekvqd[.]onion/site/blog?uuid=82904dd5-6ccd-4761-8ce6-0ced7832d2e9,hxxp://ijzn3sicrcy7guixkzjkib4ukbiilwc3xhnmby4mcbccnsd7j2rekvqd[.]onion/?page=17,United States,official_website,"The official website metadata and title explicitly reference Seattle, Tacoma, and Everett, which are major cities in Washington state, USA.",High,enriched
Qilin,2394,18,Belz Institutions,Education,hxxp://www.worldofbelz.org,"Jun 21, 2026",,,,hxxp://ijzn3sicrcy7guixkzjkib4ukbiilwc3xhnmby4mcbccnsd7j2rekvqd[.]onion/site/blog?uuid=7dad382b-86a3-485d-8467-04ded073949e,hxxp://ijzn3sicrcy7guixkzjkib4ukbiilwc3xhnmby4mcbccnsd7j2rekvqd[.]onion/?page=18,Israel,official_website,Support Belz Institutions in Israel,High,enriched
Qilin,2393,18,Florida Engineering Services,"Architecture, Engineering & Design",hxxp://www.florida-engineering-services.com,"Jun 21, 2026",,,,hxxp://ijzn3sicrcy7guixkzjkib4ukbiilwc3xhnmby4mcbccnsd7j2rekvqd[.]onion/site/blog?uuid=2ec671d4-73db-487a-b84b-cdd8c34d9c61,hxxp://ijzn3sicrcy7guixkzjkib4ukbiilwc3xhnmby4mcbccnsd7j2rekvqd[.]onion/?page=18,United States,official_website,"Title and contact text reference North Miami Beach, Fl 33169, providing a direct location address.",High,enriched
Qilin,2392,18,Pacific Lamp & Supply,Furniture,hxxp://www.pacificlamp.com,"Jun 20, 2026",,,,hxxp://ijzn3sicrcy7guixkzjkib4ukbiilwc3xhnmby4mcbccnsd7j2rekvqd[.]onion/site/blog?uuid=ddab2106-0a8f-42c7-b603-0902afe07626,hxxp://ijzn3sicrcy7guixkzjkib4ukbiilwc3xhnmby4mcbccnsd7j2rekvqd[.]onion/?page=18,Unknown,unknown,"No official website metadata, contact address, or registry information was provided in the evidence to determine the company's headquarters or registration country.",Unknown,unknown
Qilin,2387,18,FIRMENGRUPPE APPL Holding GmbH,Accounting Services,hxxps://www.appl.de/,"Jun 18, 2026",300000,260.00 GB,260,hxxp://ijzn3sicrcy7guixkzjkib4ukbiilwc3xhnmby4mcbccnsd7j2rekvqd[.]onion/site/blog?uuid=49e05aaa-52a8-47cb-9d45-7d3bd4d4c1ce,hxxp://ijzn3sicrcy7guixkzjkib4ukbiilwc3xhnmby4mcbccnsd7j2rekvqd[.]onion/?page=18,Germany,domain_tld,Company URL uses the country-code domain suffix .de; verify against headquarters evidence.,Medium,tld_inferred
Qilin,2386,18,Homes By J Anthony,Construction,hxxp://www.homesbyjanthony.com,"Jun 18, 2026",,,,hxxp://ijzn3sicrcy7guixkzjkib4ukbiilwc3xhnmby4mcbccnsd7j2rekvqd[.]onion/site/blog?uuid=77f7cac4-5373-48fc-94f2-681e1b7f711d,hxxp://ijzn3sicrcy7guixkzjkib4ukbiilwc3xhnmby4mcbccnsd7j2rekvqd[.]onion/?page=18,United States,official_website,"The website text mentions building custom homes in north Texas, DFW, Fairview, Celina, Lucas, and operating in the southwestern United States and nationally.",High,enriched
Qilin,2385,18,ATCOM Outsourcing,Business Services,hxxp://www.atcom.cl,"Jun 18, 2026",,,,hxxp://ijzn3sicrcy7guixkzjkib4ukbiilwc3xhnmby4mcbccnsd7j2rekvqd[.]onion/site/blog?uuid=9675a9d6-195d-452e-8110-5952b5cdf7bb,hxxp://ijzn3sicrcy7guixkzjkib4ukbiilwc3xhnmby4mcbccnsd7j2rekvqd[.]onion/?page=18,Chile,domain_tld,Company URL uses the country-code domain suffix .cl; verify against headquarters evidence.,Medium,tld_inferred
Qilin,2384,18,Makel Companies Group,Electronics,hxxp://www.makel.com.tr,"Jun 18, 2026",,,,hxxp://ijzn3sicrcy7guixkzjkib4ukbiilwc3xhnmby4mcbccnsd7j2rekvqd[.]onion/site/blog?uuid=14ac9d80-81f2-4563-a59c-2d835c918589,hxxp://ijzn3sicrcy7guixkzjkib4ukbiilwc3xhnmby4mcbccnsd7j2rekvqd[.]onion/?page=18,Türkiye,domain_tld,Company URL uses the country-code domain suffix .tr; verify against headquarters evidence.,Medium,tld_inferred
Qilin,2383,18,Skupina Don Don - GRUPO BIMBO,Food & Beverage,hxxp://www.dondon.si,"Jun 17, 2026",,,,hxxp://ijzn3sicrcy7guixkzjkib4ukbiilwc3xhnmby4mcbccnsd7j2rekvqd[.]onion/site/blog?uuid=0e8fef36-3e08-4921-abbd-08a017cb7aca,hxxp://ijzn3sicrcy7guixkzjkib4ukbiilwc3xhnmby4mcbccnsd7j2rekvqd[.]onion/?page=18,Slovenia,official_website,"DON DON D.O.O. Gasilska cesta 2 1290 Grosuplje Slovenija, EU",High,enriched
Qilin,2381,18,MAVA Healthcare,0,hxxp://www.mavamedical.com,"Jun 15, 2026",,,,hxxp://ijzn3sicrcy7guixkzjkib4ukbiilwc3xhnmby4mcbccnsd7j2rekvqd[.]onion/site/blog?uuid=8b3c2a08-c4bd-4e1c-9540-43255f5f76a7,hxxp://ijzn3sicrcy7guixkzjkib4ukbiilwc3xhnmby4mcbccnsd7j2rekvqd[.]onion/?page=18,United States,official_website,"The company operates in Texas, Illinois, and Florida, with offices in Spring, Austin, San Antonio, El Paso, Dallas, and Glen Ellyn, and accepts major insurance plans across the United States.",High,enriched
Qilin,2380,18,Cng Ty Cp T Vn Xd Tng Hp,"Architecture, Engineering & Design",hxxp://www.nagecco.com,"Jun 15, 2026",,,,hxxp://ijzn3sicrcy7guixkzjkib4ukbiilwc3xhnmby4mcbccnsd7j2rekvqd[.]onion/site/blog?uuid=58e310a4-96df-4b40-8f68-c672d84340d8,hxxp://ijzn3sicrcy7guixkzjkib4ukbiilwc3xhnmby4mcbccnsd7j2rekvqd[.]onion/?page=18,Unknown,unknown,,Unknown,unknown
Qilin,2379,18,Can Healthcare Group,0,hxxp://www.izmircanhastanesi.com,"Jun 15, 2026",,,,hxxp://ijzn3sicrcy7guixkzjkib4ukbiilwc3xhnmby4mcbccnsd7j2rekvqd[.]onion/site/blog?uuid=943cd6e8-cb55-4fc7-924e-4e9653fd438e,hxxp://ijzn3sicrcy7guixkzjkib4ukbiilwc3xhnmby4mcbccnsd7j2rekvqd[.]onion/?page=18,Turkey,official_website,"The website text refers to 'İzmir Can Hastanesi' and 'Can Sağlık Grubu' with contact details indicating operations in İzmir, Turkey (e.g., phone prefix +90).",High,enriched
Qilin,2378,18,Grupo Indi,Civil Engineering Construction,hxxp://www.grupoindi.mx,"Jun 15, 2026",,,,hxxp://ijzn3sicrcy7guixkzjkib4ukbiilwc3xhnmby4mcbccnsd7j2rekvqd[.]onion/site/blog?uuid=bc056cc8-657b-4671-8239-82ed5d55952e,hxxp://ijzn3sicrcy7guixkzjkib4ukbiilwc3xhnmby4mcbccnsd7j2rekvqd[.]onion/?page=18,Mexico,domain_tld,Company URL uses the country-code domain suffix .mx; verify against headquarters evidence.,Medium,tld_inferred
Qilin,2375,18,DISTINET MURCIA SL,Business Services,hxxp://www.distinetmurcia.es,"Jun 12, 2026",,,,hxxp://ijzn3sicrcy7guixkzjkib4ukbiilwc3xhnmby4mcbccnsd7j2rekvqd[.]onion/site/blog?uuid=1207ed2f-999e-484e-9818-36c88c5b4ec4,hxxp://ijzn3sicrcy7guixkzjkib4ukbiilwc3xhnmby4mcbccnsd7j2rekvqd[.]onion/?page=18,Spain,domain_tld,Company URL uses the country-code domain suffix .es; verify against headquarters evidence.,Medium,tld_inferred
Qilin,2356,18,The Banyans Health and Wellness,Healthcare Services,hxxp://www.thebanyans.com.au,"Jun 8, 2026",,,,hxxp://ijzn3sicrcy7guixkzjkib4ukbiilwc3xhnmby4mcbccnsd7j2rekvqd[.]onion/site/blog?uuid=ef60ef22-903f-4645-95eb-68ec523e25c9,hxxp://ijzn3sicrcy7guixkzjkib4ukbiilwc3xhnmby4mcbccnsd7j2rekvqd[.]onion/?page=18,Australia,domain_tld,Company URL uses the country-code domain suffix .com.au; verify against headquarters evidence.,Medium,tld_inferred
Qilin,2355,18,Kinetic Education,Education,hxxps://www.kineticeducation.com.au/,"Jun 8, 2026",,,,hxxp://ijzn3sicrcy7guixkzjkib4ukbiilwc3xhnmby4mcbccnsd7j2rekvqd[.]onion/site/blog?uuid=048ffcd7-1174-4fb2-986b-fefa9ed83935,hxxp://ijzn3sicrcy7guixkzjkib4ukbiilwc3xhnmby4mcbccnsd7j2rekvqd[.]onion/?page=18,Australia,domain_tld,Company URL uses the country-code domain suffix .com.au; verify against headquarters evidence.,Medium,tld_inferred
Qilin,2354,18,SatCom CX,Business Services,hxxps://www.satcommarketing.com/,"Jun 8, 2026",1250763,245.00 GB,245,hxxp://ijzn3sicrcy7guixkzjkib4ukbiilwc3xhnmby4mcbccnsd7j2rekvqd[.]onion/site/blog?uuid=3028fcdd-559c-483a-a7e6-3a34914e7096,hxxp://ijzn3sicrcy7guixkzjkib4ukbiilwc3xhnmby4mcbccnsd7j2rekvqd[.]onion/?page=18,Canada,official_website,"With headquarters in Toronto, Canada, and Fort Myers, Florida, and delivery hubs in San Salvador (El Salvador), and Port of Spain (Trinidad)",High,enriched
Qilin,2353,18,Opera Comique,Hospitality,hxxp://www.opera-comique.com,"Jun 8, 2026",,,,hxxp://ijzn3sicrcy7guixkzjkib4ukbiilwc3xhnmby4mcbccnsd7j2rekvqd[.]onion/site/blog?uuid=3dd2edca-3ce3-4245-97d4-79dd78b7347b,hxxp://ijzn3sicrcy7guixkzjkib4ukbiilwc3xhnmby4mcbccnsd7j2rekvqd[.]onion/?page=18,France,official_website,Théâtre national de l'Opéra-Comique · Place Boieldieu · 75002 Paris,High,enriched
Qilin,2352,18,Isuzu Motors,Manufacturing,hxxp://www.isuzu-motors.co.th,"Jun 8, 2026",,,,hxxp://ijzn3sicrcy7guixkzjkib4ukbiilwc3xhnmby4mcbccnsd7j2rekvqd[.]onion/site/blog?uuid=d8f1fcdc-8f3f-4a6c-b81c-429c0fca2757,hxxp://ijzn3sicrcy7guixkzjkib4ukbiilwc3xhnmby4mcbccnsd7j2rekvqd[.]onion/?page=18,Thailand,domain_tld,Company URL uses the country-code domain suffix .th; verify against headquarters evidence.,Medium,tld_inferred
Qilin,2348,18,Jay's Catering,Business Services,hxxp://www.myjayscatering.com,"Jun 5, 2026",,,,hxxp://ijzn3sicrcy7guixkzjkib4ukbiilwc3xhnmby4mcbccnsd7j2rekvqd[.]onion/site/blog?uuid=3b1d5a52-c0e5-4b60-8a62-914ac986e3db,hxxp://ijzn3sicrcy7guixkzjkib4ukbiilwc3xhnmby4mcbccnsd7j2rekvqd[.]onion/?page=18,United States,official_website,"Website title and content explicitly reference 'Jay's Catering Baltimore, MD' and mention Johns Hopkins Univ, placing the company in Baltimore, Maryland, United States.",High,enriched
Qilin,2345,18,Swim-Mor Pools,Civil Engineering Construction,hxxp://www.swimmor.com,"Jun 5, 2026",,,,hxxp://ijzn3sicrcy7guixkzjkib4ukbiilwc3xhnmby4mcbccnsd7j2rekvqd[.]onion/site/blog?uuid=33ba9ef2-4761-4501-a216-a4bca21f4382,hxxp://ijzn3sicrcy7guixkzjkib4ukbiilwc3xhnmby4mcbccnsd7j2rekvqd[.]onion/?page=18,United States,official_website,South and Central New Jersey’s premier in-ground gunite pool builder since 1967,High,enriched
Qilin,2344,19,Ontario Home Builders' Association,Membership Organizations,hxxp://www.ohba.ca,"Jun 5, 2026",,,,hxxp://ijzn3sicrcy7guixkzjkib4ukbiilwc3xhnmby4mcbccnsd7j2rekvqd[.]onion/site/blog?uuid=889c0174-5e2d-4529-b3d8-573c3e53bc5a,hxxp://ijzn3sicrcy7guixkzjkib4ukbiilwc3xhnmby4mcbccnsd7j2rekvqd[.]onion/?page=19,Canada,domain_tld,Company URL uses the country-code domain suffix .ca; verify against headquarters evidence.,Medium,tld_inferred
Qilin,2342,19,Trican,"Energy, Utilities & Waste",hxxp://www.tricanwellservice.com,"Jun 4, 2026",,,,hxxp://ijzn3sicrcy7guixkzjkib4ukbiilwc3xhnmby4mcbccnsd7j2rekvqd[.]onion/site/blog?uuid=db9b88e4-dbf1-48ff-99c8-06be32a96a0f,hxxp://ijzn3sicrcy7guixkzjkib4ukbiilwc3xhnmby4mcbccnsd7j2rekvqd[.]onion/?page=19,Canada,official_website,"Based in Calgary, Alberta, Trican is a leading oil and gas services company providing fracturing, coiled tubing, and cementing services that help deliver essential energy to people and businesses across North America.",High,enriched
Qilin,2341,19,Eat Salad,Hospitality,hxxp://www.eatsalad.com,"Jun 3, 2026",,,,hxxp://ijzn3sicrcy7guixkzjkib4ukbiilwc3xhnmby4mcbccnsd7j2rekvqd[.]onion/site/blog?uuid=9477bb5a-f81e-49b2-8db0-d7b8c1013df5,hxxp://ijzn3sicrcy7guixkzjkib4ukbiilwc3xhnmby4mcbccnsd7j2rekvqd[.]onion/?page=19,Unknown,unknown,,Unknown,unknown
Qilin,2340,19,MarketJoy,Advertising & Marketing,hxxp://www.marketjoy.com,"Jun 3, 2026",,,,hxxp://ijzn3sicrcy7guixkzjkib4ukbiilwc3xhnmby4mcbccnsd7j2rekvqd[.]onion/site/blog?uuid=a8f53c6e-52a8-4a96-a634-2ead5addcca4,hxxp://ijzn3sicrcy7guixkzjkib4ukbiilwc3xhnmby4mcbccnsd7j2rekvqd[.]onion/?page=19,United States,official_website,"Meta description states: 'MarketJoy is a leading B2B lead generation company in the USA', and visible text mentions 'Trusted B2B Lead Generation Company in the USA' and 'sales-qualified leads company in the USA'.",High,enriched
Qilin,2339,19,JNP ENG,Industrial Machinery & Equipment,hxxp://www.jnpeng.co.kr,"Jun 3, 2026",,,,hxxp://ijzn3sicrcy7guixkzjkib4ukbiilwc3xhnmby4mcbccnsd7j2rekvqd[.]onion/site/blog?uuid=aee7cde8-9c42-42ee-b869-d48cd1a6f7bb,hxxp://ijzn3sicrcy7guixkzjkib4ukbiilwc3xhnmby4mcbccnsd7j2rekvqd[.]onion/?page=19,South Korea,domain_tld,Company URL uses the country-code domain suffix .co.kr; verify against headquarters evidence.,Medium,tld_inferred
Qilin,2338,19,MEISA - Sines,Business Services,hxxp://www.meisa-e.com,"Jun 3, 2026",,,,hxxp://ijzn3sicrcy7guixkzjkib4ukbiilwc3xhnmby4mcbccnsd7j2rekvqd[.]onion/site/blog?uuid=90c319ad-cdab-4d2c-8a5e-e84e0d8242d0,hxxp://ijzn3sicrcy7guixkzjkib4ukbiilwc3xhnmby4mcbccnsd7j2rekvqd[.]onion/?page=19,Spain,official_website,"The website metadata and text displays Spanish language content (e.g., 'Bienvenido', 'Trabaja con Nosotros'), a Spanish phone country code (+34), and the corporate name suffix 'S.A.' (Sociedad Anónima), along with explicit contact numbers indicating operations in Spain.",High,enriched
Qilin,2337,19,Commune d'Eyguires,Government,hxxp://www.eyguieres.org,"Jun 2, 2026",,,,hxxp://ijzn3sicrcy7guixkzjkib4ukbiilwc3xhnmby4mcbccnsd7j2rekvqd[.]onion/site/blog?uuid=28145869-f2d7-4dc2-9171-a26b63fbd83b,hxxp://ijzn3sicrcy7guixkzjkib4ukbiilwc3xhnmby4mcbccnsd7j2rekvqd[.]onion/?page=19,France,official_website,"The website content and company name 'Commune d'Eyguires' (Eyguières) explicitly reference French administrative structures such as 'Mairie', 'Conseil Municipal', 'CCAS', and 'Les Alpilles', which definitively place the municipality in France.",High,enriched
Qilin,2336,19,Nova Medical Products,Retail · Pennsylvania,hxxp://www.novajoy.com,"Jun 2, 2026",,,,hxxp://ijzn3sicrcy7guixkzjkib4ukbiilwc3xhnmby4mcbccnsd7j2rekvqd[.]onion/site/blog?uuid=cfb76db3-4ec5-4022-9ab7-60baf6523f09,hxxp://ijzn3sicrcy7guixkzjkib4ukbiilwc3xhnmby4mcbccnsd7j2rekvqd[.]onion/?page=19,United States,official_website,"Contact address: 410 Smoketree Plaza Suite 100 N. Aurora, IL 60542",High,enriched
Qilin,2334,19,Clinica Maitenes,0,hxxp://www.clinicamaitenes.cl,"Jun 2, 2026",1015912,800.00 GB,800,hxxp://ijzn3sicrcy7guixkzjkib4ukbiilwc3xhnmby4mcbccnsd7j2rekvqd[.]onion/site/blog?uuid=d3ce86e4-82ae-4556-804a-a3da7631e290,hxxp://ijzn3sicrcy7guixkzjkib4ukbiilwc3xhnmby4mcbccnsd7j2rekvqd[.]onion/?page=19,Chile,domain_tld,Company URL uses the country-code domain suffix .cl; verify against headquarters evidence.,Medium,tld_inferred
Qilin,2333,19,Otthon Centrum,Real Estate,hxxp://www.oc.hu,"May 27, 2026",,,,hxxp://ijzn3sicrcy7guixkzjkib4ukbiilwc3xhnmby4mcbccnsd7j2rekvqd[.]onion/site/blog?uuid=f9273b15-aa73-467c-9abd-a2fc87d51f05,hxxp://ijzn3sicrcy7guixkzjkib4ukbiilwc3xhnmby4mcbccnsd7j2rekvqd[.]onion/?page=19,Hungary,domain_tld,Company URL uses the country-code domain suffix .hu; verify against headquarters evidence.,Medium,tld_inferred
Qilin,2332,19,William Davis Homes,Construction,hxxp://www.williamdavis.co.uk,"May 27, 2026",70254,261.00 GB,261,hxxp://ijzn3sicrcy7guixkzjkib4ukbiilwc3xhnmby4mcbccnsd7j2rekvqd[.]onion/site/blog?uuid=4732c352-14af-432f-8a3b-328e5e0d69bc,hxxp://ijzn3sicrcy7guixkzjkib4ukbiilwc3xhnmby4mcbccnsd7j2rekvqd[.]onion/?page=19,United Kingdom,domain_tld,Company URL uses the country-code domain suffix .co.uk; verify against headquarters evidence.,Medium,tld_inferred
Qilin,2330,19,Shocco Springs,Hospitality,hxxp://www.shocco.org,"May 27, 2026",,,,hxxp://ijzn3sicrcy7guixkzjkib4ukbiilwc3xhnmby4mcbccnsd7j2rekvqd[.]onion/site/blog?uuid=1c8ccc14-5830-4052-83e2-ec12c0e5e95c,hxxp://ijzn3sicrcy7guixkzjkib4ukbiilwc3xhnmby4mcbccnsd7j2rekvqd[.]onion/?page=19,United States,official_website,"Address listed on the official website: 1314 Shocco Springs Road Talladega, AL 35160 (Alabama, United States).",High,enriched
Qilin,2329,19,Mainstreet Organization of REALTORS,Membership Organizations,hxxp://www.mainstreethomesearch.com,"May 27, 2026",,,,hxxp://ijzn3sicrcy7guixkzjkib4ukbiilwc3xhnmby4mcbccnsd7j2rekvqd[.]onion/site/blog?uuid=02d6b208-5db6-43ce-bbe7-a72aabbc82b1,hxxp://ijzn3sicrcy7guixkzjkib4ukbiilwc3xhnmby4mcbccnsd7j2rekvqd[.]onion/?page=19,Unknown,unknown,"The provided text contains only the company name, sector, URL, and extortion site details. There is no official headquarters, registration address, or profile evidence supplied to determine the country conclusively.",Unknown,unknown
Qilin,2328,19,Hamister Group,Holding Companies & Conglomerates,hxxp://www.hamistergroup.com,"May 26, 2026",,,,hxxp://ijzn3sicrcy7guixkzjkib4ukbiilwc3xhnmby4mcbccnsd7j2rekvqd[.]onion/site/blog?uuid=3a5f1ef5-7aec-4f4e-8f12-f36f57f7008c,hxxp://ijzn3sicrcy7guixkzjkib4ukbiilwc3xhnmby4mcbccnsd7j2rekvqd[.]onion/?page=19,United States,official_website,"Contact address lists: 10 Lafayette Square Suite 1900 Buffalo, NY 14203, and references to Buffalo, Western New York, and PA.",High,enriched
Qilin,2326,19,"THOMAS JORDAN, P.A",Manufacturing,hxxp://www.zoominfo.com/p/Thomas-Jordan/7980268,"May 24, 2026",,,,hxxp://ijzn3sicrcy7guixkzjkib4ukbiilwc3xhnmby4mcbccnsd7j2rekvqd[.]onion/site/blog?uuid=ad79efcf-ab01-4af3-b20e-b291f196740f,hxxp://ijzn3sicrcy7guixkzjkib4ukbiilwc3xhnmby4mcbccnsd7j2rekvqd[.]onion/?page=19,Unknown,unknown,"The provided evidence only contains a company name ('THOMAS JORDAN, P.A') and a ZoomInfo profile URL, but no webpage text, official address, registration country, or explicit headquarters location. Under the strict rules, inferring a country from the name or domain is not allowed, so the evidence is insufficient.",Unknown,unknown
Qilin,2325,19,Branded Products,Retail · Pennsylvania,hxxp://www.brandedproducts.com.au,"May 24, 2026",,,,hxxp://ijzn3sicrcy7guixkzjkib4ukbiilwc3xhnmby4mcbccnsd7j2rekvqd[.]onion/site/blog?uuid=3ef128e0-b18d-46df-88c1-ff2a51ff206f,hxxp://ijzn3sicrcy7guixkzjkib4ukbiilwc3xhnmby4mcbccnsd7j2rekvqd[.]onion/?page=19,Australia,domain_tld,Company URL uses the country-code domain suffix .com.au; verify against headquarters evidence.,Medium,tld_inferred
Qilin,2324,19,Sponseller Group,"Architecture, Engineering & Design",hxxp://www.sponsellergroup.com,"May 24, 2026",,,,hxxp://ijzn3sicrcy7guixkzjkib4ukbiilwc3xhnmby4mcbccnsd7j2rekvqd[.]onion/site/blog?uuid=6b72489c-ce4c-47c6-a7dd-174e050d9f6e,hxxp://ijzn3sicrcy7guixkzjkib4ukbiilwc3xhnmby4mcbccnsd7j2rekvqd[.]onion/?page=19,United States,official_website,"The official website text explicitly references locations in Toledo, Ohio, Holland, OH, and Sidney, OH, as well as providing US phone numbers and referencing operations across the United States.",High,enriched
Qilin,2322,19,ExpoCredit,Finance,hxxp://www.expocredit.com,"May 24, 2026",,,,hxxp://ijzn3sicrcy7guixkzjkib4ukbiilwc3xhnmby4mcbccnsd7j2rekvqd[.]onion/site/blog?uuid=aeca2b02-d09c-4e56-b06c-8f0b6c06f6c4,hxxp://ijzn3sicrcy7guixkzjkib4ukbiilwc3xhnmby4mcbccnsd7j2rekvqd[.]onion/?page=19,Unknown,unknown,"No official website metadata, address, or registry text was supplied in the evidence to determine the headquarters or primary registration country of ExpoCredit.",Unknown,unknown
Qilin,2321,19,P & G Trading,Grocery Retail,hxxp://www.pgtradingco.com,"May 24, 2026",,,,hxxp://ijzn3sicrcy7guixkzjkib4ukbiilwc3xhnmby4mcbccnsd7j2rekvqd[.]onion/site/blog?uuid=c796bb04-e35a-429e-aef0-16f8f3d58ed1,hxxp://ijzn3sicrcy7guixkzjkib4ukbiilwc3xhnmby4mcbccnsd7j2rekvqd[.]onion/?page=19,United States,official_website,"Contact address listed as: P&G Trading Co 2 Ott St Trenton NJ 08638, serving New Jersey and Eastern Pennsylvania.",High,enriched
Qilin,2320,19,Alpert Slobin & Rubenstein,Law Firms & Legal Services,hxxp://www.asrllp.com,"May 24, 2026",,,,hxxp://ijzn3sicrcy7guixkzjkib4ukbiilwc3xhnmby4mcbccnsd7j2rekvqd[.]onion/site/blog?uuid=81ae1ad0-8735-4f3a-b3a0-6e8ad72994f1,hxxp://ijzn3sicrcy7guixkzjkib4ukbiilwc3xhnmby4mcbccnsd7j2rekvqd[.]onion/?page=19,Unknown,unknown,"No official website text, registry data, or explicit address evidence was provided in the input to determine the company's headquarters or registration country.",Unknown,unknown
Qilin,2318,20,Semgrep,Software,hxxp://semgrep.dev,"May 22, 2026",,,,hxxp://ijzn3sicrcy7guixkzjkib4ukbiilwc3xhnmby4mcbccnsd7j2rekvqd[.]onion/site/blog?uuid=67045d50-5347-4ae2-a610-38593d71994d,hxxp://ijzn3sicrcy7guixkzjkib4ukbiilwc3xhnmby4mcbccnsd7j2rekvqd[.]onion/?page=20,Unknown,unknown,,Unknown,unknown
Qilin,2317,20,ROTO Immobilien,Real Estate,hxxp://www.roto-immobilien.at,"May 21, 2026",,,,hxxp://ijzn3sicrcy7guixkzjkib4ukbiilwc3xhnmby4mcbccnsd7j2rekvqd[.]onion/site/blog?uuid=723469f2-6713-46a5-a07c-99f446fd6148,hxxp://ijzn3sicrcy7guixkzjkib4ukbiilwc3xhnmby4mcbccnsd7j2rekvqd[.]onion/?page=20,Austria,domain_tld,Company URL uses the country-code domain suffix .at; verify against headquarters evidence.,Medium,tld_inferred
Qilin,2316,20,Vernon & Ginsburg,Law Firms & Legal Services,hxxp://www.vernonginsburg.com,"May 21, 2026",,,,hxxp://ijzn3sicrcy7guixkzjkib4ukbiilwc3xhnmby4mcbccnsd7j2rekvqd[.]onion/site/blog?uuid=b5d7cd8d-5f29-4f49-b180-326eee4e6ddc,hxxp://ijzn3sicrcy7guixkzjkib4ukbiilwc3xhnmby4mcbccnsd7j2rekvqd[.]onion/?page=20,United States,official_website,"Visible text mentions 'NY Court of Appeals' and the address '261 Madison Avenue, New York, New York 10016'.",High,enriched
Qilin,2315,20,Snyder Packaging,Manufacturing,hxxp://www.snyderpkg.com,"May 21, 2026",,,,hxxp://ijzn3sicrcy7guixkzjkib4ukbiilwc3xhnmby4mcbccnsd7j2rekvqd[.]onion/site/blog?uuid=b473a74f-5a6a-404b-956c-aac8458821ca,hxxp://ijzn3sicrcy7guixkzjkib4ukbiilwc3xhnmby4mcbccnsd7j2rekvqd[.]onion/?page=20,Unknown,unknown,,Unknown,unknown
Qilin,2314,20,Hamer Childs,Law Firms & Legal Services,hxxp://www.hamerchilds.co.uk,"May 20, 2026",,,,hxxp://ijzn3sicrcy7guixkzjkib4ukbiilwc3xhnmby4mcbccnsd7j2rekvqd[.]onion/site/blog?uuid=c5d607cc-33aa-4006-a808-599dc0997a32,hxxp://ijzn3sicrcy7guixkzjkib4ukbiilwc3xhnmby4mcbccnsd7j2rekvqd[.]onion/?page=20,United Kingdom,domain_tld,Company URL uses the country-code domain suffix .co.uk; verify against headquarters evidence.,Medium,tld_inferred
Qilin,2312,20,CJ Architects,"Architecture, Engineering & Design",hxxp://www.cjarchitects.net,"May 20, 2026",,,,hxxp://ijzn3sicrcy7guixkzjkib4ukbiilwc3xhnmby4mcbccnsd7j2rekvqd[.]onion/site/blog?uuid=b643f9eb-7e30-4836-8955-415480cfe9a6,hxxp://ijzn3sicrcy7guixkzjkib4ukbiilwc3xhnmby4mcbccnsd7j2rekvqd[.]onion/?page=20,Unknown,unknown,,Unknown,unknown
Qilin,2309,20,Cz Collections,Software,hxxp://www.czcollections.com,"May 20, 2026",,,,hxxp://ijzn3sicrcy7guixkzjkib4ukbiilwc3xhnmby4mcbccnsd7j2rekvqd[.]onion/site/blog?uuid=7703e181-abfd-4df1-8dfa-42b24cfcae3d,hxxp://ijzn3sicrcy7guixkzjkib4ukbiilwc3xhnmby4mcbccnsd7j2rekvqd[.]onion/?page=20,Unknown,unknown,"The provided text mentions multiple currencies (AUD, CAD, EUR, GBP, USD) and a toll-free telephone number (800-724-4315), as well as reference to 'CZ COLLECTIONS INC.', but lacks an explicit headquarters address, registered office, or explicit country of registration.",Unknown,unknown
Qilin,2305,20,Zachary Confections,Food & Beverage,hxxp://www.zacharyconfections.com,"May 19, 2026",,,,hxxp://ijzn3sicrcy7guixkzjkib4ukbiilwc3xhnmby4mcbccnsd7j2rekvqd[.]onion/site/blog?uuid=d6e801e2-91f2-40df-a088-e2cbead6e1aa,hxxp://ijzn3sicrcy7guixkzjkib4ukbiilwc3xhnmby4mcbccnsd7j2rekvqd[.]onion/?page=20,United States,official_website,"Zachary Confections 2130 West State Road 28 Frankfort, IN 46041",High,enriched
Qilin,2304,20,RCR Industrial Flooring,Construction,hxxp://www.rcrindustrialflooring.com,"May 18, 2026",,,,hxxp://ijzn3sicrcy7guixkzjkib4ukbiilwc3xhnmby4mcbccnsd7j2rekvqd[.]onion/site/blog?uuid=a536837c-3ebd-46d6-bdc4-a3685fe8d6df,hxxp://ijzn3sicrcy7guixkzjkib4ukbiilwc3xhnmby4mcbccnsd7j2rekvqd[.]onion/?page=20,Unknown,unknown,"The provided webpage text lists multiple countries where RCR Industrial Flooring operates (including the UK, USA, France, Germany, Spain, etc.) but does not explicitly state its primary headquarters or registration country.",Unknown,unknown
Qilin,2301,20,Musée du Bas-Saint-Laurent,Hospitality,hxxp://www.mbsl.qc.ca,"May 17, 2026",,,,hxxp://ijzn3sicrcy7guixkzjkib4ukbiilwc3xhnmby4mcbccnsd7j2rekvqd[.]onion/site/blog?uuid=7d9b817e-24da-4d8f-a7e2-0b573e3403d4,hxxp://ijzn3sicrcy7guixkzjkib4ukbiilwc3xhnmby4mcbccnsd7j2rekvqd[.]onion/?page=20,Canada,domain_tld,Company URL uses the country-code domain suffix .ca; verify against headquarters evidence.,Medium,tld_inferred
Qilin,2299,20,The Taylor Provisions,Food & Beverage,hxxp://www.originaltaylorporkroll.com,"May 17, 2026",,,,hxxp://ijzn3sicrcy7guixkzjkib4ukbiilwc3xhnmby4mcbccnsd7j2rekvqd[.]onion/site/blog?uuid=753fc2a7-1e1a-48ba-aac9-3c5261b3b689,hxxp://ijzn3sicrcy7guixkzjkib4ukbiilwc3xhnmby4mcbccnsd7j2rekvqd[.]onion/?page=20,United States,official_website,"The supplied webpage text indicates that Taylor Pork Roll is synonymous with New Jersey, references the United States, mentions cities/states such as Trenton, NJ, Morrisville, Pa., and Phoenix, AZ, and discusses origins in New Jersey.",High,enriched
Qilin,2295,20,PNSB Insurance Brokers Sdn Bhd,Insurance,hxxp://www.pnsbinsbroker.com.my,"May 17, 2026",245578,80.00 GB,80,hxxp://ijzn3sicrcy7guixkzjkib4ukbiilwc3xhnmby4mcbccnsd7j2rekvqd[.]onion/site/blog?uuid=c6ab8717-2893-43ec-bedd-2e47408a917c,hxxp://ijzn3sicrcy7guixkzjkib4ukbiilwc3xhnmby4mcbccnsd7j2rekvqd[.]onion/?page=20,Malaysia,domain_tld,Company URL uses the country-code domain suffix .com.my; verify against headquarters evidence.,Medium,tld_inferred
Qilin,2294,20,Comercial Echave Turri Limitada,Business Services,hxxp://www.ajj.cl,"May 17, 2026",198841,74.00 GB,74,hxxp://ijzn3sicrcy7guixkzjkib4ukbiilwc3xhnmby4mcbccnsd7j2rekvqd[.]onion/site/blog?uuid=4bfde194-c842-4903-93cb-68a9de8ba03a,hxxp://ijzn3sicrcy7guixkzjkib4ukbiilwc3xhnmby4mcbccnsd7j2rekvqd[.]onion/?page=20,Chile,domain_tld,Company URL uses the country-code domain suffix .cl; verify against headquarters evidence.,Medium,tld_inferred
Qilin,2293,20,CLINICA AVELLANEDA MEDICAL CENTER,0,hxxp://CLINICA AVELLANEDA MEDICAL CENTER,"May 16, 2026",,,,hxxp://ijzn3sicrcy7guixkzjkib4ukbiilwc3xhnmby4mcbccnsd7j2rekvqd[.]onion/site/blog?uuid=f5dd1c52-cb51-4535-a8ee-bfd7ed801e49,hxxp://ijzn3sicrcy7guixkzjkib4ukbiilwc3xhnmby4mcbccnsd7j2rekvqd[.]onion/?page=20,Unknown,unknown,No evidence or website text was provided to determine the headquarters or registration country of the company.,Unknown,unknown
Qilin,2292,20,Bangor Wholesale Laminates,Home Improvement & Hardware Retail,hxxp://www.bangorwholesalelaminates.com,"May 16, 2026",,,,hxxp://ijzn3sicrcy7guixkzjkib4ukbiilwc3xhnmby4mcbccnsd7j2rekvqd[.]onion/site/blog?uuid=ccf753d0-cb74-4b6c-ba5d-fffb06b082bc,hxxp://ijzn3sicrcy7guixkzjkib4ukbiilwc3xhnmby4mcbccnsd7j2rekvqd[.]onion/?page=20,United States,official_website,"Explicit address mentions Bangor, ME 04401 and Portland, ME 04103, and references the state of Maine.",High,enriched
Qilin,2285,20,Foot Solutions,Retail · Pennsylvania,hxxp://www.footsolutions.com,"May 15, 2026",,,,hxxp://ijzn3sicrcy7guixkzjkib4ukbiilwc3xhnmby4mcbccnsd7j2rekvqd[.]onion/site/blog?uuid=e9f74cf9-f2ec-4dfe-882d-6139896b242c,hxxp://ijzn3sicrcy7guixkzjkib4ukbiilwc3xhnmby4mcbccnsd7j2rekvqd[.]onion/?page=20,United States,official_website,The website text lists 'United States of America' among its store locations/regions and the sector metadata notes 'Retail · Pennsylvania'.,High,enriched
Qilin,2283,20,Cooperativa de Hospitales de Antioquia - COHAN,Government,hxxp://www.cohan.org.co,"May 15, 2026",7877165,"1,500.00 GB",1500,hxxp://ijzn3sicrcy7guixkzjkib4ukbiilwc3xhnmby4mcbccnsd7j2rekvqd[.]onion/site/blog?uuid=bd0eebf4-e436-4f46-b7d8-0c21f8fff528,hxxp://ijzn3sicrcy7guixkzjkib4ukbiilwc3xhnmby4mcbccnsd7j2rekvqd[.]onion/?page=20,Colombia,domain_only,"The company name 'Cooperativa de Hospitales de Antioquia - COHAN' references Antioquia, a department in Colombia, and the URL uses the Colombian top-level domain '.co'.",Medium,enriched
Qilin,2282,20,Delta Electric Power Association,"Electricity, Oil & Gas",hxxp://www.deltaepa.com,"May 14, 2026",480170,251.00 GB,251,hxxp://ijzn3sicrcy7guixkzjkib4ukbiilwc3xhnmby4mcbccnsd7j2rekvqd[.]onion/site/blog?uuid=c054af1f-76e8-4498-a937-7b0b8b7a1869,hxxp://ijzn3sicrcy7guixkzjkib4ukbiilwc3xhnmby4mcbccnsd7j2rekvqd[.]onion/?page=20,Unknown,unknown,Insufficient explicit location evidence was provided in the available fields to conclusively determine the company's headquarters or registration country.,Unknown,unknown
Qilin,2281,20,Schulte-Lindhorst GmbH & Co.,Business Services,hxxp://www.schulte-lindhorst.de/impressum.html,"May 14, 2026",,,,hxxp://ijzn3sicrcy7guixkzjkib4ukbiilwc3xhnmby4mcbccnsd7j2rekvqd[.]onion/site/blog?uuid=fc4e2698-9dcc-4f1f-bc54-cd2ecacf3f68,hxxp://ijzn3sicrcy7guixkzjkib4ukbiilwc3xhnmby4mcbccnsd7j2rekvqd[.]onion/?page=20,Germany,domain_tld,Company URL uses the country-code domain suffix .de; verify against headquarters evidence.,Medium,tld_inferred
Qilin,2280,20,Fab-Masters,Industrial Machinery & Equipment,hxxps://www.fabmastersinc.com/,"May 14, 2026",,,,hxxp://ijzn3sicrcy7guixkzjkib4ukbiilwc3xhnmby4mcbccnsd7j2rekvqd[.]onion/site/blog?uuid=04e96a4b-31cf-4ec4-bcc9-4316c3fb3383,hxxp://ijzn3sicrcy7guixkzjkib4ukbiilwc3xhnmby4mcbccnsd7j2rekvqd[.]onion/?page=20,United States,official_website,"Contact address: 901 Joliet Street, Janesville, WI 53546, explicitly referencing Wisconsin (WI), USA.",High,enriched
Qilin,2279,21,Bluize,Software,hxxps://www.bluize.com.au/,"May 13, 2026",,,,hxxp://ijzn3sicrcy7guixkzjkib4ukbiilwc3xhnmby4mcbccnsd7j2rekvqd[.]onion/site/blog?uuid=8289980d-3796-40b2-b594-9f76da9e6380,hxxp://ijzn3sicrcy7guixkzjkib4ukbiilwc3xhnmby4mcbccnsd7j2rekvqd[.]onion/?page=21,Australia,domain_tld,Company URL uses the country-code domain suffix .com.au; verify against headquarters evidence.,Medium,tld_inferred
Qilin,2267,21,Mediapost Spain,Advertising & Marketing,hxxps://www.mediapost.es,"May 12, 2026",200000,260.00 GB,260,hxxp://ijzn3sicrcy7guixkzjkib4ukbiilwc3xhnmby4mcbccnsd7j2rekvqd[.]onion/site/blog?uuid=c4b65820-1312-4205-a363-068fba9d5828,hxxp://ijzn3sicrcy7guixkzjkib4ukbiilwc3xhnmby4mcbccnsd7j2rekvqd[.]onion/?page=21,Spain,domain_tld,Company URL uses the country-code domain suffix .es; verify against headquarters evidence.,Medium,tld_inferred
Qilin,2266,21,AppDirect,Software,hxxp://www.appdirect.com,"May 11, 2026",,,,hxxp://ijzn3sicrcy7guixkzjkib4ukbiilwc3xhnmby4mcbccnsd7j2rekvqd[.]onion/site/blog?uuid=886cb38b-3505-490e-bc92-10e27a5f138c,hxxp://ijzn3sicrcy7guixkzjkib4ukbiilwc3xhnmby4mcbccnsd7j2rekvqd[.]onion/?page=21,Unknown,unknown,,Unknown,unknown
Qilin,2265,21,Pangolin Editions,Building Materials,hxxps://www.pangolin-editions.com/,"May 11, 2026",,,,hxxp://ijzn3sicrcy7guixkzjkib4ukbiilwc3xhnmby4mcbccnsd7j2rekvqd[.]onion/site/blog?uuid=079c1f00-a839-4e03-8f1c-942a5ea058a9,hxxp://ijzn3sicrcy7guixkzjkib4ukbiilwc3xhnmby4mcbccnsd7j2rekvqd[.]onion/?page=21,United Kingdom,official_website,Pangolin Editions Ltd 9 Chalford Industrial Estate Stroud Gloucestershire GL6 8NT United Kingdom,High,enriched
Qilin,2264,21,International Customer Care Services,Business Services,hxxps://iccs.global/,"May 11, 2026",46701,45.00 GB,45,hxxp://ijzn3sicrcy7guixkzjkib4ukbiilwc3xhnmby4mcbccnsd7j2rekvqd[.]onion/site/blog?uuid=826e3766-2e34-421e-bd2e-39bbf24e9f5d,hxxp://ijzn3sicrcy7guixkzjkib4ukbiilwc3xhnmby4mcbccnsd7j2rekvqd[.]onion/?page=21,Unknown,unknown,"The text mentions that ICCS provides omnichannel contact centre outsourcing solutions for brands in 'Canada, the United States and Internationally', and lists a toll-free number (1-888-660-4227), but does not state a specific corporate headquarters, registered office, or contact address country.",Unknown,unknown
Qilin,2262,21,SHERIFF,Business Services,hxxp://sheriff.com.ua,"May 9, 2026",,,,hxxp://ijzn3sicrcy7guixkzjkib4ukbiilwc3xhnmby4mcbccnsd7j2rekvqd[.]onion/site/blog?uuid=ce2b2565-40a3-44c9-8197-26e7524a309e,hxxp://ijzn3sicrcy7guixkzjkib4ukbiilwc3xhnmby4mcbccnsd7j2rekvqd[.]onion/?page=21,Ukraine,domain_tld,Company URL uses the country-code domain suffix .ua; verify against headquarters evidence.,Medium,tld_inferred
Qilin,2261,21,Lindabury,Law Firms & Legal Services,hxxp://www.lindabury.com,"May 8, 2026",,,,hxxp://ijzn3sicrcy7guixkzjkib4ukbiilwc3xhnmby4mcbccnsd7j2rekvqd[.]onion/site/blog?uuid=a3a02ff4-6ea5-4ca2-b31f-bac4da2a40b0,hxxp://ijzn3sicrcy7guixkzjkib4ukbiilwc3xhnmby4mcbccnsd7j2rekvqd[.]onion/?page=21,United States,official_website,"New Providence - Headquarters 430 Mountain Ave #300 New Providence , NJ 07974 US",High,enriched
Qilin,2253,21,Shipping Services,Business Services,hxxp://www.ssa-shipping.com.ar,"May 8, 2026",,,,hxxp://ijzn3sicrcy7guixkzjkib4ukbiilwc3xhnmby4mcbccnsd7j2rekvqd[.]onion/site/blog?uuid=5e73092f-63f0-4de6-8e0d-e4685d4ba88c,hxxp://ijzn3sicrcy7guixkzjkib4ukbiilwc3xhnmby4mcbccnsd7j2rekvqd[.]onion/?page=21,Argentina,domain_tld,Company URL uses the country-code domain suffix .com.ar; verify against headquarters evidence.,Medium,tld_inferred
Qilin,2252,21,Imex International,Business Services,hxxp://www.imexinter.com,"May 8, 2026",,,,hxxp://ijzn3sicrcy7guixkzjkib4ukbiilwc3xhnmby4mcbccnsd7j2rekvqd[.]onion/site/blog?uuid=8b23f095-b6b6-4ab4-9be8-07fa4cc59125,hxxp://ijzn3sicrcy7guixkzjkib4ukbiilwc3xhnmby4mcbccnsd7j2rekvqd[.]onion/?page=21,Thailand,official_website,Website title and meta description explicitly state: ผู้ผลิตกระเบื้องโมเสคแก้วและเซรามิก ประเทศไทย | Imex and 'ผู้ผลิตและส่งออกกระเบื้องโมเสคแก้ว เซรามิก และพอร์ซเลนจากประเทศไทย',High,enriched
Qilin,2251,21,Exco Technologies,Industrial Machinery & Equipment,hxxp://www.excocorp.com,"May 8, 2026",,,,hxxp://ijzn3sicrcy7guixkzjkib4ukbiilwc3xhnmby4mcbccnsd7j2rekvqd[.]onion/site/blog?uuid=12342335-f1a3-4d9c-9fc1-5737b77cd64d,hxxp://ijzn3sicrcy7guixkzjkib4ukbiilwc3xhnmby4mcbccnsd7j2rekvqd[.]onion/?page=21,Canada,official_website,"The corporate head office contact phone number uses the Canadian area code (905) 477-3065, and operations are listed as being based in Canada alongside other countries.",Medium,enriched
Qilin,2246,21,BMTP,Business Services,hxxps://bmtp.co.th/,"May 6, 2026",,,,hxxp://ijzn3sicrcy7guixkzjkib4ukbiilwc3xhnmby4mcbccnsd7j2rekvqd[.]onion/site/blog?uuid=d4384fb9-f35a-4aff-87a8-97cff99398f7,hxxp://ijzn3sicrcy7guixkzjkib4ukbiilwc3xhnmby4mcbccnsd7j2rekvqd[.]onion/?page=21,Thailand,domain_tld,Company URL uses the country-code domain suffix .th; verify against headquarters evidence.,Medium,tld_inferred
Qilin,2244,21,Time-Cap Labs,Manufacturing,hxxps://www.timecaplabs.com/,"May 6, 2026",,,,hxxp://ijzn3sicrcy7guixkzjkib4ukbiilwc3xhnmby4mcbccnsd7j2rekvqd[.]onion/site/blog?uuid=ae7d25a0-f7c7-4501-9333-106187fd4c6e,hxxp://ijzn3sicrcy7guixkzjkib4ukbiilwc3xhnmby4mcbccnsd7j2rekvqd[.]onion/?page=21,United States,official_website,"Contact address lists: 7 Michael Avenue Farmingdale NY, 11735 (New York, United States)",High,enriched
Qilin,2240,21,Asphalt Specialists,Civil Engineering Construction,hxxps://www.asipaving.com/,"May 6, 2026",,,,hxxp://ijzn3sicrcy7guixkzjkib4ukbiilwc3xhnmby4mcbccnsd7j2rekvqd[.]onion/site/blog?uuid=27c7dd70-6534-4e2c-b794-168ccf525eb7,hxxp://ijzn3sicrcy7guixkzjkib4ukbiilwc3xhnmby4mcbccnsd7j2rekvqd[.]onion/?page=21,United States,official_website,"Contact address: 1780 E. Highwood Pontiac, MI 48340; and references to Michigan and Southeast Michigan throughout the text.",High,enriched
Qilin,2239,21,Sysco,Grocery Retail,hxxp://www.sysco.com,"May 5, 2026",,,,hxxp://ijzn3sicrcy7guixkzjkib4ukbiilwc3xhnmby4mcbccnsd7j2rekvqd[.]onion/site/blog?uuid=fab840ed-52a9-4bd6-acf1-c38b4554a845,hxxp://ijzn3sicrcy7guixkzjkib4ukbiilwc3xhnmby4mcbccnsd7j2rekvqd[.]onion/?page=21,Unknown,unknown,,Unknown,unknown
Qilin,2238,21,Ahorramas,Grocery Retail,hxxps://www.ahorramas.com/,"May 5, 2026",,,,hxxp://ijzn3sicrcy7guixkzjkib4ukbiilwc3xhnmby4mcbccnsd7j2rekvqd[.]onion/site/blog?uuid=d9c05d3b-e059-44fd-b5ff-e542020cd69b,hxxp://ijzn3sicrcy7guixkzjkib4ukbiilwc3xhnmby4mcbccnsd7j2rekvqd[.]onion/?page=21,Spain,model_inference,"The company Ahorramas operates as a supermarket chain with domain metadata and visible text in Spanish ('Supermercado Ahorramas', 'Alimentación', 'Fresco'), and Ahorramas is a well-known supermarket chain headquartered in Spain.",Medium,enriched
Qilin,2237,21,Seagate Capital Construction,Construction,hxxps://www.seagatecapitalconstruction.com/,"May 4, 2026",,,,hxxp://ijzn3sicrcy7guixkzjkib4ukbiilwc3xhnmby4mcbccnsd7j2rekvqd[.]onion/site/blog?uuid=fad3eb9c-b440-44c4-a87a-cb6a6376843b,hxxp://ijzn3sicrcy7guixkzjkib4ukbiilwc3xhnmby4mcbccnsd7j2rekvqd[.]onion/?page=21,United States,official_website,"Contact address lists: 400 Village Square Crossing, Suite 3, Palm Beach Gardens, FL 33410, and featured projects located in West Palm Beach, Palm Beach, and Palm Beach Gardens, Florida.",High,enriched
Qilin,2233,21,Lexus,Automotive Parts,hxxp://www.lexus.ua,"May 4, 2026",,,,hxxp://ijzn3sicrcy7guixkzjkib4ukbiilwc3xhnmby4mcbccnsd7j2rekvqd[.]onion/site/blog?uuid=cd437699-bc88-4ee5-b912-ccf5cd27dd96,hxxp://ijzn3sicrcy7guixkzjkib4ukbiilwc3xhnmby4mcbccnsd7j2rekvqd[.]onion/?page=21,Ukraine,domain_tld,Company URL uses the country-code domain suffix .ua; verify against headquarters evidence.,Medium,tld_inferred
Qilin,2229,21,North Star Signs,Industrial Machinery & Equipment,hxxp://www.northstarsign.com,"May 2, 2026",,,,hxxp://ijzn3sicrcy7guixkzjkib4ukbiilwc3xhnmby4mcbccnsd7j2rekvqd[.]onion/site/blog?uuid=647579d2-391a-4782-b29c-eef23aaa4bd4,hxxp://ijzn3sicrcy7guixkzjkib4ukbiilwc3xhnmby4mcbccnsd7j2rekvqd[.]onion/?page=21,United States,official_website,"Contact address explicitly states: 66 Clinton Road Fairfield, New Jersey 07004, and meta description states located in Fairfield, NJ.",High,enriched
Qilin,2225,21,Martinez & Shanken,Finance,hxxp://www.aztaxcpa.com,"May 2, 2026",,,,hxxp://ijzn3sicrcy7guixkzjkib4ukbiilwc3xhnmby4mcbccnsd7j2rekvqd[.]onion/site/blog?uuid=6da18069-9099-4633-872f-0fd641e1cd93,hxxp://ijzn3sicrcy7guixkzjkib4ukbiilwc3xhnmby4mcbccnsd7j2rekvqd[.]onion/?page=21,United States,official_website,"The official website metadata and text explicitly state that Martinez & Shanken, PLLC is located in Gilbert, Arizona.",High,enriched
Qilin,2220,21,Zinkan & Barker Development,Real Estate,hxxps://www.zinkanandbarker.com/,"Apr 30, 2026",,,,hxxp://ijzn3sicrcy7guixkzjkib4ukbiilwc3xhnmby4mcbccnsd7j2rekvqd[.]onion/site/blog?uuid=aa3c8f2e-6d5b-477f-b636-f9440c94ab04,hxxp://ijzn3sicrcy7guixkzjkib4ukbiilwc3xhnmby4mcbccnsd7j2rekvqd[.]onion/?page=21,Unknown,unknown,"No official website metadata, address, or registration details were provided in the evidence to determine the company's country of headquarters.",Unknown,unknown
Qilin,2219,22,Jayeff Construction,Construction,hxxps://www.jayeff.com/,"Apr 30, 2026",,,,hxxp://ijzn3sicrcy7guixkzjkib4ukbiilwc3xhnmby4mcbccnsd7j2rekvqd[.]onion/site/blog?uuid=70cc7835-9389-4749-9fc3-e9c3d76fc876,hxxp://ijzn3sicrcy7guixkzjkib4ukbiilwc3xhnmby4mcbccnsd7j2rekvqd[.]onion/?page=22,United States,official_website,"Headquartered in New Jersey and Licensed in 35+ states; 1800 Route 34, Suite 403 | Wall Township, NJ 07719",High,enriched
Qilin,2218,22,See's Candies,Food & Beverage,hxxps://www.sees.com/,"Apr 30, 2026",,,,hxxp://ijzn3sicrcy7guixkzjkib4ukbiilwc3xhnmby4mcbccnsd7j2rekvqd[.]onion/site/blog?uuid=c328ef12-08a6-4fb3-bf54-e441d87d1ced,hxxp://ijzn3sicrcy7guixkzjkib4ukbiilwc3xhnmby4mcbccnsd7j2rekvqd[.]onion/?page=22,Unknown,unknown,,Unknown,unknown
Qilin,2215,22,Abazia SpA,Industrial Machinery & Equipment,hxxp://www.abazia.com,"Apr 30, 2026",,,,hxxp://ijzn3sicrcy7guixkzjkib4ukbiilwc3xhnmby4mcbccnsd7j2rekvqd[.]onion/site/blog?uuid=b2aee6c8-1fce-497b-953f-d84e078c5195,hxxp://ijzn3sicrcy7guixkzjkib4ukbiilwc3xhnmby4mcbccnsd7j2rekvqd[.]onion/?page=22,Italy,official_website,Sede operativa e amministrativa: Strada Statale 10 Padana Ovest 17/19 15023 Felizzano (AL) Italy,High,enriched
Qilin,2214,22,Philex Mining,Manufacturing,hxxp://www.philexmining.com.ph/,"Apr 30, 2026",,,,hxxp://ijzn3sicrcy7guixkzjkib4ukbiilwc3xhnmby4mcbccnsd7j2rekvqd[.]onion/site/blog?uuid=51dc3041-8999-40a5-8651-789673f3481e,hxxp://ijzn3sicrcy7guixkzjkib4ukbiilwc3xhnmby4mcbccnsd7j2rekvqd[.]onion/?page=22,Philippines,domain_tld,Company URL uses the country-code domain suffix .ph; verify against headquarters evidence.,Medium,tld_inferred
Qilin,2213,22,Osool Poultry,Food & Beverage,hxxps://osoolpoultry.com/,"Apr 30, 2026",,,,hxxp://ijzn3sicrcy7guixkzjkib4ukbiilwc3xhnmby4mcbccnsd7j2rekvqd[.]onion/site/blog?uuid=b5974ad0-ec65-440d-ace4-77ddeb5cf891,hxxp://ijzn3sicrcy7guixkzjkib4ukbiilwc3xhnmby4mcbccnsd7j2rekvqd[.]onion/?page=22,Oman,official_website,"Osool Poultry S.A.O.C P.O Box 3223 Azaiba, Postal Code 130 Muscat – Sultanate of Oman; meet the annual requirements of Oman's domestic poultry farming industry",High,enriched
Qilin,2212,22,Jgb,Healthcare Services,hxxps://www.jgb.com.co/,"Apr 30, 2026",664137,800.00 GB,800,hxxp://ijzn3sicrcy7guixkzjkib4ukbiilwc3xhnmby4mcbccnsd7j2rekvqd[.]onion/site/blog?uuid=7a7eff3e-4452-42e4-a651-c390bce9e89f,hxxp://ijzn3sicrcy7guixkzjkib4ukbiilwc3xhnmby4mcbccnsd7j2rekvqd[.]onion/?page=22,Colombia,official_website,"Oficina Principal Carrera. 5 # 23-82 Comuna 3 Cali, Valle del Cauca and references to Colombia in the official website title and metadata (""Laboratorio farmacéutico JGB en Colombia"").",High,enriched
Qilin,2207,22,Eduporium,Business Services,hxxps://www.eduporium.com/,"Apr 29, 2026",,,,hxxp://ijzn3sicrcy7guixkzjkib4ukbiilwc3xhnmby4mcbccnsd7j2rekvqd[.]onion/site/blog?uuid=8f6b7088-4865-4606-b73d-1a61073fa27a,hxxp://ijzn3sicrcy7guixkzjkib4ukbiilwc3xhnmby4mcbccnsd7j2rekvqd[.]onion/?page=22,Unknown,unknown,,Unknown,unknown
Qilin,2202,22,Construction Sciences,"Architecture, Engineering & Design",hxxps://www.constructionsciences.net/,"Apr 28, 2026",,,,hxxp://ijzn3sicrcy7guixkzjkib4ukbiilwc3xhnmby4mcbccnsd7j2rekvqd[.]onion/site/blog?uuid=369a1f91-b7bb-4c43-9760-ce8e73a49d91,hxxp://ijzn3sicrcy7guixkzjkib4ukbiilwc3xhnmby4mcbccnsd7j2rekvqd[.]onion/?page=22,Australia,official_website,"The official website text lists corporate addresses across multiple Australian states explicitly specifying 'Australia' (e.g., QLD, NSW, SA, WA, Tasmania) and references major Australian infrastructure projects such as Western Sydney International, The Metro Tunnel Project, and MacIntyre Wind Farm.",High,enriched
Qilin,2200,22,HBX Group,Hospitality,hxxps://www.hbxgroup.com/,"Apr 28, 2026",,,,hxxp://ijzn3sicrcy7guixkzjkib4ukbiilwc3xhnmby4mcbccnsd7j2rekvqd[.]onion/site/blog?uuid=eb002efc-c6f0-4c5f-9dfe-03ac9bc52bc9,hxxp://ijzn3sicrcy7guixkzjkib4ukbiilwc3xhnmby4mcbccnsd7j2rekvqd[.]onion/?page=22,Unknown,unknown,,Unknown,unknown
Qilin,2198,22,Lifeline PCS,0,hxxp://www.lifelinepcs.com,"Apr 27, 2026",,,,hxxp://ijzn3sicrcy7guixkzjkib4ukbiilwc3xhnmby4mcbccnsd7j2rekvqd[.]onion/site/blog?uuid=9e2a4ac9-7864-4fdb-b2e8-649d1eecc9d0,hxxp://ijzn3sicrcy7guixkzjkib4ukbiilwc3xhnmby4mcbccnsd7j2rekvqd[.]onion/?page=22,United States,official_website,"The official website metadata and text state that Lifeline Behavioral Health operates in Arizona and mentions a location in Tempe, along with a US phone area code (480).",High,enriched
Qilin,2197,22,Leone Film Group SpA,Broadcasting,hxxp://www.leonefilmgroup.com,"Apr 27, 2026",,,,hxxp://ijzn3sicrcy7guixkzjkib4ukbiilwc3xhnmby4mcbccnsd7j2rekvqd[.]onion/site/blog?uuid=3b718f63-7722-4cb9-a8d1-bb32347609c8,hxxp://ijzn3sicrcy7guixkzjkib4ukbiilwc3xhnmby4mcbccnsd7j2rekvqd[.]onion/?page=22,Italy,official_website,"The company's official website states it is a leader in Italy ('leader in Italia') and lists its registered address as 'Via Birmania, 74/76 – 00144 Roma' along with a Registro Imprese di Roma tax/registration number.",High,enriched
Qilin,2194,22,Jens Jensen,Consumer Services,hxxp://jensjensen.dk,"Apr 27, 2026",,,,hxxp://ijzn3sicrcy7guixkzjkib4ukbiilwc3xhnmby4mcbccnsd7j2rekvqd[.]onion/site/blog?uuid=64ff6ba5-8399-4e42-a0eb-ba3b77340b6d,hxxp://ijzn3sicrcy7guixkzjkib4ukbiilwc3xhnmby4mcbccnsd7j2rekvqd[.]onion/?page=22,Denmark,domain_tld,Company URL uses the country-code domain suffix .dk; verify against headquarters evidence.,Medium,tld_inferred
Qilin,2193,22,Blantyre Capital,Credit Cards & Transaction Processing,hxxps://www.blantyrecapital.com/,"Apr 27, 2026",,,,hxxp://ijzn3sicrcy7guixkzjkib4ukbiilwc3xhnmby4mcbccnsd7j2rekvqd[.]onion/site/blog?uuid=96112ccf-0ed6-4048-b6a5-f909872628e2,hxxp://ijzn3sicrcy7guixkzjkib4ukbiilwc3xhnmby4mcbccnsd7j2rekvqd[.]onion/?page=22,United Kingdom,official_website,Authorised and Regulated by The UK Financial Conduct Authority (FCA Registration Number 771579),High,enriched
Qilin,2192,22,Inspira,0,hxxps://www.inspirapr.com/,"Apr 27, 2026",,,,hxxp://ijzn3sicrcy7guixkzjkib4ukbiilwc3xhnmby4mcbccnsd7j2rekvqd[.]onion/site/blog?uuid=5d32509c-b974-483a-ac47-fc04e74e3583,hxxp://ijzn3sicrcy7guixkzjkib4ukbiilwc3xhnmby4mcbccnsd7j2rekvqd[.]onion/?page=22,Puerto Rico,official_website,Meta description states: 'Centro para la salud mental y emocional en Puerto Rico.' and visible text states: '+30 años sirviendo a Puerto Rico'.,High,enriched
Qilin,2191,22,﻿﻿Muller Technology,Industrial Machinery & Equipment,hxxps://www.muller-technology.com/,"Apr 26, 2026",0,22.00 GB,22,hxxp://ijzn3sicrcy7guixkzjkib4ukbiilwc3xhnmby4mcbccnsd7j2rekvqd[.]onion/site/blog?uuid=f92a2b79-707b-42e4-9335-cfa02313d037,hxxp://ijzn3sicrcy7guixkzjkib4ukbiilwc3xhnmby4mcbccnsd7j2rekvqd[.]onion/?page=22,Switzerland,official_website,Muller Technology Conthey SA Route de Sécheron 1964 Conthey 1 Switzerland,High,enriched
Qilin,2189,22,Longwood Engineering Company,Manufacturing,hxxps://www.longwoodengineering.co.uk/,"Apr 26, 2026",83598,29.00 GB,29,hxxp://ijzn3sicrcy7guixkzjkib4ukbiilwc3xhnmby4mcbccnsd7j2rekvqd[.]onion/site/blog?uuid=de45ff0e-e9b3-4b0f-b711-664acc7bb31f,hxxp://ijzn3sicrcy7guixkzjkib4ukbiilwc3xhnmby4mcbccnsd7j2rekvqd[.]onion/?page=22,United Kingdom,domain_tld,Company URL uses the country-code domain suffix .co.uk; verify against headquarters evidence.,Medium,tld_inferred
Qilin,2187,22,Istarpal,Education,hxxps://www.istarpal.com/,"Apr 26, 2026",,,,hxxp://ijzn3sicrcy7guixkzjkib4ukbiilwc3xhnmby4mcbccnsd7j2rekvqd[.]onion/site/blog?uuid=53b52d91-047d-4b1d-9561-d2c44f340510,hxxp://ijzn3sicrcy7guixkzjkib4ukbiilwc3xhnmby4mcbccnsd7j2rekvqd[.]onion/?page=22,Unknown,unknown,"The provided webpage text mentions syllabuses like Cambridge IGCSE, Singapore O-Level, and Malaysian SPM, and notes that it is designed by educators at Starclub Education, but it contains no explicit headquarters, registered-office, contact-address, or company-registration country evidence.",Unknown,unknown
Qilin,2185,22,Chase Cooper Limited (RiskLogix Solutions),Software,hxxp://Chase Cooper Limited (RiskLogix Solutions),"Apr 25, 2026",90809,34.00 GB,34,hxxp://ijzn3sicrcy7guixkzjkib4ukbiilwc3xhnmby4mcbccnsd7j2rekvqd[.]onion/site/blog?uuid=9653e175-0e80-495b-91f8-78eb6e684399,hxxp://ijzn3sicrcy7guixkzjkib4ukbiilwc3xhnmby4mcbccnsd7j2rekvqd[.]onion/?page=22,Unknown,unknown,,Unknown,unknown
Qilin,2184,22,Mid Florida Dermatology & Plastic Surgery,0,hxxps://www.midflmed.com/,"Apr 25, 2026",,,,hxxp://ijzn3sicrcy7guixkzjkib4ukbiilwc3xhnmby4mcbccnsd7j2rekvqd[.]onion/site/blog?uuid=a1361397-7377-41c6-a91c-0144f3c9374e,hxxp://ijzn3sicrcy7guixkzjkib4ukbiilwc3xhnmby4mcbccnsd7j2rekvqd[.]onion/?page=22,United States,official_website,"Meta description and text reference '30+ Florida offices', 'Orlando Dermatologist', and locations in Florida, USA.",High,enriched
Qilin,2179,22,SanCor,Food & Beverage,hxxps://www.sancor.com/,"Apr 25, 2026",,,,hxxp://ijzn3sicrcy7guixkzjkib4ukbiilwc3xhnmby4mcbccnsd7j2rekvqd[.]onion/site/blog?uuid=120bce78-580e-4d21-a9b8-b47d01cb5937,hxxp://ijzn3sicrcy7guixkzjkib4ukbiilwc3xhnmby4mcbccnsd7j2rekvqd[.]onion/?page=22,Unknown,unknown,,Unknown,unknown
Qilin,2177,23,Leistritz Turbine Technology,Business Services,hxxps://turbines.leistritz.com/,"Apr 25, 2026",,,,hxxp://ijzn3sicrcy7guixkzjkib4ukbiilwc3xhnmby4mcbccnsd7j2rekvqd[.]onion/site/blog?uuid=de499d1b-c806-4643-befa-6780cfcb1244,hxxp://ijzn3sicrcy7guixkzjkib4ukbiilwc3xhnmby4mcbccnsd7j2rekvqd[.]onion/?page=23,Germany,official_website,"Contact address lists: Leistritz Turbinentechnik GmbH - Lempstraße 24 - 42859 Remscheid, Germany, along with a German phone country code (+49) and German text.",High,enriched
Qilin,2176,23,Cahbo Produkter,Building Materials,hxxps://www.cahbo.se/,"Apr 25, 2026",0,547.00 GB,547,hxxp://ijzn3sicrcy7guixkzjkib4ukbiilwc3xhnmby4mcbccnsd7j2rekvqd[.]onion/site/blog?uuid=234117e4-a04b-481d-94d4-a22c68d1c635,hxxp://ijzn3sicrcy7guixkzjkib4ukbiilwc3xhnmby4mcbccnsd7j2rekvqd[.]onion/?page=23,Sweden,domain_tld,Company URL uses the country-code domain suffix .se; verify against headquarters evidence.,Medium,tld_inferred
Qilin,2175,23,Buckley Powder,Manufacturing,hxxps://www.buckleypowder.com/,"Apr 25, 2026",,,,hxxp://ijzn3sicrcy7guixkzjkib4ukbiilwc3xhnmby4mcbccnsd7j2rekvqd[.]onion/site/blog?uuid=ad6e7758-9aed-447e-84c4-3f6a8e3e0b6e,hxxp://ijzn3sicrcy7guixkzjkib4ukbiilwc3xhnmby4mcbccnsd7j2rekvqd[.]onion/?page=23,United States,official_website,"Headquartered in Englewood, Colorado, we operate across the United States. Contact Us 42 Inverness Drive, Englewood, CO 80112",High,enriched
Qilin,2173,23,Marc Cain,Retail · Pennsylvania,hxxps://www.marc-cain.com/,"Apr 24, 2026",,,,hxxp://ijzn3sicrcy7guixkzjkib4ukbiilwc3xhnmby4mcbccnsd7j2rekvqd[.]onion/site/blog?uuid=14354888-e288-4bfa-98c1-9a0a1827a06a,hxxp://ijzn3sicrcy7guixkzjkib4ukbiilwc3xhnmby4mcbccnsd7j2rekvqd[.]onion/?page=23,Germany,official_website,The official website text contains repeated references to 'Knitted in Germany' and German language metadata/content for the brand Marc Cain.,High,enriched
Qilin,2172,23,Denso,Automotive Parts,hxxps://www.denso-ts.com/,"Apr 24, 2026",,,,hxxp://ijzn3sicrcy7guixkzjkib4ukbiilwc3xhnmby4mcbccnsd7j2rekvqd[.]onion/site/blog?uuid=5cbe8c15-ab75-4cd4-b593-f8e4b70cbcb4,hxxp://ijzn3sicrcy7guixkzjkib4ukbiilwc3xhnmby4mcbccnsd7j2rekvqd[.]onion/?page=23,Italy,official_website,"The company name from the website metadata/title is 'DENSO – Thermal Systems S.p.A.', where 'S.p.A.' (Società per Azioni) is the standard Italian corporate designation equivalent to a public limited company.",Medium,enriched
Qilin,2168,23,Priests for Life,Non-Profit & Charitable Organizations,hxxps://www.priestsforlife.org/,"Apr 24, 2026",,,,hxxp://ijzn3sicrcy7guixkzjkib4ukbiilwc3xhnmby4mcbccnsd7j2rekvqd[.]onion/site/blog?uuid=95a2e088-2df7-4459-9bf4-9c1635272582,hxxp://ijzn3sicrcy7guixkzjkib4ukbiilwc3xhnmby4mcbccnsd7j2rekvqd[.]onion/?page=23,United States,official_website,"The website text explicitly states: 'To end abortion in America. As one of the most experienced pro-life groups, Priests for Life exists to activate America's Churches to pray, preach, and mobilize God’s people to save the unborn.' and mentions advisory committees for President Trump.",High,enriched
Qilin,2167,23,"City of Napoleon, Ohio",Government,hxxps://www.napoleonohio.com/,"Apr 23, 2026",,,,hxxp://ijzn3sicrcy7guixkzjkib4ukbiilwc3xhnmby4mcbccnsd7j2rekvqd[.]onion/site/blog?uuid=60cf33bb-d84a-4ebb-91fa-91199cd5df61,hxxp://ijzn3sicrcy7guixkzjkib4ukbiilwc3xhnmby4mcbccnsd7j2rekvqd[.]onion/?page=23,United States,official_website,"The official website and metadata explicitly reference Napoleon, Ohio, Henry County, OH 43545, and U.S. regional identifiers.",High,enriched
Qilin,2165,23,The FAFS,Business Services,hxxps://www.fafscorp.com/,"Apr 23, 2026",,,,hxxp://ijzn3sicrcy7guixkzjkib4ukbiilwc3xhnmby4mcbccnsd7j2rekvqd[.]onion/site/blog?uuid=bad35319-6d38-4e59-958f-8cc3c6546df3,hxxp://ijzn3sicrcy7guixkzjkib4ukbiilwc3xhnmby4mcbccnsd7j2rekvqd[.]onion/?page=23,Unknown,unknown,"The provided website text mentions operating call centers in both the United States and the Philippines (""two US-managed call centers in both the United States and the Philippines"", ""most-trusted call centers in the U.S., the Philippines and around the world""), but does not specify a single definitive headquarters or primary registration country.",Unknown,unknown
Qilin,2161,23,LA Woodworks,Furniture,hxxps://www.lawoodworksinc.com/,"Apr 22, 2026",,,,hxxp://ijzn3sicrcy7guixkzjkib4ukbiilwc3xhnmby4mcbccnsd7j2rekvqd[.]onion/site/blog?uuid=96e2f88b-cd48-4cb7-b6a3-1457ab554fb9,hxxp://ijzn3sicrcy7guixkzjkib4ukbiilwc3xhnmby4mcbccnsd7j2rekvqd[.]onion/?page=23,United States,official_website,"Contact address lists '4476 Bents Dr, Windsor, CO 80550', and text mentions 'Northern Colorado' and 'Colorado'.",High,enriched
Qilin,2155,23,Dillon Family Medicine,0,hxxps://www.dillonfamilymedicine.com/,"Apr 21, 2026",,,,hxxp://ijzn3sicrcy7guixkzjkib4ukbiilwc3xhnmby4mcbccnsd7j2rekvqd[.]onion/site/blog?uuid=23559922-26fd-496f-94cf-6261dc9d58e6,hxxp://ijzn3sicrcy7guixkzjkib4ukbiilwc3xhnmby4mcbccnsd7j2rekvqd[.]onion/?page=23,Unknown,unknown,,Unknown,unknown
Qilin,2154,23,Ferguson Timar,Finance,hxxps://www.fergusontimar.com/,"Apr 21, 2026",,,,hxxp://ijzn3sicrcy7guixkzjkib4ukbiilwc3xhnmby4mcbccnsd7j2rekvqd[.]onion/site/blog?uuid=1bbcec82-5c8c-46ec-9639-20f7c1a47db0,hxxp://ijzn3sicrcy7guixkzjkib4ukbiilwc3xhnmby4mcbccnsd7j2rekvqd[.]onion/?page=23,United States,official_website,"Visible text from the official website includes references to the California Franchise Tax Board, California State Board of Equalization, California Employment Development Department, and an address in Fullerton, CA 92831 (California, USA).",High,enriched
Qilin,2153,23,Safety Engineering Laboratories,Business Services,hxxps://www.safetyengineeringlabs.com/,"Apr 21, 2026",,,,hxxp://ijzn3sicrcy7guixkzjkib4ukbiilwc3xhnmby4mcbccnsd7j2rekvqd[.]onion/site/blog?uuid=5151f924-dd51-4654-96ee-4f251051c958,hxxp://ijzn3sicrcy7guixkzjkib4ukbiilwc3xhnmby4mcbccnsd7j2rekvqd[.]onion/?page=23,United States,official_website,"Contact address lists Warren, MI 48088 (Michigan, USA), telephone area code 586, and states services are provided across the United States.",High,enriched
Qilin,2152,23,STERIMED,Manufacturing,hxxp://sterimed.fr,"Apr 21, 2026",,,,hxxp://ijzn3sicrcy7guixkzjkib4ukbiilwc3xhnmby4mcbccnsd7j2rekvqd[.]onion/site/blog?uuid=afa2db4c-b35b-40aa-9812-82a35ab9c6bf,hxxp://ijzn3sicrcy7guixkzjkib4ukbiilwc3xhnmby4mcbccnsd7j2rekvqd[.]onion/?page=23,France,domain_tld,Company URL uses the country-code domain suffix .fr; verify against headquarters evidence.,Medium,tld_inferred
Qilin,2151,23,Avitrans,Freight & Logistics Services,hxxps://www.avitrans.com/,"Apr 21, 2026",,,,hxxp://ijzn3sicrcy7guixkzjkib4ukbiilwc3xhnmby4mcbccnsd7j2rekvqd[.]onion/site/blog?uuid=630d6424-b8e2-4d05-b67f-1d0e9054c16b,hxxp://ijzn3sicrcy7guixkzjkib4ukbiilwc3xhnmby4mcbccnsd7j2rekvqd[.]onion/?page=23,Unknown,unknown,"The provided text indicates the company is named AVITRANS S.A. and operates in international transport, customs, and logistics with services across Europe, but there is no explicit mention of its headquarters, registered office, or specific country address in the supplied text.",Unknown,unknown
Qilin,2150,23,ruskcountywi.us,Government,hxxps://www.ruskcountywi.us/,"Apr 21, 2026",,,,hxxp://ijzn3sicrcy7guixkzjkib4ukbiilwc3xhnmby4mcbccnsd7j2rekvqd[.]onion/site/blog?uuid=52fc0d7f-7cf9-4c90-9519-d886e27197a8,hxxp://ijzn3sicrcy7guixkzjkib4ukbiilwc3xhnmby4mcbccnsd7j2rekvqd[.]onion/?page=23,United States,domain_tld,Company URL uses the country-code domain suffix .us; verify against headquarters evidence.,Medium,tld_inferred
Qilin,2149,23,SafeRain,Industrial Machinery & Equipment,hxxps://www.saferain.com/,"Apr 20, 2026",0,100.00 GB,100,hxxp://ijzn3sicrcy7guixkzjkib4ukbiilwc3xhnmby4mcbccnsd7j2rekvqd[.]onion/site/blog?uuid=6be18f50-6056-4ec9-809e-9ee8e59680dc,hxxp://ijzn3sicrcy7guixkzjkib4ukbiilwc3xhnmby4mcbccnsd7j2rekvqd[.]onion/?page=23,Unknown,unknown,No official website text or registry evidence was supplied to determine the headquarters or primary registration country.,Unknown,unknown
Qilin,2143,23,The Go Solution,Business Services,hxxps://www.thegosolution.com/,"Apr 20, 2026",,,,hxxp://ijzn3sicrcy7guixkzjkib4ukbiilwc3xhnmby4mcbccnsd7j2rekvqd[.]onion/site/blog?uuid=90ebc9a6-cf80-4514-a4a7-4282a2a56223,hxxp://ijzn3sicrcy7guixkzjkib4ukbiilwc3xhnmby4mcbccnsd7j2rekvqd[.]onion/?page=23,Unknown,unknown,,Unknown,unknown
Qilin,2142,23,GUEGUEN Avocats,Law Firms & Legal Services,hxxps://www.gueguenavocats.com/,"Apr 20, 2026",,,,hxxp://ijzn3sicrcy7guixkzjkib4ukbiilwc3xhnmby4mcbccnsd7j2rekvqd[.]onion/site/blog?uuid=bfe4f5a0-89c7-4751-bce6-b2fb8a332f39,hxxp://ijzn3sicrcy7guixkzjkib4ukbiilwc3xhnmby4mcbccnsd7j2rekvqd[.]onion/?page=23,France,official_website,"Avocats au Barreau de Nantes 100, rue du Leinster – BP 34119 44241 LA CHAPELLE SUR ERDRE Cedex",High,enriched
Qilin,2141,23,City'Pro,Education,hxxps://www.city-pro.info/,"Apr 20, 2026",,,,hxxp://ijzn3sicrcy7guixkzjkib4ukbiilwc3xhnmby4mcbccnsd7j2rekvqd[.]onion/site/blog?uuid=eedd0eaa-5cd6-4450-b165-24877fb4124d,hxxp://ijzn3sicrcy7guixkzjkib4ukbiilwc3xhnmby4mcbccnsd7j2rekvqd[.]onion/?page=23,Unknown,unknown,,Unknown,unknown
Qilin,2139,23,Henley,Finance,hxxps://www.henleyandcompany.com/,"Apr 19, 2026",,,,hxxp://ijzn3sicrcy7guixkzjkib4ukbiilwc3xhnmby4mcbccnsd7j2rekvqd[.]onion/site/blog?uuid=58b388ea-37db-4113-870f-16d1eb041d0b,hxxp://ijzn3sicrcy7guixkzjkib4ukbiilwc3xhnmby4mcbccnsd7j2rekvqd[.]onion/?page=23,United States,official_website,"Henley & Company LLC, is a New York based, FINRA / MSRB / SIPC firm... Uniondale 506 RXR Plaza Uniondale, New York 11556... 5 Penn Plaza, Floor 19 New York, NY 10001",High,enriched
Qilin,2138,24,Nanometrics,Manufacturing,hxxps://www.nanometrics.ca/,"Apr 19, 2026",,,,hxxp://ijzn3sicrcy7guixkzjkib4ukbiilwc3xhnmby4mcbccnsd7j2rekvqd[.]onion/site/blog?uuid=762b5171-94c3-4331-89b6-75515cad5217,hxxp://ijzn3sicrcy7guixkzjkib4ukbiilwc3xhnmby4mcbccnsd7j2rekvqd[.]onion/?page=24,Canada,domain_tld,Company URL uses the country-code domain suffix .ca; verify against headquarters evidence.,Medium,tld_inferred
Qilin,2135,24,Tripod Farmers,Agriculture,hxxps://www.tripodfarmers.com.au/,"Apr 17, 2026",,,,hxxp://ijzn3sicrcy7guixkzjkib4ukbiilwc3xhnmby4mcbccnsd7j2rekvqd[.]onion/site/blog?uuid=790886be-4286-41dd-827a-4a3cb76bda56,hxxp://ijzn3sicrcy7guixkzjkib4ukbiilwc3xhnmby4mcbccnsd7j2rekvqd[.]onion/?page=24,Australia,domain_tld,Company URL uses the country-code domain suffix .com.au; verify against headquarters evidence.,Medium,tld_inferred
Qilin,2134,24,Roman Catholic Archdiocese of St John,Business Services,hxxps://www.rcsj.org/,"Apr 16, 2026",,,,hxxp://ijzn3sicrcy7guixkzjkib4ukbiilwc3xhnmby4mcbccnsd7j2rekvqd[.]onion/site/blog?uuid=88cda16d-bafe-4998-9ff5-ec969afed76a,hxxp://ijzn3sicrcy7guixkzjkib4ukbiilwc3xhnmby4mcbccnsd7j2rekvqd[.]onion/?page=24,Canada,official_website,"Contact address lists Suite 402, 33 Pippy Place, St. John's, NL A1B 3X2, and text mentions 'Church in Canada' and diocese support.",High,enriched
Qilin,2132,24,Netalia,Business Services,hxxps://netalia.it/,"Apr 16, 2026",134290,211.00 GB,211,hxxp://ijzn3sicrcy7guixkzjkib4ukbiilwc3xhnmby4mcbccnsd7j2rekvqd[.]onion/site/blog?uuid=72a08d8f-b2e4-455a-869a-30388525d733,hxxp://ijzn3sicrcy7guixkzjkib4ukbiilwc3xhnmby4mcbccnsd7j2rekvqd[.]onion/?page=24,Italy,domain_tld,Company URL uses the country-code domain suffix .it; verify against headquarters evidence.,Medium,tld_inferred
Qilin,2131,24,Clearwater Marine Aquarium,Hospitality,hxxps://www.cmaquarium.org/,"Apr 15, 2026",60395,84.00 GB,84,hxxp://ijzn3sicrcy7guixkzjkib4ukbiilwc3xhnmby4mcbccnsd7j2rekvqd[.]onion/site/blog?uuid=90434527-36d5-4890-bc47-ade1576181f9,hxxp://ijzn3sicrcy7guixkzjkib4ukbiilwc3xhnmby4mcbccnsd7j2rekvqd[.]onion/?page=24,United States,official_website,"Clearwater Marine Aquarium 249 Windward Passage Clearwater , FL 33767; Florida's Marine Life Rescue Center; A FL-BASED NONPROFIT CORPORATION",High,enriched
Qilin,2130,24,Providence Medical Group,0,hxxps://www.provmedgroup.com/,"Apr 15, 2026",,,,hxxp://ijzn3sicrcy7guixkzjkib4ukbiilwc3xhnmby4mcbccnsd7j2rekvqd[.]onion/site/blog?uuid=6105bf1b-6bbb-4894-b9fa-fb754442dbbb,hxxp://ijzn3sicrcy7guixkzjkib4ukbiilwc3xhnmby4mcbccnsd7j2rekvqd[.]onion/?page=24,United States,official_website,"Website title and text reference Dayton, Ohio, as well as multiple local Ohio locations such as Beavercreek, Bellbrook, Centerville, Germantown, Huber Heights, Springboro, Vandalia, and Waynesville.",High,enriched
Qilin,2129,24,Limkon,Food & Beverage,hxxps://www.limkon.com/,"Apr 15, 2026",,,,hxxp://ijzn3sicrcy7guixkzjkib4ukbiilwc3xhnmby4mcbccnsd7j2rekvqd[.]onion/site/blog?uuid=4e1f976e-b3b1-4430-adad-16760a3258c9,hxxp://ijzn3sicrcy7guixkzjkib4ukbiilwc3xhnmby4mcbccnsd7j2rekvqd[.]onion/?page=24,Turkey,official_website,"Meta description and text state 'Adana merkezli üretim tesisinde' (production facility based in Adana) and mention 'Limkon Gıda Sanayi ve Ticaret A.Ş.' located in 'Adana Hacı Sabancı Organize Sanayi Bölgesinde', contributing to 'Türkiye’miz ekonomisine değer katmaktadır'.",High,enriched
Qilin,2128,24,Gruppo ICM SPA,Construction,hxxps://www.gruppoicm.com,"Apr 15, 2026",187400,402.00 GB,402,hxxp://ijzn3sicrcy7guixkzjkib4ukbiilwc3xhnmby4mcbccnsd7j2rekvqd[.]onion/site/blog?uuid=ab4ee3d3-82fe-4625-be83-2568706af625,hxxp://ijzn3sicrcy7guixkzjkib4ukbiilwc3xhnmby4mcbccnsd7j2rekvqd[.]onion/?page=24,Italy,official_website,"Headquarter Vicenza- 36100 Viale dell'Industria, 42 ITALY",High,enriched
Qilin,2121,24,Després Mécanique Mobile,Business Services,hxxps://www.despresmecanique.ca/,"Apr 13, 2026",,,,hxxp://ijzn3sicrcy7guixkzjkib4ukbiilwc3xhnmby4mcbccnsd7j2rekvqd[.]onion/site/blog?uuid=59913704-81a1-4569-84d6-a2d0664db454,hxxp://ijzn3sicrcy7guixkzjkib4ukbiilwc3xhnmby4mcbccnsd7j2rekvqd[.]onion/?page=24,Canada,domain_tld,Company URL uses the country-code domain suffix .ca; verify against headquarters evidence.,Medium,tld_inferred
Qilin,2120,24,Herth+Buss,Automotive Parts,hxxps://www.herthundbuss.com/,"Apr 13, 2026",,,,hxxp://ijzn3sicrcy7guixkzjkib4ukbiilwc3xhnmby4mcbccnsd7j2rekvqd[.]onion/site/blog?uuid=a81a01e9-efa8-46e7-996d-5d89d4395d27,hxxp://ijzn3sicrcy7guixkzjkib4ukbiilwc3xhnmby4mcbccnsd7j2rekvqd[.]onion/?page=24,Germany,official_website,"The official website metadata and text explicitly mention 'Qualität von Deutschlands Nr. 1' (Germany's No. 1) and use German as the primary language, along with offering VDE-certified Profiqualität 'Made in Germany'.",High,enriched
Qilin,2119,24,Sadtek,"Architecture, Engineering & Design",hxxps://www.sadtek.com/,"Apr 10, 2026",,,,hxxp://ijzn3sicrcy7guixkzjkib4ukbiilwc3xhnmby4mcbccnsd7j2rekvqd[.]onion/site/blog?uuid=c7d2effa-013e-4fd7-9e49-454cafd5adbe,hxxp://ijzn3sicrcy7guixkzjkib4ukbiilwc3xhnmby4mcbccnsd7j2rekvqd[.]onion/?page=24,Turkey,official_website,MERKEZ Kurtköy Mah. Ankara Cad. No:289 Yelken Plaza B Blok Kat:5/25 34912 Pendik/İSTANBUL and international country calling code +90,High,enriched
Qilin,2118,24,Peuker & Alexander,Building Materials,hxxps://www.peuker.com.au/,"Apr 10, 2026",,,,hxxp://ijzn3sicrcy7guixkzjkib4ukbiilwc3xhnmby4mcbccnsd7j2rekvqd[.]onion/site/blog?uuid=1d286816-83f6-4c7f-8b72-829a5da94749,hxxp://ijzn3sicrcy7guixkzjkib4ukbiilwc3xhnmby4mcbccnsd7j2rekvqd[.]onion/?page=24,Australia,domain_tld,Company URL uses the country-code domain suffix .com.au; verify against headquarters evidence.,Medium,tld_inferred
Qilin,2117,24,"HIGASHIYAMA INDUSTRIES Co.,Ltd.",Accounting Services,hxxps://www.higashiyama.com/,"Apr 9, 2026",,,,hxxp://ijzn3sicrcy7guixkzjkib4ukbiilwc3xhnmby4mcbccnsd7j2rekvqd[.]onion/site/blog?uuid=0e64e426-a68f-4810-9d19-b4f312f0645f,hxxp://ijzn3sicrcy7guixkzjkib4ukbiilwc3xhnmby4mcbccnsd7j2rekvqd[.]onion/?page=24,Japan,official_website,"The official website metadata and text contain Japanese characters (東山産業株式会社), Japanese regional references (関東機材センター, 関東), and the company name copyright notice 'HIGASHIYAMA INDUSTRIES Co.,Ltd.', which directly corresponds to Japanese business registration conventions.",High,enriched
Qilin,2116,24,Guerin Glass,"Architecture, Engineering & Design",hxxps://www.gueringlass.com/,"Apr 9, 2026",,,,hxxp://ijzn3sicrcy7guixkzjkib4ukbiilwc3xhnmby4mcbccnsd7j2rekvqd[.]onion/site/blog?uuid=7dfc8f7d-e2c9-4367-ac9a-0f168458508a,hxxp://ijzn3sicrcy7guixkzjkib4ukbiilwc3xhnmby4mcbccnsd7j2rekvqd[.]onion/?page=24,United States,official_website,"Offices in Los Angeles, CA, Brooklyn, NY and Honolulu, HI",High,enriched
Qilin,2115,24,TIS,Construction,hxxps://www.tis.co.uk/,"Apr 9, 2026",,,,hxxp://ijzn3sicrcy7guixkzjkib4ukbiilwc3xhnmby4mcbccnsd7j2rekvqd[.]onion/site/blog?uuid=d4410619-b365-4ac1-b2c5-a68bfb90a9d1,hxxp://ijzn3sicrcy7guixkzjkib4ukbiilwc3xhnmby4mcbccnsd7j2rekvqd[.]onion/?page=24,United Kingdom,domain_tld,Company URL uses the country-code domain suffix .co.uk; verify against headquarters evidence.,Medium,tld_inferred
Qilin,2114,24,Sonn Law Group,Law Firms & Legal Services,hxxps://www.sonnlaw.com/,"Apr 9, 2026",,,,hxxp://ijzn3sicrcy7guixkzjkib4ukbiilwc3xhnmby4mcbccnsd7j2rekvqd[.]onion/site/blog?uuid=ee4211c0-a5fb-4a04-91ab-f3d8bd96f50a,hxxp://ijzn3sicrcy7guixkzjkib4ukbiilwc3xhnmby4mcbccnsd7j2rekvqd[.]onion/?page=24,Unknown,unknown,,Unknown,unknown
Qilin,2113,24,Autogalerie Heister,Business Services,hxxps://www.heistergruppe.de/,"Apr 9, 2026",,,,hxxp://ijzn3sicrcy7guixkzjkib4ukbiilwc3xhnmby4mcbccnsd7j2rekvqd[.]onion/site/blog?uuid=32ace852-0f05-4ef9-904d-74c45b5f4584,hxxp://ijzn3sicrcy7guixkzjkib4ukbiilwc3xhnmby4mcbccnsd7j2rekvqd[.]onion/?page=24,Germany,domain_tld,Company URL uses the country-code domain suffix .de; verify against headquarters evidence.,Medium,tld_inferred
Qilin,2112,24,SAAM Towage,Business Services,hxxps://www.saamtowage.com/,"Apr 9, 2026",,,,hxxp://ijzn3sicrcy7guixkzjkib4ukbiilwc3xhnmby4mcbccnsd7j2rekvqd[.]onion/site/blog?uuid=9330bbb4-f93a-4624-8ea7-7e846a2721bb,hxxp://ijzn3sicrcy7guixkzjkib4ukbiilwc3xhnmby4mcbccnsd7j2rekvqd[.]onion/?page=24,Chile,official_website,"The website footer references Chilean data privacy legislation ('Ley N° 19.628'), the contact phone number uses the Chilean country code (+56), and the CEO is cited as Hernán Gómez for SAAM, which aligns with the known parent company (SAAM S.A., headquartered in Santiago, Chile).",High,enriched
Qilin,2111,24,Nan Liu Enterprises,Manufacturing,hxxps://www.nanliugroup.com/,"Apr 9, 2026",,,,hxxp://ijzn3sicrcy7guixkzjkib4ukbiilwc3xhnmby4mcbccnsd7j2rekvqd[.]onion/site/blog?uuid=a634ccc7-f3e7-4772-ba1d-ef6c3ad4f8d8,hxxp://ijzn3sicrcy7guixkzjkib4ukbiilwc3xhnmby4mcbccnsd7j2rekvqd[.]onion/?page=24,Taiwan,official_website,台灣總公司 / 高雄市 燕巢區 四林路699號,High,enriched
Qilin,2109,24,HumanEdge,Business Services,hxxps://www.humanedge.com/,"Apr 8, 2026",,,,hxxp://ijzn3sicrcy7guixkzjkib4ukbiilwc3xhnmby4mcbccnsd7j2rekvqd[.]onion/site/blog?uuid=5d8ff0bc-58d2-43e8-be7e-20e97609ca42,hxxp://ijzn3sicrcy7guixkzjkib4ukbiilwc3xhnmby4mcbccnsd7j2rekvqd[.]onion/?page=24,United States,official_website,"HumanEdge, Inc. — Corporate Headquarters 30 Glenn Street, Suite 401 White Plains, NY 10603",High,enriched
Qilin,2105,25,Pacific Building Solutions (PBS),Construction,hxxps://www.pacificbuildingsolutions.com/,"Apr 6, 2026",13980,55.00 GB,55,hxxp://ijzn3sicrcy7guixkzjkib4ukbiilwc3xhnmby4mcbccnsd7j2rekvqd[.]onion/site/blog?uuid=b32ef175-d8cf-422c-a8ee-4a9fdf4a9aab,hxxp://ijzn3sicrcy7guixkzjkib4ukbiilwc3xhnmby4mcbccnsd7j2rekvqd[.]onion/?page=25,Fiji,official_website,"Title and meta description explicitly state headquarters/location in Lami, Fiji, and text confirms 'Fiji's largest and most experienced locally owned construction company'.",High,enriched
Qilin,2103,25,Operinter,Freight & Logistics Services,hxxp://operinter.com,"Apr 6, 2026",670000,197.00 GB,197,hxxp://ijzn3sicrcy7guixkzjkib4ukbiilwc3xhnmby4mcbccnsd7j2rekvqd[.]onion/site/blog?uuid=2ed824fa-0fbf-4270-ae75-4bebe51ccc45,hxxp://ijzn3sicrcy7guixkzjkib4ukbiilwc3xhnmby4mcbccnsd7j2rekvqd[.]onion/?page=25,Spain,official_website,"The official website text explicitly states 'Operinter España' and lists numerous office locations in Spain such as Algeciras, Barcelona, Bilbao, Valencia, Madrid, etc., alongside mentions of Spanish port initiatives like 'Puerto de Valencia' and 'Puerto de Barcelona'.",High,enriched
Qilin,2101,25,Aroostook Mental Health Services,0,hxxps://www.amhc.org/,"Apr 2, 2026",,,,hxxp://ijzn3sicrcy7guixkzjkib4ukbiilwc3xhnmby4mcbccnsd7j2rekvqd[.]onion/site/blog?uuid=ad203a2a-ef60-48ba-880e-f783c593cb7b,hxxp://ijzn3sicrcy7guixkzjkib4ukbiilwc3xhnmby4mcbccnsd7j2rekvqd[.]onion/?page=25,United States,official_website,"The website text references 'Maine's Good Samaritan Law', the 988 crisis hotline, and counties such as Aroostook, Hancock, and Washington, which clearly identifies the location as the United States (State of Maine).",High,enriched
Qilin,2095,25,Alamo Heights School District,Education,hxxps://www.ahisd.net/,"Apr 1, 2026",,,,hxxp://ijzn3sicrcy7guixkzjkib4ukbiilwc3xhnmby4mcbccnsd7j2rekvqd[.]onion/site/blog?uuid=2c58d92c-4bb2-4101-9644-30386683c86f,hxxp://ijzn3sicrcy7guixkzjkib4ukbiilwc3xhnmby4mcbccnsd7j2rekvqd[.]onion/?page=25,United States,official_website,"Contact address lists San Antonio, Texas 78209, and references the Texas Education Code.",High,enriched
Qilin,2094,25,SERAM SpA,Business Services,hxxps://www.seram-fco.it/,"Mar 31, 2026",,,,hxxp://ijzn3sicrcy7guixkzjkib4ukbiilwc3xhnmby4mcbccnsd7j2rekvqd[.]onion/site/blog?uuid=0b21b21c-76bd-4913-9c9e-832b3a25c790,hxxp://ijzn3sicrcy7guixkzjkib4ukbiilwc3xhnmby4mcbccnsd7j2rekvqd[.]onion/?page=25,Italy,domain_tld,Company URL uses the country-code domain suffix .it; verify against headquarters evidence.,Medium,tld_inferred
Qilin,2092,25,Service Star Freightways,Freight & Logistics Services,hxxps://www.servicestar.ca/,"Mar 31, 2026",,,,hxxp://ijzn3sicrcy7guixkzjkib4ukbiilwc3xhnmby4mcbccnsd7j2rekvqd[.]onion/site/blog?uuid=026b52d6-0b11-4451-8800-71456d677c13,hxxp://ijzn3sicrcy7guixkzjkib4ukbiilwc3xhnmby4mcbccnsd7j2rekvqd[.]onion/?page=25,Canada,domain_tld,Company URL uses the country-code domain suffix .ca; verify against headquarters evidence.,Medium,tld_inferred
Qilin,2091,25,Chickasaw Holding,Accounting Services,hxxps://www.ctsiok.com,"Mar 31, 2026",261378,231.00 GB,231,hxxp://ijzn3sicrcy7guixkzjkib4ukbiilwc3xhnmby4mcbccnsd7j2rekvqd[.]onion/site/blog?uuid=acdb26b5-0902-4fca-9e9e-f68560880bf6,hxxp://ijzn3sicrcy7guixkzjkib4ukbiilwc3xhnmby4mcbccnsd7j2rekvqd[.]onion/?page=25,Unknown,unknown,"The provided evidence only includes the company name 'Chickasaw Holding', domain 'ctsiok.com' (where 'ok' potentially references Oklahoma, but domain extensions/names alone are insufficient per rules), and sector without official registry, contact address, or explicit headquarters evidence.",Unknown,unknown
Qilin,2090,25,Q-Lab,Manufacturing,hxxps://www.q-lab.com/,"Mar 31, 2026",,,,hxxp://ijzn3sicrcy7guixkzjkib4ukbiilwc3xhnmby4mcbccnsd7j2rekvqd[.]onion/site/blog?uuid=8bcf2825-cb6c-47e8-8c77-b9513a4a0371,hxxp://ijzn3sicrcy7guixkzjkib4ukbiilwc3xhnmby4mcbccnsd7j2rekvqd[.]onion/?page=25,United States,official_website,"Locations Westlake, OH (Headquarters) Homestead, FL Wittmann, AZ",High,enriched
Qilin,2085,25,Miles Electric,Construction,hxxps://www.mileselectric.com/,"Mar 30, 2026",,,,hxxp://ijzn3sicrcy7guixkzjkib4ukbiilwc3xhnmby4mcbccnsd7j2rekvqd[.]onion/site/blog?uuid=730d14af-e2df-46f0-a6c7-c4e3a0596439,hxxp://ijzn3sicrcy7guixkzjkib4ukbiilwc3xhnmby4mcbccnsd7j2rekvqd[.]onion/?page=25,Unknown,unknown,"No explicit headquarters, registration country, or contact address was provided in the evidence.",Unknown,unknown
Qilin,2081,25,TR Construya,Construction,hxxp://www.trconstruya.es,"Mar 28, 2026",,,,hxxp://ijzn3sicrcy7guixkzjkib4ukbiilwc3xhnmby4mcbccnsd7j2rekvqd[.]onion/site/blog?uuid=a177b82f-3a8f-4ba3-8a6a-69c5c8ee24a2,hxxp://ijzn3sicrcy7guixkzjkib4ukbiilwc3xhnmby4mcbccnsd7j2rekvqd[.]onion/?page=25,Spain,domain_tld,Company URL uses the country-code domain suffix .es; verify against headquarters evidence.,Medium,tld_inferred
Qilin,2079,25,Fondation Boghossian,"Architecture, Engineering & Design",hxxps://villaempain.com,"Mar 27, 2026",,,,hxxp://ijzn3sicrcy7guixkzjkib4ukbiilwc3xhnmby4mcbccnsd7j2rekvqd[.]onion/site/blog?uuid=22fdeee2-3d1a-4070-ac47-101cb9f2ad98,hxxp://ijzn3sicrcy7guixkzjkib4ukbiilwc3xhnmby4mcbccnsd7j2rekvqd[.]onion/?page=25,Belgium,official_website,"The website text explicitly mentions the organization operates in Brussels ('Centre d'art et de dialogue à Bruxelles', 'Villa Empain, Bruxelles') and references the Belgian artistic context ('monde artistique belge et international').",High,enriched
Qilin,2078,25,ACR1.COM Commercial Roofing,Construction,hxxps://www.acr1.com/,"Mar 27, 2026",,,,hxxp://ijzn3sicrcy7guixkzjkib4ukbiilwc3xhnmby4mcbccnsd7j2rekvqd[.]onion/site/blog?uuid=84e289c7-b2b6-4cc3-8ad2-a62224940373,hxxp://ijzn3sicrcy7guixkzjkib4ukbiilwc3xhnmby4mcbccnsd7j2rekvqd[.]onion/?page=25,United States,official_website,"The website lists multiple US cities and states across its locations and projects (e.g., Atlanta, Chicago, Detroit, Orlando FL, Jacksonville FL, Tampa, Indianapolis IN, Louisville, Columbus OH, Cincinnati, Pittsburgh, North Carolina, West Virginia, Lexington KY) and uses a US telephone format (888-578-2943).",High,enriched
Qilin,2077,25,Kerjaya Prospek Group,Construction,hxxps://www.kerjayagroup.com/,"Mar 26, 2026",,,,hxxp://ijzn3sicrcy7guixkzjkib4ukbiilwc3xhnmby4mcbccnsd7j2rekvqd[.]onion/site/blog?uuid=089f684d-dbae-4a5d-a167-5d40a161c821,hxxp://ijzn3sicrcy7guixkzjkib4ukbiilwc3xhnmby4mcbccnsd7j2rekvqd[.]onion/?page=25,Malaysia,official_website,"The official website text lists the company address as 'C-32-01, Menara Vista Petaling 137, Jalan Puchong 58200 Kuala Lumpur' and mentions debut on the 'Main Market of Bursa Malaysia Securities Berhad'.",High,enriched
Qilin,2065,25,"Living in green, s. r. o.",Home Improvement & Hardware Retail,hxxps://www.livingingreen.cz/,"Mar 26, 2026",42679,113.00 GB,113,hxxp://ijzn3sicrcy7guixkzjkib4ukbiilwc3xhnmby4mcbccnsd7j2rekvqd[.]onion/site/blog?uuid=2eb1ec0e-30e9-4341-b284-872b0db8e4bc,hxxp://ijzn3sicrcy7guixkzjkib4ukbiilwc3xhnmby4mcbccnsd7j2rekvqd[.]onion/?page=25,Czechia,domain_tld,Company URL uses the country-code domain suffix .cz; verify against headquarters evidence.,Medium,tld_inferred
Qilin,2064,25,LP Kolding,Building Materials,hxxps://www.lp-kolding.dk/,"Mar 26, 2026",139038,94.00 GB,94,hxxp://ijzn3sicrcy7guixkzjkib4ukbiilwc3xhnmby4mcbccnsd7j2rekvqd[.]onion/site/blog?uuid=6d198bb8-5404-4a22-9451-6995e6392860,hxxp://ijzn3sicrcy7guixkzjkib4ukbiilwc3xhnmby4mcbccnsd7j2rekvqd[.]onion/?page=25,Denmark,domain_tld,Company URL uses the country-code domain suffix .dk; verify against headquarters evidence.,Medium,tld_inferred
Qilin,2063,25,Noi Hotels,Hospitality,hxxps://www.noihotels.com/,"Mar 26, 2026",1315503,539.00 GB,539,hxxp://ijzn3sicrcy7guixkzjkib4ukbiilwc3xhnmby4mcbccnsd7j2rekvqd[.]onion/site/blog?uuid=e68d5aa2-9e23-4aa1-aab8-bd5d0d0d668f,hxxp://ijzn3sicrcy7guixkzjkib4ukbiilwc3xhnmby4mcbccnsd7j2rekvqd[.]onion/?page=25,Chile,official_website,"The official website metadata and text state 'Discover Our Hotels in Chile', describe it as 'a Chilean hotel brand offering luxury stays in Chile and Colombia', and mention adventures in Patagonia, the desert, or the mountains to discover the best of Chile.",High,enriched
Qilin,2062,25,Retail Centenario,Business Services,hxxp://Retail Centenario,"Mar 24, 2026",,,,hxxp://ijzn3sicrcy7guixkzjkib4ukbiilwc3xhnmby4mcbccnsd7j2rekvqd[.]onion/site/blog?uuid=f3f88409-168a-483f-adf3-630f4d2e128c,hxxp://ijzn3sicrcy7guixkzjkib4ukbiilwc3xhnmby4mcbccnsd7j2rekvqd[.]onion/?page=25,Unknown,unknown,"No official website metadata, registered address, or reliable contextual evidence was provided to determine the country of the target company.",Unknown,unknown
Qilin,2059,25,ITWAL,Grocery Retail,hxxps://www.itwal.com/,"Mar 23, 2026",697000,300.00 GB,300,hxxp://ijzn3sicrcy7guixkzjkib4ukbiilwc3xhnmby4mcbccnsd7j2rekvqd[.]onion/site/blog?uuid=ffa81e50-6d21-4219-aca0-ddb47f742fea,hxxp://ijzn3sicrcy7guixkzjkib4ukbiilwc3xhnmby4mcbccnsd7j2rekvqd[.]onion/?page=25,Canada,official_website,"The official website metadata and text explicitly state: 'Canada's only National Network providing Suppliers with innovative and measurable Distribution, Selling, Marketing and Information Solutions to Retail and Foodservice operators.' and reference ITWAL Limited.",High,enriched
Qilin,2058,25,"Kennedy, McLaughlin & Associates",Building Materials,hxxps://www.kennedymclaughlin.com.au/,"Mar 22, 2026",,,,hxxp://ijzn3sicrcy7guixkzjkib4ukbiilwc3xhnmby4mcbccnsd7j2rekvqd[.]onion/site/blog?uuid=e1bee1d5-f038-45f1-8c46-1da39c682223,hxxp://ijzn3sicrcy7guixkzjkib4ukbiilwc3xhnmby4mcbccnsd7j2rekvqd[.]onion/?page=25,Australia,domain_tld,Company URL uses the country-code domain suffix .com.au; verify against headquarters evidence.,Medium,tld_inferred
Qilin,2056,25,Southern Commercial Real Estate,Real Estate,hxxps://www.svn-scre.com/,"Mar 22, 2026",,,,hxxp://ijzn3sicrcy7guixkzjkib4ukbiilwc3xhnmby4mcbccnsd7j2rekvqd[.]onion/site/blog?uuid=18965790-4733-48f9-bc70-2d67589760dc,hxxp://ijzn3sicrcy7guixkzjkib4ukbiilwc3xhnmby4mcbccnsd7j2rekvqd[.]onion/?page=25,Unknown,unknown,,Unknown,unknown
Qilin,2053,26,nPower Technologies,Software,hxxps://www.npowertech.com/,"Mar 22, 2026",126629,91.00 GB,91,hxxp://ijzn3sicrcy7guixkzjkib4ukbiilwc3xhnmby4mcbccnsd7j2rekvqd[.]onion/site/blog?uuid=e86e7f5a-1980-466a-864d-748d5e256710,hxxp://ijzn3sicrcy7guixkzjkib4ukbiilwc3xhnmby4mcbccnsd7j2rekvqd[.]onion/?page=26,United States,official_website,"Headquartered in Philadelphia, PA, nPower Technologies focuses on providing advanced solutions... OUR LOCATION nPower Technologies 1900 Market Street Philadelphia, PA 19103",High,enriched
Qilin,2051,26,Grupo Coril,Banking,hxxps://www.grupocoril.com/,"Mar 21, 2026",,,,hxxp://ijzn3sicrcy7guixkzjkib4ukbiilwc3xhnmby4mcbccnsd7j2rekvqd[.]onion/site/blog?uuid=c7993505-6987-4c43-ab9d-788d9f8961f4,hxxp://ijzn3sicrcy7guixkzjkib4ukbiilwc3xhnmby4mcbccnsd7j2rekvqd[.]onion/?page=26,Peru,official_website,"Visible text on official website includes address: 'Av. El Derby 250 - Piso 20 Santiago de Surco Lima,Perú'",High,enriched
Qilin,2047,26,Gallun Snow Associates,Business Services,hxxps://www.gallunsnow.com/,"Mar 20, 2026",,,,hxxp://ijzn3sicrcy7guixkzjkib4ukbiilwc3xhnmby4mcbccnsd7j2rekvqd[.]onion/site/blog?uuid=14d457b1-0e52-40bf-b987-ac289e2b2180,hxxp://ijzn3sicrcy7guixkzjkib4ukbiilwc3xhnmby4mcbccnsd7j2rekvqd[.]onion/?page=26,United States,official_website,"The website mentions that the company's client base spans 'from California to Florida', indicating operations within the United States.",Medium,enriched
Qilin,2046,26,WAL Consultant,"Architecture, Engineering & Design",hxxps://www.walconsultant.com/,"Mar 20, 2026",,,,hxxp://ijzn3sicrcy7guixkzjkib4ukbiilwc3xhnmby4mcbccnsd7j2rekvqd[.]onion/site/blog?uuid=09d68a23-3a88-49c7-98a8-3a3d436f6bdc,hxxp://ijzn3sicrcy7guixkzjkib4ukbiilwc3xhnmby4mcbccnsd7j2rekvqd[.]onion/?page=26,Unknown,unknown,No evidence or webpage text was provided to determine the headquarters or primary registration country of WAL Consultant.,Unknown,unknown
Qilin,2045,26,AGENCAVI SRL,Industrial Machinery & Equipment,hxxp://www.agencavi.com/,"Mar 20, 2026",,,,hxxp://ijzn3sicrcy7guixkzjkib4ukbiilwc3xhnmby4mcbccnsd7j2rekvqd[.]onion/site/blog?uuid=33d671d3-1c7b-450e-a75c-868a43a3e592,hxxp://ijzn3sicrcy7guixkzjkib4ukbiilwc3xhnmby4mcbccnsd7j2rekvqd[.]onion/?page=26,Italy,official_website,"Via G. Marconi, 4 – 20050 Liscate (MI) Tel. +39 02 9534 4550 – email: info@agencavi.it ... R.E.A. DI MILANO n.1120279 – P.I. / C.F. 06800090158",High,enriched
Qilin,2044,26,VirtualExpo Group,Accounting Services,hxxps://www.virtual-expo.com/,"Mar 20, 2026",,,,hxxp://ijzn3sicrcy7guixkzjkib4ukbiilwc3xhnmby4mcbccnsd7j2rekvqd[.]onion/site/blog?uuid=5df76bda-86b7-4707-a68c-a7e8195d01f7,hxxp://ijzn3sicrcy7guixkzjkib4ukbiilwc3xhnmby4mcbccnsd7j2rekvqd[.]onion/?page=26,Unknown,unknown,,Unknown,unknown
Qilin,2043,26,CST Coal,Manufacturing,hxxps://www.cstcoal.ca/,"Mar 20, 2026",18345,352.00 GB,352,hxxp://ijzn3sicrcy7guixkzjkib4ukbiilwc3xhnmby4mcbccnsd7j2rekvqd[.]onion/site/blog?uuid=1cc28981-abdd-48ff-bca5-80562ae64756,hxxp://ijzn3sicrcy7guixkzjkib4ukbiilwc3xhnmby4mcbccnsd7j2rekvqd[.]onion/?page=26,Canada,domain_tld,Company URL uses the country-code domain suffix .ca; verify against headquarters evidence.,Medium,tld_inferred
Qilin,2042,26,PoindexterHill,Law Firms & Legal Services,hxxps://www.poindexterhill.com/,"Mar 20, 2026",199157,136.00 GB,136,hxxp://ijzn3sicrcy7guixkzjkib4ukbiilwc3xhnmby4mcbccnsd7j2rekvqd[.]onion/site/blog?uuid=162ae6f5-61cf-41dd-a4b7-e02a5e4e730d,hxxp://ijzn3sicrcy7guixkzjkib4ukbiilwc3xhnmby4mcbccnsd7j2rekvqd[.]onion/?page=26,United States,official_website,"Meta description states: 'PoindexterHill, P.C. is a full-service law firm located in Waynesboro, Virginia.' Contact section provides address: '404 South Wayne Avenue, Waynesboro, VA, USA'.",High,enriched
Qilin,2040,26,Carton Craft Supply,Office Products Retail & Distribution,hxxps://www.cartoncraftsupply.com/,"Mar 19, 2026",2739,15.00 GB,15,hxxp://ijzn3sicrcy7guixkzjkib4ukbiilwc3xhnmby4mcbccnsd7j2rekvqd[.]onion/site/blog?uuid=7e580087-eeff-40e6-a572-42b9c34c9dff,hxxp://ijzn3sicrcy7guixkzjkib4ukbiilwc3xhnmby4mcbccnsd7j2rekvqd[.]onion/?page=26,United States,official_website,"Corporate Carton Craft Supply 6840 Meadow Lane Alpharetta, Georgia 30005",High,enriched
Qilin,2039,26,Enviaseo ESP,Industrial Machinery & Equipment,hxxps://www.enviaseo-envigado-antioquia.gov.co/,"Mar 19, 2026",126028,100.00 GB,100,hxxp://ijzn3sicrcy7guixkzjkib4ukbiilwc3xhnmby4mcbccnsd7j2rekvqd[.]onion/site/blog?uuid=4a296c00-8dcf-41ea-b61e-8207bd23fd29,hxxp://ijzn3sicrcy7guixkzjkib4ukbiilwc3xhnmby4mcbccnsd7j2rekvqd[.]onion/?page=26,Colombia,official_website,"The company URL uses the top-level domain '.gov.co' and contains 'envigado-antioquia', indicating Envigado, Antioquia, Colombia.",High,enriched
Qilin,2031,26,Jacobs & Sons,Retail · Pennsylvania,hxxps://www.rjuniform.com/,"Mar 18, 2026",,,,hxxp://ijzn3sicrcy7guixkzjkib4ukbiilwc3xhnmby4mcbccnsd7j2rekvqd[.]onion/site/blog?uuid=3e2272ce-b898-4e6e-a097-ca91b7c66c3f,hxxp://ijzn3sicrcy7guixkzjkib4ukbiilwc3xhnmby4mcbccnsd7j2rekvqd[.]onion/?page=26,United States,official_website,"Contact Us Address: 1100 Wicomico Street Suite #401, Baltimore MD; police, sheriff and fire departments in Maryland, Virginia, and Washington D.C.",High,enriched
Qilin,2028,26,Shwapno,Retail · Pennsylvania,hxxp://www.shwapno.com/,"Mar 17, 2026",,,,hxxp://ijzn3sicrcy7guixkzjkib4ukbiilwc3xhnmby4mcbccnsd7j2rekvqd[.]onion/site/blog?uuid=dc05169c-2c2d-4e41-b8cd-e06337698835,hxxp://ijzn3sicrcy7guixkzjkib4ukbiilwc3xhnmby4mcbccnsd7j2rekvqd[.]onion/?page=26,Bangladesh,official_website,"The official website and metadata state 'Shwapno Online Grocery Shopping in Dhaka, Chattogram, Cumilla & Sylhet' and reference 'ACI SHWAPNO E-COMMERCE LIMITED', indicating operations and registration in Bangladesh.",High,enriched
Qilin,2027,26,Sinomax USA,Home Improvement & Hardware Retail,hxxps://www.sinomax-usa.com/,"Mar 17, 2026",0,978.00 GB,978,hxxp://ijzn3sicrcy7guixkzjkib4ukbiilwc3xhnmby4mcbccnsd7j2rekvqd[.]onion/site/blog?uuid=3a5f68da-4f3d-4567-8fbf-97b9dfe89caa,hxxp://ijzn3sicrcy7guixkzjkib4ukbiilwc3xhnmby4mcbccnsd7j2rekvqd[.]onion/?page=26,United States,official_website,"Corporate Office - USA 10111 Richmond Avenue, Suite 130 Houston, TX 77042",High,enriched
Qilin,2026,26,Saiful Bouquet,"Architecture, Engineering & Design",hxxps://www.saifulbouquet.com/,"Mar 17, 2026",175160,746.00 GB,746,hxxp://ijzn3sicrcy7guixkzjkib4ukbiilwc3xhnmby4mcbccnsd7j2rekvqd[.]onion/site/blog?uuid=0e26e5eb-57e3-4d4e-9c87-cfd5e865ab89,hxxp://ijzn3sicrcy7guixkzjkib4ukbiilwc3xhnmby4mcbccnsd7j2rekvqd[.]onion/?page=26,United States,official_website,"Meta description and text state: 'One of Southern California's largest Structural Engineering firms with offices in Los Angeles, CA, and San Diego, CA.'",High,enriched
Qilin,2025,26,Von Weise Associates,"Architecture, Engineering & Design",hxxps://www.vonweiseassociates.com/,"Mar 16, 2026",,,,hxxp://ijzn3sicrcy7guixkzjkib4ukbiilwc3xhnmby4mcbccnsd7j2rekvqd[.]onion/site/blog?uuid=19cabe35-d400-4823-aba1-e143d0dac617,hxxp://ijzn3sicrcy7guixkzjkib4ukbiilwc3xhnmby4mcbccnsd7j2rekvqd[.]onion/?page=26,United States,official_website,"Visible text states the address: '1049 North Ashland Ave Chicago Illinois 60622', and metadata/title refers to 'Chicago Architecture Studio — von Weise Associates'.",High,enriched
Qilin,2023,26,MCC Economics,Business Services,hxxp://mcceconomics.co.uk,"Mar 16, 2026",,,,hxxp://ijzn3sicrcy7guixkzjkib4ukbiilwc3xhnmby4mcbccnsd7j2rekvqd[.]onion/site/blog?uuid=4e6873ac-4d13-492c-a306-080e66474107,hxxp://ijzn3sicrcy7guixkzjkib4ukbiilwc3xhnmby4mcbccnsd7j2rekvqd[.]onion/?page=26,United Kingdom,domain_tld,Company URL uses the country-code domain suffix .co.uk; verify against headquarters evidence.,Medium,tld_inferred
Qilin,2022,26,Ruhnau Clarke,"Architecture, Engineering & Design",hxxps://www.ruhnauclarke.com/,"Mar 16, 2026",301046,"1,600.00 GB",1600,hxxp://ijzn3sicrcy7guixkzjkib4ukbiilwc3xhnmby4mcbccnsd7j2rekvqd[.]onion/site/blog?uuid=87ad2f2f-c042-4bc2-9c2e-fe7dd7cbe66c,hxxp://ijzn3sicrcy7guixkzjkib4ukbiilwc3xhnmby4mcbccnsd7j2rekvqd[.]onion/?page=26,Unknown,unknown,,Unknown,unknown
Qilin,2020,26,Duffy's Sports Grill,Hospitality,hxxps://www.duffysmvp.com/,"Mar 14, 2026",,,,hxxp://ijzn3sicrcy7guixkzjkib4ukbiilwc3xhnmby4mcbccnsd7j2rekvqd[.]onion/site/blog?uuid=e7051963-f068-4602-999a-2d8b0002d8d1,hxxp://ijzn3sicrcy7guixkzjkib4ukbiilwc3xhnmby4mcbccnsd7j2rekvqd[.]onion/?page=26,Unknown,unknown,"The supplied website text mentions events like the 'Orange Bowl' and references to US sports/culture, but lacks explicit address, registration, or headquarters country evidence.",Unknown,unknown
Qilin,2018,26,RMZ Oilfield Engineering,Industrial Machinery & Equipment,hxxps://www.rmzoilfield.com/,"Mar 13, 2026",,,,hxxp://ijzn3sicrcy7guixkzjkib4ukbiilwc3xhnmby4mcbccnsd7j2rekvqd[.]onion/site/blog?uuid=ae31bd7f-9817-449b-be3c-fb33d67eacb5,hxxp://ijzn3sicrcy7guixkzjkib4ukbiilwc3xhnmby4mcbccnsd7j2rekvqd[.]onion/?page=26,Singapore,official_website,Copyright notice references 'RMZ Oilfield Engineering Pte Ltd' and contact numbers use the Singapore country code (+65).,High,enriched
Qilin,2017,26,Millard Manufacturing,Industrial Machinery & Equipment,hxxps://www.millardmfg.com/,"Mar 13, 2026",,,,hxxp://ijzn3sicrcy7guixkzjkib4ukbiilwc3xhnmby4mcbccnsd7j2rekvqd[.]onion/site/blog?uuid=cd9d8543-5757-4312-8098-1034378bd22b,hxxp://ijzn3sicrcy7guixkzjkib4ukbiilwc3xhnmby4mcbccnsd7j2rekvqd[.]onion/?page=26,United States,official_website,"Contact address lists LaVista, NE 68128 and telephone numbers with US area codes (402, 800) along with OMAHA NE reference.",High,enriched
Qilin,2015,27,Salag,Home Improvement & Hardware Retail,hxxps://www.salag.com/,"Mar 12, 2026",,,,hxxp://ijzn3sicrcy7guixkzjkib4ukbiilwc3xhnmby4mcbccnsd7j2rekvqd[.]onion/site/blog?uuid=728ad631-7d93-4dc6-b5ce-b5837a2d1915,hxxp://ijzn3sicrcy7guixkzjkib4ukbiilwc3xhnmby4mcbccnsd7j2rekvqd[.]onion/?page=27,Poland,official_website,Projekty zrealizowane przez Salag sp. z o.o. sp. k. ... Polski English Français Deutsch,High,enriched
Qilin,2014,27,Hochschule Worms,Education,hxxps://www.hs-worms.de/,"Mar 12, 2026",,,,hxxp://ijzn3sicrcy7guixkzjkib4ukbiilwc3xhnmby4mcbccnsd7j2rekvqd[.]onion/site/blog?uuid=ba6313fd-5c9d-4a02-a8e4-d8b4c7c6aa2e,hxxp://ijzn3sicrcy7guixkzjkib4ukbiilwc3xhnmby4mcbccnsd7j2rekvqd[.]onion/?page=27,Germany,domain_tld,Company URL uses the country-code domain suffix .de; verify against headquarters evidence.,Medium,tld_inferred
Qilin,2011,27,Alarmco,Business Services,hxxp://www.alarmco.com,"Mar 12, 2026",,,,hxxp://ijzn3sicrcy7guixkzjkib4ukbiilwc3xhnmby4mcbccnsd7j2rekvqd[.]onion/site/blog?uuid=d1dbb44d-19e5-47fe-9cfe-891807f0d3bc,hxxp://ijzn3sicrcy7guixkzjkib4ukbiilwc3xhnmby4mcbccnsd7j2rekvqd[.]onion/?page=27,United States,official_website,"The official website metadata and text explicitly mention 'Las Vegas', 'Nevada's oldest and largest locally owned and operated security systems provider', and the address '2007 Las Vegas Blvd South Las Vegas, NV 89104', as well as Nevada license numbers.",High,enriched
Qilin,2004,27,"Alef Realty, LLC",Real Estate,hxxps://www.dnb.com/business-directory/company-profiles.alef_realty_mgt_co_l_l_c.945e7298a551f7c7e37e4f6b6c681148.html,"Mar 11, 2026",,,,hxxp://ijzn3sicrcy7guixkzjkib4ukbiilwc3xhnmby4mcbccnsd7j2rekvqd[.]onion/site/blog?uuid=031b149b-f52a-47a3-994f-e812d77cb7c8,hxxp://ijzn3sicrcy7guixkzjkib4ukbiilwc3xhnmby4mcbccnsd7j2rekvqd[.]onion/?page=27,Unknown,unknown,,Unknown,unknown
Qilin,2003,27,Omega Optical,Manufacturing,hxxps://www.omegafilters.com/,"Mar 11, 2026",,,,hxxp://ijzn3sicrcy7guixkzjkib4ukbiilwc3xhnmby4mcbccnsd7j2rekvqd[.]onion/site/blog?uuid=0d66fc5b-603c-436c-b9a1-1051ee0571b9,hxxp://ijzn3sicrcy7guixkzjkib4ukbiilwc3xhnmby4mcbccnsd7j2rekvqd[.]onion/?page=27,Unknown,unknown,,Unknown,unknown
Qilin,2002,27,Jadtec Security Services,Business Services,hxxps://www.jadtec.com/,"Mar 11, 2026",,,,hxxp://ijzn3sicrcy7guixkzjkib4ukbiilwc3xhnmby4mcbccnsd7j2rekvqd[.]onion/site/blog?uuid=5cfdbe14-a573-4b28-8eb2-951c72f32af3,hxxp://ijzn3sicrcy7guixkzjkib4ukbiilwc3xhnmby4mcbccnsd7j2rekvqd[.]onion/?page=27,Unknown,unknown,,Unknown,unknown
Qilin,2001,27,Powers HVAC,Construction,hxxps://www.powers-hvac.com/,"Mar 11, 2026",,,,hxxp://ijzn3sicrcy7guixkzjkib4ukbiilwc3xhnmby4mcbccnsd7j2rekvqd[.]onion/site/blog?uuid=9a61c6e7-61be-475d-bf78-458fbb2d459e,hxxp://ijzn3sicrcy7guixkzjkib4ukbiilwc3xhnmby4mcbccnsd7j2rekvqd[.]onion/?page=27,United States,official_website,"Headquartered in North Little Rock, Arkansas",High,enriched
Qilin,1997,27,Yuma Sun,Advertising & Marketing,hxxps://www.yumasun.com/,"Mar 11, 2026",,,,hxxp://ijzn3sicrcy7guixkzjkib4ukbiilwc3xhnmby4mcbccnsd7j2rekvqd[.]onion/site/blog?uuid=97e150d7-114b-4d8a-ac1e-4406fe85d4cb,hxxp://ijzn3sicrcy7guixkzjkib4ukbiilwc3xhnmby4mcbccnsd7j2rekvqd[.]onion/?page=27,United States,official_website,"The website content explicitly references local news, Arizona state news, Yuma, Arizona locations (such as San Luis, Ariz., Yuma Western College, Gila Ridge High School), and statewide public notices indicating operations in the United States.",High,enriched
Qilin,1992,27,A-Fast Tile & Coping,Construction,hxxps://www.afaststone.com/,"Mar 10, 2026",,,,hxxp://ijzn3sicrcy7guixkzjkib4ukbiilwc3xhnmby4mcbccnsd7j2rekvqd[.]onion/site/blog?uuid=7e1568f8-f3fc-4eba-b4f5-fe4f036a545b,hxxp://ijzn3sicrcy7guixkzjkib4ukbiilwc3xhnmby4mcbccnsd7j2rekvqd[.]onion/?page=27,United States,official_website,"A-Fast Tile, Stone & Coping is a professional masonry contractor in Fort Worth, TX. Our services are available anywhere in the Dallas Fort Worth Metroplex, TX – and beyond.",High,enriched
Qilin,1991,27,Advanced Animations,Broadcasting,hxxps://www.advancedanimations.com/,"Mar 10, 2026",28953,101.00 GB,101,hxxp://ijzn3sicrcy7guixkzjkib4ukbiilwc3xhnmby4mcbccnsd7j2rekvqd[.]onion/site/blog?uuid=8e7aa4c3-abdb-4ed1-8bb1-d8840acc5017,hxxp://ijzn3sicrcy7guixkzjkib4ukbiilwc3xhnmby4mcbccnsd7j2rekvqd[.]onion/?page=27,United States,official_website,"Since 1985, Advanced Animations has made its home in 'The Heart of the Green Mountains,' in Stockbridge, Vermont... AA’s 50,000 square-foot Vermont shop",High,enriched
Qilin,1990,27,RWB Consulting Engineers,"Architecture, Engineering & Design",hxxps://www.rwb.net/,"Mar 9, 2026",,,,hxxp://ijzn3sicrcy7guixkzjkib4ukbiilwc3xhnmby4mcbccnsd7j2rekvqd[.]onion/site/blog?uuid=cd738627-1f25-4c7c-a69e-a06ef7be1b3a,hxxp://ijzn3sicrcy7guixkzjkib4ukbiilwc3xhnmby4mcbccnsd7j2rekvqd[.]onion/?page=27,United States,official_website,"We are based in Dallas, TX and provide professional engineering services throughout Texas and the rest of the United States. DALLAS OFFICE Merit Tower, 12222 Merit Drive, Suite 400 Dallas, TX 75251",High,enriched
Qilin,1989,27,Serviceplan Group (Korea branch),Advertising & Marketing,hxxps://www.house-of-communication.com/,"Mar 9, 2026",0,"1,500.00 GB",1500,hxxp://ijzn3sicrcy7guixkzjkib4ukbiilwc3xhnmby4mcbccnsd7j2rekvqd[.]onion/site/blog?uuid=63aa9310-d11f-4d4a-9e71-bb4b07ab7b78,hxxp://ijzn3sicrcy7guixkzjkib4ukbiilwc3xhnmby4mcbccnsd7j2rekvqd[.]onion/?page=27,South Korea,official_website,"The target company is specified as 'Serviceplan Group (Korea branch)' in the incident details, and the evidence mentions the Serviceplan Group network with branches/subsidiaries globally, while the specific target is explicitly identified as the Korea branch.",High,enriched
Qilin,1988,27,McKenna Pro,Consumer Services,hxxps://www.mckennapro.com/,"Mar 9, 2026",695062,326.25 GB,326.25,hxxp://ijzn3sicrcy7guixkzjkib4ukbiilwc3xhnmby4mcbccnsd7j2rekvqd[.]onion/site/blog?uuid=587d120b-aa05-4db7-93de-36ca27a6dd00,hxxp://ijzn3sicrcy7guixkzjkib4ukbiilwc3xhnmby4mcbccnsd7j2rekvqd[.]onion/?page=27,United States,official_website,"Meta description and footer address show location in Cedar Falls, IA (Iowa), United States (3105 Capital Way Ste. 1 Cedar Falls, IA 50613).",High,enriched
Qilin,1986,27,Kuzco Lighting,Home Improvement & Hardware Retail,hxxps://www.kuzcolighting.com/,"Mar 7, 2026",,,,hxxp://ijzn3sicrcy7guixkzjkib4ukbiilwc3xhnmby4mcbccnsd7j2rekvqd[.]onion/site/blog?uuid=6c653101-b63b-4b01-ba48-7bb2c997f463,hxxp://ijzn3sicrcy7guixkzjkib4ukbiilwc3xhnmby4mcbccnsd7j2rekvqd[.]onion/?page=27,Unknown,unknown,,Unknown,unknown
Qilin,1984,27,Geotec Surveys,Software,hxxps://www.geotecsurveys.com/,"Mar 7, 2026",,,,hxxp://ijzn3sicrcy7guixkzjkib4ukbiilwc3xhnmby4mcbccnsd7j2rekvqd[.]onion/site/blog?uuid=41927d65-0e34-4961-bbc5-accd03bf5c79,hxxp://ijzn3sicrcy7guixkzjkib4ukbiilwc3xhnmby4mcbccnsd7j2rekvqd[.]onion/?page=27,United Kingdom,official_website,"The website provides a UK telephone country code format (+44 (0)1428 686 168) and refers to UK-specific standards and certifications such as PAS 128, RISQS, Achilles UVDB, and NRSWA Streetworks.",High,enriched
Qilin,1982,27,Brothers Produce,Grocery Retail,hxxps://www.brothersproduce.com/,"Mar 7, 2026",223489,210.00 GB,210,hxxp://ijzn3sicrcy7guixkzjkib4ukbiilwc3xhnmby4mcbccnsd7j2rekvqd[.]onion/site/blog?uuid=7f6d0991-7143-4fb4-bc1c-1705eb31bd8a,hxxp://ijzn3sicrcy7guixkzjkib4ukbiilwc3xhnmby4mcbccnsd7j2rekvqd[.]onion/?page=27,United States,official_website,"Meta description states 'Largest produce distributor and restaurant supplier in Texas. We cover Houston, Dallas, San Antonio, Austin, and Louisiana.' Visible text mentions operations across Texas and Louisiana.",High,enriched
Qilin,1981,27,AFDL,Law Firms & Legal Services,hxxps://www.afdl.law/,"Mar 7, 2026",,,,hxxp://ijzn3sicrcy7guixkzjkib4ukbiilwc3xhnmby4mcbccnsd7j2rekvqd[.]onion/site/blog?uuid=91640e54-09cc-45e4-a0a4-3736525de287,hxxp://ijzn3sicrcy7guixkzjkib4ukbiilwc3xhnmby4mcbccnsd7j2rekvqd[.]onion/?page=27,United States,official_website,"Contact address: 7312 Bergenline Avenue North Bergen, NJ 07047, mentioning New Jersey and U.S. Immigration & Naturalization Law.",High,enriched
Qilin,1976,27,Orange Madagascar,Software,hxxps://www.orange.mg,"Mar 6, 2026",,,,hxxp://ijzn3sicrcy7guixkzjkib4ukbiilwc3xhnmby4mcbccnsd7j2rekvqd[.]onion/site/blog?uuid=1f115398-a0bb-4878-9132-2966655619d9,hxxp://ijzn3sicrcy7guixkzjkib4ukbiilwc3xhnmby4mcbccnsd7j2rekvqd[.]onion/?page=27,Madagascar,official_website,"The official website metadata, title, and visible text explicitly reference 'Orange Madagascar' and state 'Bienvenue chez Orange Madagascar - Votre Partenaire de Communication et de Connectivité' along with references to 'Orange Max it - Madagascar'.",High,enriched
Qilin,1972,27,Abutriek,Construction,hxxps://www.abutriek.be/,"Mar 5, 2026",94618,122.00 GB,122,hxxp://ijzn3sicrcy7guixkzjkib4ukbiilwc3xhnmby4mcbccnsd7j2rekvqd[.]onion/site/blog?uuid=48ed6e1e-5282-41f2-9a48-e1b4386feb5c,hxxp://ijzn3sicrcy7guixkzjkib4ukbiilwc3xhnmby4mcbccnsd7j2rekvqd[.]onion/?page=27,Belgium,domain_tld,Company URL uses the country-code domain suffix .be; verify against headquarters evidence.,Medium,tld_inferred
Qilin,1971,27,A Lococo Wholesale,Grocery Retail,hxxps://www.lococos.ca/,"Mar 5, 2026",,,,hxxp://ijzn3sicrcy7guixkzjkib4ukbiilwc3xhnmby4mcbccnsd7j2rekvqd[.]onion/site/blog?uuid=233d0c8c-5d66-4eb8-adc4-8094869c6b8c,hxxp://ijzn3sicrcy7guixkzjkib4ukbiilwc3xhnmby4mcbccnsd7j2rekvqd[.]onion/?page=27,Canada,domain_tld,Company URL uses the country-code domain suffix .ca; verify against headquarters evidence.,Medium,tld_inferred
Qilin,1968,28,Tennessee Valley Electric Cooperative,"Electricity, Oil & Gas",hxxps://www.tvec.com/,"Mar 5, 2026",,,,hxxp://ijzn3sicrcy7guixkzjkib4ukbiilwc3xhnmby4mcbccnsd7j2rekvqd[.]onion/site/blog?uuid=227c1c5e-17c6-4e6e-b1fd-d7ecb9fb5054,hxxp://ijzn3sicrcy7guixkzjkib4ukbiilwc3xhnmby4mcbccnsd7j2rekvqd[.]onion/?page=28,United States,official_website,"Providing electric service for Wayne and Hardin Counties, Tennessee. State of TN electrical permits and inspections",High,enriched
Qilin,1966,28,Nopa Industriearmaturen,"Architecture, Engineering & Design",hxxps://www.nopa-valves.de/,"Mar 5, 2026",,,,hxxp://ijzn3sicrcy7guixkzjkib4ukbiilwc3xhnmby4mcbccnsd7j2rekvqd[.]onion/site/blog?uuid=29e2b087-24e9-4447-8f7a-9a04e87e1ed2,hxxp://ijzn3sicrcy7guixkzjkib4ukbiilwc3xhnmby4mcbccnsd7j2rekvqd[.]onion/?page=28,Germany,domain_tld,Company URL uses the country-code domain suffix .de; verify against headquarters evidence.,Medium,tld_inferred
Qilin,1964,28,Michelle Accesorios,Business Services,hxxps://www.michelle.com.mx/,"Mar 5, 2026",0,400.00 GB,400,hxxp://ijzn3sicrcy7guixkzjkib4ukbiilwc3xhnmby4mcbccnsd7j2rekvqd[.]onion/site/blog?uuid=add9ba4e-4000-4fe1-be50-d2d2eb09d465,hxxp://ijzn3sicrcy7guixkzjkib4ukbiilwc3xhnmby4mcbccnsd7j2rekvqd[.]onion/?page=28,Mexico,domain_tld,Company URL uses the country-code domain suffix .com.mx; verify against headquarters evidence.,Medium,tld_inferred
Qilin,1963,28,"K & S Company, Inc",Real Estate,hxxps://www.kands.com/,"Mar 5, 2026",,,,hxxp://ijzn3sicrcy7guixkzjkib4ukbiilwc3xhnmby4mcbccnsd7j2rekvqd[.]onion/site/blog?uuid=fb524428-2168-4fee-882b-14f05b0770d4,hxxp://ijzn3sicrcy7guixkzjkib4ukbiilwc3xhnmby4mcbccnsd7j2rekvqd[.]onion/?page=28,United States,official_website,"Contact address lists: 1035 San Pablo Ave, Suite 12 Albany, CA 94706, along with references to the East Bay area (Berkeley, Oakland, etc.) and US holiday observation (4th of July).",High,enriched
Qilin,1962,28,Lucky Union Foods,Food & Beverage,hxxps://www.luf-euro.pl/,"Mar 5, 2026",,,,hxxp://ijzn3sicrcy7guixkzjkib4ukbiilwc3xhnmby4mcbccnsd7j2rekvqd[.]onion/site/blog?uuid=f9989b5e-4ccd-4389-a573-97548ca962cf,hxxp://ijzn3sicrcy7guixkzjkib4ukbiilwc3xhnmby4mcbccnsd7j2rekvqd[.]onion/?page=28,Poland,domain_tld,Company URL uses the country-code domain suffix .pl; verify against headquarters evidence.,Medium,tld_inferred
Qilin,1959,28,CJL Engineering,"Architecture, Engineering & Design",hxxps://www.cjlengineering.com/,"Mar 4, 2026",,,,hxxp://ijzn3sicrcy7guixkzjkib4ukbiilwc3xhnmby4mcbccnsd7j2rekvqd[.]onion/site/blog?uuid=4cd86008-9572-4f76-8f14-4d62757ce1f2,hxxp://ijzn3sicrcy7guixkzjkib4ukbiilwc3xhnmby4mcbccnsd7j2rekvqd[.]onion/?page=28,United States,official_website,"Offices located in Baltimore, MD; Erie, PA; Frederick, MD; Johnstown, PA; Morgantown, WV; Pittsburgh, PA with US state abbreviations and phone numbers.",High,enriched
Qilin,1958,28,Diversified Supply Inc.,"Electricity, Oil & Gas",hxxps://www.diversifiedsupply.com/,"Mar 4, 2026",,,,hxxp://ijzn3sicrcy7guixkzjkib4ukbiilwc3xhnmby4mcbccnsd7j2rekvqd[.]onion/site/blog?uuid=74977d64-1c4a-40d0-b7ae-b2b21460bc31,hxxp://ijzn3sicrcy7guixkzjkib4ukbiilwc3xhnmby4mcbccnsd7j2rekvqd[.]onion/?page=28,Unknown,unknown,,Unknown,unknown
Qilin,1955,28,ATS Group,Business Services,hxxps://www.theatsgroup.com/,"Mar 4, 2026",,,,hxxp://ijzn3sicrcy7guixkzjkib4ukbiilwc3xhnmby4mcbccnsd7j2rekvqd[.]onion/site/blog?uuid=0e6807ec-9ced-47eb-9885-59aee478c5d5,hxxp://ijzn3sicrcy7guixkzjkib4ukbiilwc3xhnmby4mcbccnsd7j2rekvqd[.]onion/?page=28,Unknown,unknown,,Unknown,unknown
Qilin,1954,28,Golden Clay Industries Sdn Bhd,Manufacturing,hxxps://www.gci.com.my/,"Mar 4, 2026",,,,hxxp://ijzn3sicrcy7guixkzjkib4ukbiilwc3xhnmby4mcbccnsd7j2rekvqd[.]onion/site/blog?uuid=9f404c85-4af9-4042-81e4-e1349355b74a,hxxp://ijzn3sicrcy7guixkzjkib4ukbiilwc3xhnmby4mcbccnsd7j2rekvqd[.]onion/?page=28,Malaysia,domain_tld,Company URL uses the country-code domain suffix .com.my; verify against headquarters evidence.,Medium,tld_inferred
Qilin,1950,28,Luro,Manufacturing,hxxps://www.luro.fr/,"Mar 3, 2026",,,,hxxp://ijzn3sicrcy7guixkzjkib4ukbiilwc3xhnmby4mcbccnsd7j2rekvqd[.]onion/site/blog?uuid=e34c30c6-f5b3-4ff8-8c7d-669904622841,hxxp://ijzn3sicrcy7guixkzjkib4ukbiilwc3xhnmby4mcbccnsd7j2rekvqd[.]onion/?page=28,France,domain_tld,Company URL uses the country-code domain suffix .fr; verify against headquarters evidence.,Medium,tld_inferred
Qilin,1949,28,Omesti Berhad,Business Services,hxxps://www.omesti.com/,"Mar 3, 2026",,,,hxxp://ijzn3sicrcy7guixkzjkib4ukbiilwc3xhnmby4mcbccnsd7j2rekvqd[.]onion/site/blog?uuid=1f3ae315-0694-47a2-8534-3c368149a282,hxxp://ijzn3sicrcy7guixkzjkib4ukbiilwc3xhnmby4mcbccnsd7j2rekvqd[.]onion/?page=28,Malaysia,official_website,"HQ address listed as Ho Hup Tower -Aurora Place, 2-09-01 – Level 9, Plaza Bukit Jalil, 1, Persiaran Jalil 1, Bandar Bukit Jalil, 57000 Kuala Lumpur; telephone and contracts with Malaysian Immigration Department and Ministry of Education.",High,enriched
Qilin,1948,28,Aluthea Group,Industrial Machinery & Equipment,hxxps://www.aluthea.com/,"Mar 3, 2026",,,,hxxp://ijzn3sicrcy7guixkzjkib4ukbiilwc3xhnmby4mcbccnsd7j2rekvqd[.]onion/site/blog?uuid=43fd60da-a650-4fd6-b709-4f47d941a9c8,hxxp://ijzn3sicrcy7guixkzjkib4ukbiilwc3xhnmby4mcbccnsd7j2rekvqd[.]onion/?page=28,France,official_website,"The official website text explicitly mentions 'Notre modèle multi-sites (France, Portugal, Tunisie)' and is presented in French ('Accueil • Aluthea Le groupe Qui sommes-nous ?').",Medium,enriched
Qilin,1946,28,Conklin Office Furniture,Furniture,hxxps://www.conklinoffice.com/,"Mar 3, 2026",,,,hxxp://ijzn3sicrcy7guixkzjkib4ukbiilwc3xhnmby4mcbccnsd7j2rekvqd[.]onion/site/blog?uuid=ba6fd2b4-d8cb-41db-87e4-faebf9620120,hxxp://ijzn3sicrcy7guixkzjkib4ukbiilwc3xhnmby4mcbccnsd7j2rekvqd[.]onion/?page=28,United States,official_website,"Visible text mentions references to Boston and domestic locations such as Feeding Hill, Blandford Hill, and Cherry Hill, combined with the company name and context indicating US operations (MHEC vendor).",Medium,enriched
Qilin,1945,28,Gericke,Industrial Machinery & Equipment,hxxps://www.gericke-spedition.de/,"Mar 3, 2026",,,,hxxp://ijzn3sicrcy7guixkzjkib4ukbiilwc3xhnmby4mcbccnsd7j2rekvqd[.]onion/site/blog?uuid=e1a027b6-5256-4bdc-9fed-77b6d4cacc85,hxxp://ijzn3sicrcy7guixkzjkib4ukbiilwc3xhnmby4mcbccnsd7j2rekvqd[.]onion/?page=28,Germany,domain_tld,Company URL uses the country-code domain suffix .de; verify against headquarters evidence.,Medium,tld_inferred
Qilin,1944,28,Les Oliviers,Hospitality,hxxps://www.hotel-les-oliviers.eu/,"Mar 3, 2026",0,79.00 GB,79,hxxp://ijzn3sicrcy7guixkzjkib4ukbiilwc3xhnmby4mcbccnsd7j2rekvqd[.]onion/site/blog?uuid=1817c599-f041-4259-8652-2ece4a5cfcf3,hxxp://ijzn3sicrcy7guixkzjkib4ukbiilwc3xhnmby4mcbccnsd7j2rekvqd[.]onion/?page=28,France,official_website,"Address provided on website: Rue Louis d’Arbalestier 26270 Loriol sur Drôme, along with references to French cities (Valence, Marseille, Paris, Lyon, Montélimar) and French phone numbers (04 75...).",High,enriched
Qilin,1943,28,Lam Soon Group,Consumer Services,hxxps://www.lamsoon.com.my/,"Mar 3, 2026",,,,hxxp://ijzn3sicrcy7guixkzjkib4ukbiilwc3xhnmby4mcbccnsd7j2rekvqd[.]onion/site/blog?uuid=3b73c3c1-2d6c-448d-81bc-5e0cc245b423,hxxp://ijzn3sicrcy7guixkzjkib4ukbiilwc3xhnmby4mcbccnsd7j2rekvqd[.]onion/?page=28,Malaysia,domain_tld,Company URL uses the country-code domain suffix .com.my; verify against headquarters evidence.,Medium,tld_inferred
Qilin,1942,28,SMF & E.D.Etnyre & BearCat Mfg (3 companies),Industrial Machinery & Equipment,"hxxps://www.smf-inc.com/, hxxps://www.etnyre.com/, hxxps://www.bearcatmfg.com/","Mar 3, 2026",,,,hxxp://ijzn3sicrcy7guixkzjkib4ukbiilwc3xhnmby4mcbccnsd7j2rekvqd[.]onion/site/blog?uuid=07bf064c-687e-47aa-8e4d-48e941b772c2,hxxp://ijzn3sicrcy7guixkzjkib4ukbiilwc3xhnmby4mcbccnsd7j2rekvqd[.]onion/?page=28,Unknown,unknown,No official website metadata or text was provided in the evidence to determine the headquarters or primary registration country for the listed companies.,Unknown,unknown
Qilin,1941,28,Bayshore Ford Truck Sales,Automotive Parts,hxxps://www.bayshoreford.com/,"Mar 2, 2026",,,,hxxp://ijzn3sicrcy7guixkzjkib4ukbiilwc3xhnmby4mcbccnsd7j2rekvqd[.]onion/site/blog?uuid=e50280ec-ec12-42ec-aa22-907abc7a7b87,hxxp://ijzn3sicrcy7guixkzjkib4ukbiilwc3xhnmby4mcbccnsd7j2rekvqd[.]onion/?page=28,United States,official_website,"Address listed as: 4003 North DuPont Highway, New Castle, DE 19720; references to Delaware, US.",High,enriched
Qilin,1940,28,Fusion Superplex,Software,hxxps://www.fusionsuperplex.com/,"Mar 2, 2026",,,,hxxp://ijzn3sicrcy7guixkzjkib4ukbiilwc3xhnmby4mcbccnsd7j2rekvqd[.]onion/site/blog?uuid=4fe7135b-791d-4f7e-a21f-9bac55a0dacb,hxxp://ijzn3sicrcy7guixkzjkib4ukbiilwc3xhnmby4mcbccnsd7j2rekvqd[.]onion/?page=28,Unknown,unknown,"The supplied evidence contains no headquarters, registered office, contact address, or company profile information. The webpage text only shows 'Hello World :-)'.",Unknown,unknown
Qilin,1939,28,Lundeen Consulting,Construction,hxxps://www.lundeen-consulting.com/,"Mar 2, 2026",,,,hxxp://ijzn3sicrcy7guixkzjkib4ukbiilwc3xhnmby4mcbccnsd7j2rekvqd[.]onion/site/blog?uuid=64c8fb6d-6919-4a8a-a0fc-ed1094fe30d0,hxxp://ijzn3sicrcy7guixkzjkib4ukbiilwc3xhnmby4mcbccnsd7j2rekvqd[.]onion/?page=28,Unknown,unknown,"The provided webpage text and metadata do not contain any explicit mentions of a headquarters, registered office, contact address, or country of operation for Lundeen Consulting.",Unknown,unknown
Qilin,1936,29,Akkök Holding,Business Services,hxxps://www.akkok.com.tr/,"Mar 2, 2026",,,,hxxp://ijzn3sicrcy7guixkzjkib4ukbiilwc3xhnmby4mcbccnsd7j2rekvqd[.]onion/site/blog?uuid=95ff022e-f8d1-4534-81fb-424e5b421834,hxxp://ijzn3sicrcy7guixkzjkib4ukbiilwc3xhnmby4mcbccnsd7j2rekvqd[.]onion/?page=29,Türkiye,domain_tld,Company URL uses the country-code domain suffix .tr; verify against headquarters evidence.,Medium,tld_inferred
Qilin,1935,29,Payne & Brockway,"Architecture, Engineering & Design",hxxps://www.payne-brockway.com/,"Mar 2, 2026",,,,hxxp://ijzn3sicrcy7guixkzjkib4ukbiilwc3xhnmby4mcbccnsd7j2rekvqd[.]onion/site/blog?uuid=9c2b11ae-139b-4b59-ac70-1b097fcb7957,hxxp://ijzn3sicrcy7guixkzjkib4ukbiilwc3xhnmby4mcbccnsd7j2rekvqd[.]onion/?page=29,Unknown,unknown,"The provided evidence only contains the company name, sector, website URL, and a DLS listing reference. There is no explicit headquarters, registered-office, contact-address, or official company-profile evidence supplied to determine the primary registration country.",Unknown,unknown
Qilin,1934,29,Grupo D'arc,Automotive Parts,hxxps://www.grupodarc.com.ar/,"Mar 2, 2026",,,,hxxp://ijzn3sicrcy7guixkzjkib4ukbiilwc3xhnmby4mcbccnsd7j2rekvqd[.]onion/site/blog?uuid=79206d69-9e9d-4218-bf40-60387f059a6b,hxxp://ijzn3sicrcy7guixkzjkib4ukbiilwc3xhnmby4mcbccnsd7j2rekvqd[.]onion/?page=29,Argentina,domain_tld,Company URL uses the country-code domain suffix .com.ar; verify against headquarters evidence.,Medium,tld_inferred
Qilin,1933,29,Klevorn,Accounting Services,hxxps://www.klevornco.com/,"Mar 1, 2026",,,,hxxp://ijzn3sicrcy7guixkzjkib4ukbiilwc3xhnmby4mcbccnsd7j2rekvqd[.]onion/site/blog?uuid=700674ab-4967-42d0-a1ac-21bb47868722,hxxp://ijzn3sicrcy7guixkzjkib4ukbiilwc3xhnmby4mcbccnsd7j2rekvqd[.]onion/?page=29,United States,official_website,"Contact address lists '8050 Watson Road, Suite 390, St. Louis, MO 63119', and references 'P.C.' (Professional Corporation) and US state postal abbreviation MO (Missouri).",High,enriched
Qilin,1931,29,Enterprise Network Group of Indiana,Electronics,hxxps://www.engofinllc.com/,"Mar 1, 2026",,,,hxxp://ijzn3sicrcy7guixkzjkib4ukbiilwc3xhnmby4mcbccnsd7j2rekvqd[.]onion/site/blog?uuid=4cfd9fb0-ff07-4ca2-956e-ae222c5136b7,hxxp://ijzn3sicrcy7guixkzjkib4ukbiilwc3xhnmby4mcbccnsd7j2rekvqd[.]onion/?page=29,United States,official_website,"Contact addresses listed in Indiana (St John, IN and Granger, IN) and company name 'Enterprise Network Group of Indiana'.",High,enriched
Qilin,1927,29,Riach Gese Jacobs,Law Firms & Legal Services,hxxps://www.riachgese.com/,"Mar 1, 2026",,,,hxxp://ijzn3sicrcy7guixkzjkib4ukbiilwc3xhnmby4mcbccnsd7j2rekvqd[.]onion/site/blog?uuid=311988a0-0cd4-48ef-b090-fff3782d5af3,hxxp://ijzn3sicrcy7guixkzjkib4ukbiilwc3xhnmby4mcbccnsd7j2rekvqd[.]onion/?page=29,Unknown,unknown,"No official website metadata, address, or registration details were supplied in the evidence to determine the company's country.",Unknown,unknown
Qilin,1924,29,Pro-Plastics,Manufacturing,hxxps://www.proplastics.com/,"Feb 28, 2026",85716,97.00 GB,97,hxxp://ijzn3sicrcy7guixkzjkib4ukbiilwc3xhnmby4mcbccnsd7j2rekvqd[.]onion/site/blog?uuid=78334b8f-1bd0-4028-9bbb-2c30e7917cc2,hxxp://ijzn3sicrcy7guixkzjkib4ukbiilwc3xhnmby4mcbccnsd7j2rekvqd[.]onion/?page=29,United States,official_website,"The website text includes a US phone number format (713) 690-9000, mentions serving customers 'all across America', and refers to the company as 'Pro-Plastics, Inc.' (a standard US corporate designation).",High,enriched
Qilin,1923,29,Unibros Shipping,Business Services,hxxps://www.unibros.gr/,"Feb 28, 2026",,,,hxxp://ijzn3sicrcy7guixkzjkib4ukbiilwc3xhnmby4mcbccnsd7j2rekvqd[.]onion/site/blog?uuid=c0d4dd4b-b909-4e95-bd10-7fe227e6e550,hxxp://ijzn3sicrcy7guixkzjkib4ukbiilwc3xhnmby4mcbccnsd7j2rekvqd[.]onion/?page=29,Greece,domain_tld,Company URL uses the country-code domain suffix .gr; verify against headquarters evidence.,Medium,tld_inferred
Qilin,1920,29,Golden GBC,Office Products Retail & Distribution,hxxps://www.goldengbc.com/,"Feb 27, 2026",,,,hxxp://ijzn3sicrcy7guixkzjkib4ukbiilwc3xhnmby4mcbccnsd7j2rekvqd[.]onion/site/blog?uuid=397483d6-7e02-4049-bb42-45f96fab21b0,hxxp://ijzn3sicrcy7guixkzjkib4ukbiilwc3xhnmby4mcbccnsd7j2rekvqd[.]onion/?page=29,Colombia,official_website,"Contact address located at 'Km 2.5 Vía Bog - Med C. Empresarial Oikos | Bodega H-111' with phone prefix +57 and explicit mention of operations and services in Colombia, Venezuela, Perú, Ecuador y México.",High,enriched
Qilin,1910,29,Rocky Mountain Care,Healthcare Services,hxxp://rockymountaincare.com,"Feb 23, 2026",24441,33.00 GB,33,hxxp://ijzn3sicrcy7guixkzjkib4ukbiilwc3xhnmby4mcbccnsd7j2rekvqd[.]onion/site/blog?uuid=5339390f-bfc1-4a61-a9c3-43dbe59270e5,hxxp://ijzn3sicrcy7guixkzjkib4ukbiilwc3xhnmby4mcbccnsd7j2rekvqd[.]onion/?page=29,Unknown,unknown,"No official website metadata, address, or registration country evidence was supplied in the input.",Unknown,unknown
Qilin,1908,29,GENERON,Industrial Machinery & Equipment,hxxps://www.generon.com/,"Feb 23, 2026",98530,45.00 GB,45,hxxp://ijzn3sicrcy7guixkzjkib4ukbiilwc3xhnmby4mcbccnsd7j2rekvqd[.]onion/site/blog?uuid=fcbb99c7-24b8-4468-8d02-d79ecbf94166,hxxp://ijzn3sicrcy7guixkzjkib4ukbiilwc3xhnmby4mcbccnsd7j2rekvqd[.]onion/?page=29,United States,official_website,"Global headquarters 16250 Tomball Parkway Houston, TX 77086, USA",High,enriched
Qilin,1907,29,Spire Payments,Credit Cards & Transaction Processing,hxxps://www.spirepayments.com/,"Feb 23, 2026",66139,88.00 GB,88,hxxp://ijzn3sicrcy7guixkzjkib4ukbiilwc3xhnmby4mcbccnsd7j2rekvqd[.]onion/site/blog?uuid=4fe48834-4d91-4c55-a871-97982d38d6cf,hxxp://ijzn3sicrcy7guixkzjkib4ukbiilwc3xhnmby4mcbccnsd7j2rekvqd[.]onion/?page=29,Unknown,unknown,,Unknown,unknown
Qilin,1906,29,Plan-IT Office Solutions,Business Services,hxxps://www.plan-itos.com/,"Feb 23, 2026",21974,109.00 GB,109,hxxp://ijzn3sicrcy7guixkzjkib4ukbiilwc3xhnmby4mcbccnsd7j2rekvqd[.]onion/site/blog?uuid=e028f8a4-b9fb-4194-964b-48120a6956e4,hxxp://ijzn3sicrcy7guixkzjkib4ukbiilwc3xhnmby4mcbccnsd7j2rekvqd[.]onion/?page=29,Unknown,unknown,"No official website metadata, contact address, or registration details were supplied in the evidence to determine the company's headquarters or primary registration country.",Unknown,unknown
Qilin,1905,29,TWU Local 100,Membership Organizations,hxxps://www.twulocal100.org/,"Feb 23, 2026",700277,551.00 GB,551,hxxp://ijzn3sicrcy7guixkzjkib4ukbiilwc3xhnmby4mcbccnsd7j2rekvqd[.]onion/site/blog?uuid=01d5ee8d-3e5c-4ea1-983a-f1b69396a949,hxxp://ijzn3sicrcy7guixkzjkib4ukbiilwc3xhnmby4mcbccnsd7j2rekvqd[.]onion/?page=29,United States,official_website,"The official website title and text explicitly state 'TWU Local 100 | New York's Public Transit Union' and reference locations such as Brooklyn, NY, Bronx Supreme Criminal Court, and New York City transit operations.",High,enriched
Qilin,1904,29,FAMILY EYECARE LLC,0,hxxp://lindeneyecare.com/,"Feb 23, 2026",154648,76.00 GB,76,hxxp://ijzn3sicrcy7guixkzjkib4ukbiilwc3xhnmby4mcbccnsd7j2rekvqd[.]onion/site/blog?uuid=774fbfdf-5633-4ad2-834c-72744b187237,hxxp://ijzn3sicrcy7guixkzjkib4ukbiilwc3xhnmby4mcbccnsd7j2rekvqd[.]onion/?page=29,United States,official_website,"Meta description and website text state the address is 515 N Wood Ave, Suite 202, Linden, NJ 07036, explicitly placing the company in New Jersey, United States.",High,enriched
Qilin,1899,29,CYMOT,Automotive Parts,hxxps://www.cymot.com/,"Feb 22, 2026",,,,hxxp://ijzn3sicrcy7guixkzjkib4ukbiilwc3xhnmby4mcbccnsd7j2rekvqd[.]onion/site/blog?uuid=8e403122-190c-4462-b8c4-48cf79fad7c8,hxxp://ijzn3sicrcy7guixkzjkib4ukbiilwc3xhnmby4mcbccnsd7j2rekvqd[.]onion/?page=29,Unknown,unknown,,Unknown,unknown
Qilin,1894,29,Cumberland International Trucks,Business Services,hxxps://www.cumberland-companies.com/,"Feb 21, 2026",1480166,621.00 GB,621,hxxp://ijzn3sicrcy7guixkzjkib4ukbiilwc3xhnmby4mcbccnsd7j2rekvqd[.]onion/site/blog?uuid=d670f6a4-c762-45f6-8c1c-57f260ff2f2d,hxxp://ijzn3sicrcy7guixkzjkib4ukbiilwc3xhnmby4mcbccnsd7j2rekvqd[.]onion/?page=29,United States,official_website,"Headquarters listed as 333 Plus Park Blvd Nashville, along with multiple branch locations in Tennessee (Nashville, Murfreesboro, Lebanon) and Florida (Orlando, Jacksonville, Ocala, Daytona Beach, Palm Bay).",High,enriched
Qilin,1892,29,Esperance Metaland,Manufacturing,hxxps://espmetaland.com.au/,"Feb 21, 2026",16654,14.00 GB,14,hxxp://ijzn3sicrcy7guixkzjkib4ukbiilwc3xhnmby4mcbccnsd7j2rekvqd[.]onion/site/blog?uuid=3fab33fd-196d-46a5-b10e-8069b9006eb8,hxxp://ijzn3sicrcy7guixkzjkib4ukbiilwc3xhnmby4mcbccnsd7j2rekvqd[.]onion/?page=29,Australia,domain_tld,Company URL uses the country-code domain suffix .com.au; verify against headquarters evidence.,Medium,tld_inferred
Qilin,1887,29,Brm,Finance,hxxps://www.brmcompany.com/,"Feb 19, 2026",100616,45.00 GB,45,hxxp://ijzn3sicrcy7guixkzjkib4ukbiilwc3xhnmby4mcbccnsd7j2rekvqd[.]onion/site/blog?uuid=5e2a3d5e-4532-4ce0-a72c-bae2016eaae5,hxxp://ijzn3sicrcy7guixkzjkib4ukbiilwc3xhnmby4mcbccnsd7j2rekvqd[.]onion/?page=29,Unknown,unknown,,Unknown,unknown
Qilin,1886,29,Kroll International,"Architecture, Engineering & Design",hxxps://www.krollcorp.com/,"Feb 19, 2026",,,,hxxp://ijzn3sicrcy7guixkzjkib4ukbiilwc3xhnmby4mcbccnsd7j2rekvqd[.]onion/site/blog?uuid=730231da-3d66-4084-8e9c-09cfcdfcd67c,hxxp://ijzn3sicrcy7guixkzjkib4ukbiilwc3xhnmby4mcbccnsd7j2rekvqd[.]onion/?page=29,Unknown,unknown,"No official website metadata, address, or registration details were provided in the evidence to determine the headquarters or primary registration country.",Unknown,unknown
Qilin,1885,30,Telecare,Healthcare Services,hxxp://telecarecorp.com,"Feb 19, 2026",341778,145.00 GB,145,hxxp://ijzn3sicrcy7guixkzjkib4ukbiilwc3xhnmby4mcbccnsd7j2rekvqd[.]onion/site/blog?uuid=050d3724-d9ec-4ab5-8f6f-ba88931656e7,hxxp://ijzn3sicrcy7guixkzjkib4ukbiilwc3xhnmby4mcbccnsd7j2rekvqd[.]onion/?page=30,United States,official_website,"The official website text references appointments and inductions involving the California Health Care Foundation’s Future of Medi-Cal Commission and the Alameda County Women's Hall of Fame, as well as programs in Sonoma, California.",High,enriched
Qilin,1883,30,The Corradino Group,"Architecture, Engineering & Design",hxxp://corradino.com,"Feb 19, 2026",0,95.00 GB,95,hxxp://ijzn3sicrcy7guixkzjkib4ukbiilwc3xhnmby4mcbccnsd7j2rekvqd[.]onion/site/blog?uuid=998437a3-c015-4a92-bba3-c959f81a79eb,hxxp://ijzn3sicrcy7guixkzjkib4ukbiilwc3xhnmby4mcbccnsd7j2rekvqd[.]onion/?page=30,United States,official_website,"Locations listed include Miami, Fort Lauderdale, Palm Beach County, Lakeland, Tampa, Orlando, Detroit, Indianapolis, Louisville, Nashville, and references to shaping cities and regions across the United States.",High,enriched
Qilin,1882,30,Park Printing,Business Services,hxxps://www.parkprint.com/,"Feb 19, 2026",,,,hxxp://ijzn3sicrcy7guixkzjkib4ukbiilwc3xhnmby4mcbccnsd7j2rekvqd[.]onion/site/blog?uuid=c478ae89-4f7d-4560-b413-dd18ebff5caa,hxxp://ijzn3sicrcy7guixkzjkib4ukbiilwc3xhnmby4mcbccnsd7j2rekvqd[.]onion/?page=30,United States,official_website,"The official website metadata and visible text explicitly reference Minneapolis and Minnesota ('Commercial Printing Services Minneapolis, Since 1979', 'Top commercial print services provider in Minnesota', 'Midwest Sensibility').",High,enriched
Qilin,1881,30,Kensington HPP,Building Materials,hxxps://www.kensingtonhpp.com/,"Feb 19, 2026",,,,hxxp://ijzn3sicrcy7guixkzjkib4ukbiilwc3xhnmby4mcbccnsd7j2rekvqd[.]onion/site/blog?uuid=80fb26e5-1242-4bce-9c1b-6a38f9ef7888,hxxp://ijzn3sicrcy7guixkzjkib4ukbiilwc3xhnmby4mcbccnsd7j2rekvqd[.]onion/?page=30,Unknown,unknown,,Unknown,unknown
Qilin,1880,30,Graneles de Chile,Business Services,hxxps://www.granelesdechile.com/,"Feb 19, 2026",,,,hxxp://ijzn3sicrcy7guixkzjkib4ukbiilwc3xhnmby4mcbccnsd7j2rekvqd[.]onion/site/blog?uuid=d3f559aa-233f-4e15-a09c-9d9ab8b190f4,hxxp://ijzn3sicrcy7guixkzjkib4ukbiilwc3xhnmby4mcbccnsd7j2rekvqd[.]onion/?page=30,Chile,official_website,Text explicitly states 'coordinación centralizada desde su oficina principal en Chile' and 'En Graneles de Chile S.A. brindamos servicios...' as well as mentioning compliance with 'Ley Karin' (a Chilean labor law).,High,enriched
Qilin,1879,30,O.Berk,Manufacturing,hxxps://www.oberk.com/,"Feb 18, 2026",,,,hxxp://ijzn3sicrcy7guixkzjkib4ukbiilwc3xhnmby4mcbccnsd7j2rekvqd[.]onion/site/blog?uuid=3f18f197-b19c-4657-91a9-dcec46473528,hxxp://ijzn3sicrcy7guixkzjkib4ukbiilwc3xhnmby4mcbccnsd7j2rekvqd[.]onion/?page=30,Unknown,unknown,"No official website metadata, address, or registration details were supplied in the evidence.",Unknown,unknown
Qilin,1874,30,LaBaguette,Software,hxxp://www.labaguette.com.kw,"Feb 17, 2026",,,,hxxp://ijzn3sicrcy7guixkzjkib4ukbiilwc3xhnmby4mcbccnsd7j2rekvqd[.]onion/site/blog?uuid=89045eb2-f422-4117-bd4e-b9d3369d2450,hxxp://ijzn3sicrcy7guixkzjkib4ukbiilwc3xhnmby4mcbccnsd7j2rekvqd[.]onion/?page=30,Kuwait,official_website,The company URL uses the country-code top-level domain for Kuwait (.com.kw).,Medium,enriched
Qilin,1872,30,Castle Group,Real Estate,hxxps://www.castlegroup.com/,"Feb 16, 2026",,,,hxxp://ijzn3sicrcy7guixkzjkib4ukbiilwc3xhnmby4mcbccnsd7j2rekvqd[.]onion/site/blog?uuid=6ed9cd95-cb66-461f-9150-b7da1f905c3a,hxxp://ijzn3sicrcy7guixkzjkib4ukbiilwc3xhnmby4mcbccnsd7j2rekvqd[.]onion/?page=30,Unknown,unknown,,Unknown,unknown
Qilin,1871,30,SCC MediaServer,Business Services,hxxps://www.sccmediaserver.com/,"Feb 16, 2026",,,,hxxp://ijzn3sicrcy7guixkzjkib4ukbiilwc3xhnmby4mcbccnsd7j2rekvqd[.]onion/site/blog?uuid=54118b6e-c284-45c6-912f-c2ef4cdca09f,hxxp://ijzn3sicrcy7guixkzjkib4ukbiilwc3xhnmby4mcbccnsd7j2rekvqd[.]onion/?page=30,Unknown,unknown,,Unknown,unknown
Qilin,1870,30,Cheltenham Orthodontics,Healthcare Services,hxxps://www.cheltenhamorthodontics.co.uk/,"Feb 16, 2026",,,,hxxp://ijzn3sicrcy7guixkzjkib4ukbiilwc3xhnmby4mcbccnsd7j2rekvqd[.]onion/site/blog?uuid=febf932e-0f20-455e-a6e5-5ce5596617df,hxxp://ijzn3sicrcy7guixkzjkib4ukbiilwc3xhnmby4mcbccnsd7j2rekvqd[.]onion/?page=30,United Kingdom,domain_tld,Company URL uses the country-code domain suffix .co.uk; verify against headquarters evidence.,Medium,tld_inferred
Qilin,1869,30,BECKER CADCAMCAST,"Architecture, Engineering & Design",hxxps://www.beckerccc.com/,"Feb 16, 2026",,,,hxxp://ijzn3sicrcy7guixkzjkib4ukbiilwc3xhnmby4mcbccnsd7j2rekvqd[.]onion/site/blog?uuid=23a455ad-26f3-49fc-b18a-b5d6da4a5ff9,hxxp://ijzn3sicrcy7guixkzjkib4ukbiilwc3xhnmby4mcbccnsd7j2rekvqd[.]onion/?page=30,Germany,official_website,BECKER GmbH CAD-CAM-CAST Brückenstraße 19 D-35239 Steffenberg-Quotshausen Telefon: +49 6465 9143-0,High,enriched
Qilin,1868,30,Housing Authority of The City of Elizabeth,Government,hxxps://www.hacenj.com/,"Feb 16, 2026",,,,hxxp://ijzn3sicrcy7guixkzjkib4ukbiilwc3xhnmby4mcbccnsd7j2rekvqd[.]onion/site/blog?uuid=9a707e4b-9a45-495b-ad9f-22deba8414f9,hxxp://ijzn3sicrcy7guixkzjkib4ukbiilwc3xhnmby4mcbccnsd7j2rekvqd[.]onion/?page=30,United States,official_website,"The website domain is hacenj.com (referencing NJ/New Jersey), the text mentions 'TAPinto Elizabeth', 'NJBIA', and a phone area code (908) which corresponds to New Jersey, USA. The organization is the Housing Authority of the City of Elizabeth.",High,enriched
Qilin,1867,30,Borough of State College,Education,hxxps://www.statecollegepa.us/,"Feb 16, 2026",,,,hxxp://ijzn3sicrcy7guixkzjkib4ukbiilwc3xhnmby4mcbccnsd7j2rekvqd[.]onion/site/blog?uuid=4bc23466-20b5-442b-938e-12efed228746,hxxp://ijzn3sicrcy7guixkzjkib4ukbiilwc3xhnmby4mcbccnsd7j2rekvqd[.]onion/?page=30,United States,domain_tld,Company URL uses the country-code domain suffix .us; verify against headquarters evidence.,Medium,tld_inferred
Qilin,1866,30,Johnson Tractor,Agriculture,hxxps://www.johnsontractor.com/,"Feb 16, 2026",,,,hxxp://ijzn3sicrcy7guixkzjkib4ukbiilwc3xhnmby4mcbccnsd7j2rekvqd[.]onion/site/blog?uuid=c58ef3cf-ada5-4eae-89f9-45892f38bf17,hxxp://ijzn3sicrcy7guixkzjkib4ukbiilwc3xhnmby4mcbccnsd7j2rekvqd[.]onion/?page=30,Unknown,unknown,No evidence or webpage text was provided to determine the headquarters or primary registration country of the company.,Unknown,unknown
Qilin,1864,30,REIC,Business Services,hxxps://reicorporation.com/,"Feb 16, 2026",0,173.00 GB,173,hxxp://ijzn3sicrcy7guixkzjkib4ukbiilwc3xhnmby4mcbccnsd7j2rekvqd[.]onion/site/blog?uuid=badf7ee6-3bc5-4912-9870-38b103d05a6f,hxxp://ijzn3sicrcy7guixkzjkib4ukbiilwc3xhnmby4mcbccnsd7j2rekvqd[.]onion/?page=30,Unknown,unknown,"The provided text lists multiple locations in both Canada and the USA (e.g., Calgary, Toronto, Denver, Seattle, etc.) and explicitly mentions two separate headquarters locations ('Denver | HQ' and 'New Iberia | HQ'), creating a conflict between Canada and the United States without a single definitive primary registration country specified.",Unknown,unknown
Qilin,1860,30,Cooperativa de Hostelería de Navarra,Food & Beverage,hxxps://www.coope.com/,"Feb 14, 2026",601000,300.00 GB,300,hxxp://ijzn3sicrcy7guixkzjkib4ukbiilwc3xhnmby4mcbccnsd7j2rekvqd[.]onion/site/blog?uuid=06413a3a-ba71-4dbb-9817-e025b8624b12,hxxp://ijzn3sicrcy7guixkzjkib4ukbiilwc3xhnmby4mcbccnsd7j2rekvqd[.]onion/?page=30,Spain,official_website,"The official website metadata and visible text explicitly reference locations in Navarra, Burlada, Gipuzkoa, and Donostia, along with the company name 'Cooperativa de Hostelería de Navarra' and Spanish phone numbers/addresses (e.g., Polígono Iturrondo, 6, 31600 Burlada, Navarra).",High,enriched
Qilin,1859,30,Carrera Casting,Accounting Services,hxxps://www.carreracasting.com/,"Feb 13, 2026",,,,hxxp://ijzn3sicrcy7guixkzjkib4ukbiilwc3xhnmby4mcbccnsd7j2rekvqd[.]onion/site/blog?uuid=b4fc7c45-5af6-4c42-8039-8bc67c7efbe8,hxxp://ijzn3sicrcy7guixkzjkib4ukbiilwc3xhnmby4mcbccnsd7j2rekvqd[.]onion/?page=30,United States,official_website,Contact Us 64 West 48th Street New York NY 10036 and NYC-based jewelry casting experts since 1975.,High,enriched
Qilin,1858,30,Midwest Wheel,Automotive Parts,hxxps://www.midwestwheel.com/,"Feb 12, 2026",,,,hxxp://ijzn3sicrcy7guixkzjkib4ukbiilwc3xhnmby4mcbccnsd7j2rekvqd[.]onion/site/blog?uuid=a83f0030-cf49-42b4-84af-4112ee30763f,hxxp://ijzn3sicrcy7guixkzjkib4ukbiilwc3xhnmby4mcbccnsd7j2rekvqd[.]onion/?page=30,United States,official_website,"The website mentions 'Trusted Since 1911' and 'Multiple Midwest locations ready to help', and the company name 'Midwest Wheel' combined with regional references strongly indicates a U.S. presence, though direct explicit registry address text is absent from the snippet. Wait, let me review the strict rules: 'Do not infer a country from a .com domain alone. Do not infer a country from the company name alone.' The text mentions 'Midwest locations', but does it explicitly state the country? Let's check if 'United States' is explicitly in the text. It isn't explicitly named as 'United States'. Therefore, based on the strict evidence provided in the snippet, there is no explicit country stated.",Unknown,enriched
Qilin,1856,30,Regie Libanaise,Agriculture,hxxps://www.regie.com.lb,"Feb 12, 2026",0,153.00 GB,153,hxxp://ijzn3sicrcy7guixkzjkib4ukbiilwc3xhnmby4mcbccnsd7j2rekvqd[.]onion/site/blog?uuid=659030c9-4606-4fc6-832b-a217af352e6a,hxxp://ijzn3sicrcy7guixkzjkib4ukbiilwc3xhnmby4mcbccnsd7j2rekvqd[.]onion/?page=30,Lebanon,official_website,"The official website metadata and text explicitly state that the organization is controlled by the 'Lebanese Ministry of Finance' and operates across Lebanon, with names and references such as 'Regie Libanaise Des Tabacs ET Tombacs | إدارة حصر التبغ والتنباك اللبنانية'.",High,enriched
Qilin,1850,30,Joyce Manufacturing,Building Materials,hxxps://www.joycemfg.com/,"Feb 11, 2026",,,,hxxp://ijzn3sicrcy7guixkzjkib4ukbiilwc3xhnmby4mcbccnsd7j2rekvqd[.]onion/site/blog?uuid=3e44fb0e-fd5a-40dc-8d47-46283bd808bc,hxxp://ijzn3sicrcy7guixkzjkib4ukbiilwc3xhnmby4mcbccnsd7j2rekvqd[.]onion/?page=30,United States,official_website,"1125 Berea Industrial Parkway Berea, OH 44017",High,enriched
Qilin,1848,31,On-Point Defense Technologies,Manufacturing,hxxps://onpoint-dt.com/,"Feb 11, 2026",106543,214.00 GB,214,hxxp://ijzn3sicrcy7guixkzjkib4ukbiilwc3xhnmby4mcbccnsd7j2rekvqd[.]onion/site/blog?uuid=2a8b1b30-0faa-48f2-a73e-728e486e0754,hxxp://ijzn3sicrcy7guixkzjkib4ukbiilwc3xhnmby4mcbccnsd7j2rekvqd[.]onion/?page=31,United States,official_website,"Address listed on the official website: 737 Hollywood Blvd NW Fort Walton Beach, FL 32548; references supporting the U.S. Department of Defense and U.S. Army.",High,enriched
Qilin,1847,31,Topkin & Partlow,Law Firms & Legal Services,hxxps://www.topkinlaw.com/,"Feb 11, 2026",,,,hxxp://ijzn3sicrcy7guixkzjkib4ukbiilwc3xhnmby4mcbccnsd7j2rekvqd[.]onion/site/blog?uuid=0a745c2d-587e-4ba9-a724-63945e771ec7,hxxp://ijzn3sicrcy7guixkzjkib4ukbiilwc3xhnmby4mcbccnsd7j2rekvqd[.]onion/?page=31,United States,official_website,"Meta description and visible text explicitly state that Topkin Law, PL is located in Deerfield Beach (which uses the US area code 954).",High,enriched
Qilin,1846,31,JC Resorts,Hospitality,hxxps://www.jcresorts.com/,"Feb 11, 2026",0,350.00 GB,350,hxxp://ijzn3sicrcy7guixkzjkib4ukbiilwc3xhnmby4mcbccnsd7j2rekvqd[.]onion/site/blog?uuid=6965f4fb-b70c-4fc0-8022-e1575f544bfc,hxxp://ijzn3sicrcy7guixkzjkib4ukbiilwc3xhnmby4mcbccnsd7j2rekvqd[.]onion/?page=31,United States,official_website,"JC Resorts 533 Coast Boulevard S La Jolla, CA 92037",High,enriched
Qilin,1840,31,Mt Barker Co-Operative,Home Improvement & Hardware Retail,hxxps://www.mtbarkercoop.com.au/,"Feb 11, 2026",55361,40.00 GB,40,hxxp://ijzn3sicrcy7guixkzjkib4ukbiilwc3xhnmby4mcbccnsd7j2rekvqd[.]onion/site/blog?uuid=9fbe80cb-a15d-4a72-8727-cbe8a36ff764,hxxp://ijzn3sicrcy7guixkzjkib4ukbiilwc3xhnmby4mcbccnsd7j2rekvqd[.]onion/?page=31,Australia,domain_tld,Company URL uses the country-code domain suffix .com.au; verify against headquarters evidence.,Medium,tld_inferred
Qilin,1838,31,Korsmo Construction,Construction,hxxps://www.korsmo.com,"Feb 10, 2026",,,,hxxp://ijzn3sicrcy7guixkzjkib4ukbiilwc3xhnmby4mcbccnsd7j2rekvqd[.]onion/site/blog?uuid=1b608189-59a9-428a-89dc-00e195ae4662,hxxp://ijzn3sicrcy7guixkzjkib4ukbiilwc3xhnmby4mcbccnsd7j2rekvqd[.]onion/?page=31,United States,official_website,"Korsmo Construction is a commercial construction company located in Tacoma, Washington",High,enriched
Qilin,1837,31,Hunter-Kelsey of Texas,Government,hxxps://www.propertytaxloansfortexas.com/,"Feb 10, 2026",,,,hxxp://ijzn3sicrcy7guixkzjkib4ukbiilwc3xhnmby4mcbccnsd7j2rekvqd[.]onion/site/blog?uuid=06d1a7f0-117b-478d-b5ac-f40a13f34618,hxxp://ijzn3sicrcy7guixkzjkib4ukbiilwc3xhnmby4mcbccnsd7j2rekvqd[.]onion/?page=31,United States,official_website,"Contact address explicitly lists: 7200 N. MoPac, Suite 410 Austin , TX , 78731 USA",High,enriched
Qilin,1835,31,Anabuki Kosan,Real Estate,hxxps://anabuki.ne.jp/,"Feb 10, 2026",0,240.00 GB,240,hxxp://ijzn3sicrcy7guixkzjkib4ukbiilwc3xhnmby4mcbccnsd7j2rekvqd[.]onion/site/blog?uuid=1ae4474d-55d4-4c79-8652-abb423364da2,hxxp://ijzn3sicrcy7guixkzjkib4ukbiilwc3xhnmby4mcbccnsd7j2rekvqd[.]onion/?page=31,Japan,domain_tld,Company URL uses the country-code domain suffix .jp; verify against headquarters evidence.,Medium,tld_inferred
Qilin,1834,31,uniquegas,Business Services,hxxp://www.ugs.com.sg,"Feb 9, 2026",,,,hxxp://ijzn3sicrcy7guixkzjkib4ukbiilwc3xhnmby4mcbccnsd7j2rekvqd[.]onion/site/blog?uuid=7e7029e9-4639-45ef-9174-d0332a49b420,hxxp://ijzn3sicrcy7guixkzjkib4ukbiilwc3xhnmby4mcbccnsd7j2rekvqd[.]onion/?page=31,Singapore,domain_tld,Company URL uses the country-code domain suffix .com.sg; verify against headquarters evidence.,Medium,tld_inferred
Qilin,1833,31,Tech Environmental,Business Services,hxxps://www.techenv.com/,"Feb 9, 2026",,,,hxxp://ijzn3sicrcy7guixkzjkib4ukbiilwc3xhnmby4mcbccnsd7j2rekvqd[.]onion/site/blog?uuid=24ad0447-e4bd-4472-bccb-25c73cf8740b,hxxp://ijzn3sicrcy7guixkzjkib4ukbiilwc3xhnmby4mcbccnsd7j2rekvqd[.]onion/?page=31,United States,official_website,"The webpage text references the EPA (Environmental Protection Agency), Maine DEP (Department of Environmental Protection), and Massachusetts Bans Food Waste, along with a US area code (781.890.2220), indicating operations in the United States.",Medium,enriched
Qilin,1832,31,iQ NetSolutions,Business Services,hxxps://www.iqnetsolutions.com/,"Feb 9, 2026",,,,hxxp://ijzn3sicrcy7guixkzjkib4ukbiilwc3xhnmby4mcbccnsd7j2rekvqd[.]onion/site/blog?uuid=21cd3e4d-7c6d-4472-bd54-7fcaf3ab37d0,hxxp://ijzn3sicrcy7guixkzjkib4ukbiilwc3xhnmby4mcbccnsd7j2rekvqd[.]onion/?page=31,Unknown,unknown,"The supplied webpage text and metadata do not contain any explicit headquarters, registered-office, contact-address, or official company-profile evidence specifying the country of registration or operation for iQ NetSolutions.",Unknown,unknown
Qilin,1829,31,Gradient Wind Engineering,"Architecture, Engineering & Design",hxxps://www.gradientwind.com/,"Feb 9, 2026",,,,hxxp://ijzn3sicrcy7guixkzjkib4ukbiilwc3xhnmby4mcbccnsd7j2rekvqd[.]onion/site/blog?uuid=b4439246-89c6-4bb9-83b8-0c90df580609,hxxp://ijzn3sicrcy7guixkzjkib4ukbiilwc3xhnmby4mcbccnsd7j2rekvqd[.]onion/?page=31,Canada,official_website,"HEAD OFFICE 127 Walgreen Road Ottawa, Ontario K0A 1L0",High,enriched
Qilin,1828,31,Body By Fisher,Consumer Services,hxxps://www.bodybyfishernow.com/,"Feb 9, 2026",,,,hxxp://ijzn3sicrcy7guixkzjkib4ukbiilwc3xhnmby4mcbccnsd7j2rekvqd[.]onion/site/blog?uuid=8d9e47bb-2511-4368-948d-6dc568d1e36f,hxxp://ijzn3sicrcy7guixkzjkib4ukbiilwc3xhnmby4mcbccnsd7j2rekvqd[.]onion/?page=31,United States,official_website,"The company website and metadata repeatedly reference Philadelphia and surrounding suburbs, Pennsylvania area code (215), FDA approved medications, and Philadelphia's leading bariatric clinic.",High,enriched
Qilin,1826,31,AMR PEMCO,Industrial Machinery & Equipment,hxxps://www.amrpemco.com/,"Feb 7, 2026",,,,hxxp://ijzn3sicrcy7guixkzjkib4ukbiilwc3xhnmby4mcbccnsd7j2rekvqd[.]onion/site/blog?uuid=344a7996-0224-475d-96b5-818e0be37cd6,hxxp://ijzn3sicrcy7guixkzjkib4ukbiilwc3xhnmby4mcbccnsd7j2rekvqd[.]onion/?page=31,United States,official_website,"Head Office PO Box 234 12187 N Scenic Highway Rocky Gap, VA 24366 and Bluefield Facility 1960 Valley Dale Street Bluefield, VA 24605-9454 (VA stands for Virginia, US state).",High,enriched
Qilin,1825,31,KV Final,Automotive Parts,hxxps://www.kvfinal.cz/,"Feb 7, 2026",,,,hxxp://ijzn3sicrcy7guixkzjkib4ukbiilwc3xhnmby4mcbccnsd7j2rekvqd[.]onion/site/blog?uuid=d21f74ca-393f-4fdf-abe6-b1147a8b5692,hxxp://ijzn3sicrcy7guixkzjkib4ukbiilwc3xhnmby4mcbccnsd7j2rekvqd[.]onion/?page=31,Czechia,domain_tld,Company URL uses the country-code domain suffix .cz; verify against headquarters evidence.,Medium,tld_inferred
Qilin,1824,31,Parente Fireworks,Consumer Services,hxxps://www.parente.it/,"Feb 6, 2026",,,,hxxp://ijzn3sicrcy7guixkzjkib4ukbiilwc3xhnmby4mcbccnsd7j2rekvqd[.]onion/site/blog?uuid=ccaff669-cdcf-455f-9092-fcd8e7206b3b,hxxp://ijzn3sicrcy7guixkzjkib4ukbiilwc3xhnmby4mcbccnsd7j2rekvqd[.]onion/?page=31,Italy,domain_tld,Company URL uses the country-code domain suffix .it; verify against headquarters evidence.,Medium,tld_inferred
Qilin,1818,31,Florida Retina Center,0,hxxps://www.floridaretinacenter.com/,"Feb 5, 2026",0,354.00 GB,354,hxxp://ijzn3sicrcy7guixkzjkib4ukbiilwc3xhnmby4mcbccnsd7j2rekvqd[.]onion/site/blog?uuid=abce4fd3-0fd5-43df-a826-a45c47114e07,hxxp://ijzn3sicrcy7guixkzjkib4ukbiilwc3xhnmby4mcbccnsd7j2rekvqd[.]onion/?page=31,United States,official_website,"Addresses listed include Orlando, FL 32814 and Ocoee, FL 34761, clearly indicating a location in the United States.",High,enriched
Qilin,1816,31,PowerON Services,Finance,hxxps://www.poweron.com/,"Feb 5, 2026",,,,hxxp://ijzn3sicrcy7guixkzjkib4ukbiilwc3xhnmby4mcbccnsd7j2rekvqd[.]onion/site/blog?uuid=85022176-c247-432b-a526-cc8d87409cb6,hxxp://ijzn3sicrcy7guixkzjkib4ukbiilwc3xhnmby4mcbccnsd7j2rekvqd[.]onion/?page=31,Unknown,unknown,"The supplied evidence lacks any explicit information regarding the headquarters, registered office, contact address, or country of registration for PowerON Services.",Unknown,unknown
Qilin,1815,31,ZeroEnergy Design,"Architecture, Engineering & Design",hxxps://www.zeroenergy.com/,"Feb 5, 2026",0,430.00 GB,430,hxxp://ijzn3sicrcy7guixkzjkib4ukbiilwc3xhnmby4mcbccnsd7j2rekvqd[.]onion/site/blog?uuid=6a7bf644-0636-4505-a2ad-cf7e4c74f10a,hxxp://ijzn3sicrcy7guixkzjkib4ukbiilwc3xhnmby4mcbccnsd7j2rekvqd[.]onion/?page=31,United States,official_website,"Visible text on the official website displays the contact address: 'ZeroEnergy Design 156 Milk St. Suite 3 Boston, MA 02109' and references locations such as Boston, MA and New England.",High,enriched
Qilin,1814,31,Mississippi Market,Consumer Services,hxxps://www.msmarket.coop/,"Feb 5, 2026",,,,hxxp://ijzn3sicrcy7guixkzjkib4ukbiilwc3xhnmby4mcbccnsd7j2rekvqd[.]onion/site/blog?uuid=12cc1143-5c59-43e4-a252-69cf13d6b993,hxxp://ijzn3sicrcy7guixkzjkib4ukbiilwc3xhnmby4mcbccnsd7j2rekvqd[.]onion/?page=31,United States,official_website,"References to St. Paul and Stillwater (cities in Minnesota, United States) as well as the Mississippi River region.",High,enriched
Qilin,1813,31,Lindenhurst Fire Department,Government,hxxps://www.lindenhurstfd.org/,"Feb 5, 2026",,,,hxxp://ijzn3sicrcy7guixkzjkib4ukbiilwc3xhnmby4mcbccnsd7j2rekvqd[.]onion/site/blog?uuid=febec772-9005-4095-b30e-69395847ce0a,hxxp://ijzn3sicrcy7guixkzjkib4ukbiilwc3xhnmby4mcbccnsd7j2rekvqd[.]onion/?page=31,United States,official_website,"Lindenhurst Fire Department 225 S Wellwood Avenue Lindenhurst, New York 11757 Suffolk County, NY",High,enriched
Qilin,1812,32,Grand Manor Nursing & Rehabilitation Center,0,hxxps://www.grandmanor.org/,"Feb 5, 2026",0,168.00 GB,168,hxxp://ijzn3sicrcy7guixkzjkib4ukbiilwc3xhnmby4mcbccnsd7j2rekvqd[.]onion/site/blog?uuid=6c8ad647-a426-4020-aced-e9ed5e4426d1,hxxp://ijzn3sicrcy7guixkzjkib4ukbiilwc3xhnmby4mcbccnsd7j2rekvqd[.]onion/?page=32,United States,official_website,"Contact address listed in disclosures: 700 White Plains Road Bronx, New York 10473-2696",High,enriched
Qilin,1811,32,Conpet S.A. (COTE.RO),"Electricity, Oil & Gas",hxxps://www.conpet.ro/,"Feb 5, 2026",0,"1,000.00 GB",1000,hxxp://ijzn3sicrcy7guixkzjkib4ukbiilwc3xhnmby4mcbccnsd7j2rekvqd[.]onion/site/blog?uuid=6bcad991-448f-4326-9ce1-433614b7f9ad,hxxp://ijzn3sicrcy7guixkzjkib4ukbiilwc3xhnmby4mcbccnsd7j2rekvqd[.]onion/?page=32,Romania,domain_tld,Company URL uses the country-code domain suffix .ro; verify against headquarters evidence.,Medium,tld_inferred
Qilin,1809,32,Kopas Cosmetics,Business Services,hxxps://www.kopas.com/,"Feb 4, 2026",,,,hxxp://ijzn3sicrcy7guixkzjkib4ukbiilwc3xhnmby4mcbccnsd7j2rekvqd[.]onion/site/blog?uuid=2cd44911-148e-4c9c-866a-017d2c123398,hxxp://ijzn3sicrcy7guixkzjkib4ukbiilwc3xhnmby4mcbccnsd7j2rekvqd[.]onion/?page=32,Turkey,official_website,"Adres Maslak, Office Building Kat:17, Sümer Sokağı No:4, 34485 Sarıyer/İstanbul",High,enriched
Qilin,1806,32,Chèvre & Rutsch & Herren Notariatsbüro,Construction,hxxps://www.schwarztorstrasse31.ch/,"Feb 4, 2026",,,,hxxp://ijzn3sicrcy7guixkzjkib4ukbiilwc3xhnmby4mcbccnsd7j2rekvqd[.]onion/site/blog?uuid=235f94f5-88a8-44bc-b1e4-5d7967445034,hxxp://ijzn3sicrcy7guixkzjkib4ukbiilwc3xhnmby4mcbccnsd7j2rekvqd[.]onion/?page=32,Switzerland,domain_tld,Company URL uses the country-code domain suffix .ch; verify against headquarters evidence.,Medium,tld_inferred
Qilin,1805,32,RENAFAN,0,hxxps://www.renafan.de/,"Feb 4, 2026",,,,hxxp://ijzn3sicrcy7guixkzjkib4ukbiilwc3xhnmby4mcbccnsd7j2rekvqd[.]onion/site/blog?uuid=b017eb2c-1fc9-4293-bfa1-14e0c1bf12a3,hxxp://ijzn3sicrcy7guixkzjkib4ukbiilwc3xhnmby4mcbccnsd7j2rekvqd[.]onion/?page=32,Germany,domain_tld,Company URL uses the country-code domain suffix .de; verify against headquarters evidence.,Medium,tld_inferred
Qilin,1803,32,RC Collecting,Automotive Parts,hxxps://www.rccollecting.com/,"Feb 4, 2026",,,,hxxp://ijzn3sicrcy7guixkzjkib4ukbiilwc3xhnmby4mcbccnsd7j2rekvqd[.]onion/site/blog?uuid=5623ed73-31c7-4453-949a-1efcdc2ba929,hxxp://ijzn3sicrcy7guixkzjkib4ukbiilwc3xhnmby4mcbccnsd7j2rekvqd[.]onion/?page=32,Unknown,unknown,"The provided text mentions collections and debt recovery services (""Gestión de Cobranzas"", ""Rodolfo Cassini S.A.""), but does not contain an explicit headquarters address, registered office, country name, or direct indicator of the country of registration.",Unknown,unknown
Qilin,1801,32,"Jingchang Enterprise Co., Ltd",Business Services,hxxps://www.jcep.com.tw/,"Feb 3, 2026",,,,hxxp://ijzn3sicrcy7guixkzjkib4ukbiilwc3xhnmby4mcbccnsd7j2rekvqd[.]onion/site/blog?uuid=3b858083-55d5-4ae7-bc03-6dbf358d513a,hxxp://ijzn3sicrcy7guixkzjkib4ukbiilwc3xhnmby4mcbccnsd7j2rekvqd[.]onion/?page=32,Taiwan,domain_tld,Company URL uses the country-code domain suffix .com.tw; verify against headquarters evidence.,Medium,tld_inferred
Qilin,1800,32,Hovde Group,Finance,hxxps://www.hovdegroup.com/,"Feb 3, 2026",0,276.00 GB,276,hxxp://ijzn3sicrcy7guixkzjkib4ukbiilwc3xhnmby4mcbccnsd7j2rekvqd[.]onion/site/blog?uuid=953d2942-bce3-461c-ad6d-a5e6948d9d97,hxxp://ijzn3sicrcy7guixkzjkib4ukbiilwc3xhnmby4mcbccnsd7j2rekvqd[.]onion/?page=32,United States,official_website,"Hovde Group℠ is a leading U.S. financial advisory group... Contact 1629 Colonial Parkway Inverness, IL 60067... Member: FINRA / SIPC",High,enriched
Qilin,1799,32,Mmca,Business Services,hxxps://www.mmca.com/,"Feb 3, 2026",,,,hxxp://ijzn3sicrcy7guixkzjkib4ukbiilwc3xhnmby4mcbccnsd7j2rekvqd[.]onion/site/blog?uuid=c6380636-454d-4672-8085-b27129d2fc39,hxxp://ijzn3sicrcy7guixkzjkib4ukbiilwc3xhnmby4mcbccnsd7j2rekvqd[.]onion/?page=32,Unknown,unknown,"No official website metadata, address, or registration details were provided in the evidence to determine the company's country.",Unknown,unknown
Qilin,1798,32,Kinsman,Home Improvement & Hardware Retail,hxxps://www.kinsmanwholesale.com/,"Feb 3, 2026",,,,hxxp://ijzn3sicrcy7guixkzjkib4ukbiilwc3xhnmby4mcbccnsd7j2rekvqd[.]onion/site/blog?uuid=d36d57c9-3e8f-4e29-8136-f902721b4ad5,hxxp://ijzn3sicrcy7guixkzjkib4ukbiilwc3xhnmby4mcbccnsd7j2rekvqd[.]onion/?page=32,Unknown,unknown,"The supplied evidence mentions a toll-free number (1-800-733-5613) and EST time zone, which suggest North America (likely the United States), but there is no explicit mention of a country headquarters, registered office, or mailing address in the text.",Unknown,unknown
Qilin,1797,32,Scranton Label,Business Services,hxxps://www.scrantonlabel.com/,"Feb 3, 2026",,,,hxxp://ijzn3sicrcy7guixkzjkib4ukbiilwc3xhnmby4mcbccnsd7j2rekvqd[.]onion/site/blog?uuid=13f54146-3fcc-44e1-b4c8-57f3cecdb21e,hxxp://ijzn3sicrcy7guixkzjkib4ukbiilwc3xhnmby4mcbccnsd7j2rekvqd[.]onion/?page=32,United States,official_website,"The official website metadata and text explicitly state the location as 'Clarks Summit, PA' and provide an address of '1949 Newton Ransom Blvd, Clarks Summit, PA 18411', along with a US telephone country code and state postal abbreviation.",High,enriched
Qilin,1796,32,The Rosenthal Agency,Insurance,hxxps://www.therosenthalagency.com/,"Feb 3, 2026",,,,hxxp://ijzn3sicrcy7guixkzjkib4ukbiilwc3xhnmby4mcbccnsd7j2rekvqd[.]onion/site/blog?uuid=6ea84507-e9a0-4444-a265-6e865b3b7dee,hxxp://ijzn3sicrcy7guixkzjkib4ukbiilwc3xhnmby4mcbccnsd7j2rekvqd[.]onion/?page=32,United States,official_website,"Contact address lists: 8000 SW 117 Ave. PH-A. Miami, FL 33183 (Florida, USA) and phone number (305) 412-0800.",High,enriched
Qilin,1795,32,Dunn & Associates,"Architecture, Engineering & Design",hxxps://www.dunneng.com/,"Feb 3, 2026",,,,hxxp://ijzn3sicrcy7guixkzjkib4ukbiilwc3xhnmby4mcbccnsd7j2rekvqd[.]onion/site/blog?uuid=f368d6fd-af57-4091-bc58-4786991658c0,hxxp://ijzn3sicrcy7guixkzjkib4ukbiilwc3xhnmby4mcbccnsd7j2rekvqd[.]onion/?page=32,United States,official_website,"Contact address: 8647 Baypine Road, Suite 200 Jacksonville, FL 32256, and reference to Northeast Florida.",High,enriched
Qilin,1794,32,Utah Olympic Legacy Foundation,Non-Profit & Charitable Organizations,hxxps://www.utaholympiclegacy.org/,"Feb 3, 2026",,,,hxxp://ijzn3sicrcy7guixkzjkib4ukbiilwc3xhnmby4mcbccnsd7j2rekvqd[.]onion/site/blog?uuid=86391cb9-3f63-41c1-8d97-90daf2466845,hxxp://ijzn3sicrcy7guixkzjkib4ukbiilwc3xhnmby4mcbccnsd7j2rekvqd[.]onion/?page=32,United States,official_website,"The organization is explicitly tied to locations in Utah (Park City, Kearns, Salt Lake City) and mentions being a 501(c)(3) non-profit organization and an official USOC Training Site, indicating United States registration and operations.",High,enriched
Qilin,1793,32,Medasa,Furniture,hxxp://medasa.mx,"Feb 3, 2026",,,,hxxp://ijzn3sicrcy7guixkzjkib4ukbiilwc3xhnmby4mcbccnsd7j2rekvqd[.]onion/site/blog?uuid=b3e83b5b-32e9-4579-9f18-1bcb84b4de74,hxxp://ijzn3sicrcy7guixkzjkib4ukbiilwc3xhnmby4mcbccnsd7j2rekvqd[.]onion/?page=32,Mexico,domain_tld,Company URL uses the country-code domain suffix .mx; verify against headquarters evidence.,Medium,tld_inferred
Qilin,1792,32,P&B Textiles,Manufacturing,hxxps://www.pbtex.com/,"Feb 3, 2026",,,,hxxp://ijzn3sicrcy7guixkzjkib4ukbiilwc3xhnmby4mcbccnsd7j2rekvqd[.]onion/site/blog?uuid=93720132-7f2b-4a9f-925c-b67c8179d77b,hxxp://ijzn3sicrcy7guixkzjkib4ukbiilwc3xhnmby4mcbccnsd7j2rekvqd[.]onion/?page=32,Unknown,unknown,"The provided webpage text contains phone and fax numbers with US area codes/formats (1.800 and 1.401, which corresponds to Rhode Island), but lacks explicit headquarters, registered office, or contact address country text confirming the country.",Unknown,unknown
Qilin,1790,32,Muebles Dico,Furniture,hxxps://www.dico.com.mx/,"Feb 2, 2026",,,,hxxp://ijzn3sicrcy7guixkzjkib4ukbiilwc3xhnmby4mcbccnsd7j2rekvqd[.]onion/site/blog?uuid=81b7d072-ef7f-4b60-bda1-db9c79defefb,hxxp://ijzn3sicrcy7guixkzjkib4ukbiilwc3xhnmby4mcbccnsd7j2rekvqd[.]onion/?page=32,Mexico,domain_tld,Company URL uses the country-code domain suffix .com.mx; verify against headquarters evidence.,Medium,tld_inferred
Qilin,1789,32,Medinah School District 11,Education,hxxps://www.medinah11.org/,"Feb 2, 2026",,,,hxxp://ijzn3sicrcy7guixkzjkib4ukbiilwc3xhnmby4mcbccnsd7j2rekvqd[.]onion/site/blog?uuid=407f9568-7269-4505-ab9a-a1e9d5958f9a,hxxp://ijzn3sicrcy7guixkzjkib4ukbiilwc3xhnmby4mcbccnsd7j2rekvqd[.]onion/?page=32,United States,official_website,"Phone area code (630) is located in Illinois, USA; mention of US educational terms such as kindergarten, superintendent, and school district 11.",High,enriched
Qilin,1788,32,KOUEI,Business Services,hxxps://www.kabkouei.co.jp/en/,"Feb 2, 2026",,,,hxxp://ijzn3sicrcy7guixkzjkib4ukbiilwc3xhnmby4mcbccnsd7j2rekvqd[.]onion/site/blog?uuid=e12bcf3a-f92d-49d1-9eed-52970f57e3d7,hxxp://ijzn3sicrcy7guixkzjkib4ukbiilwc3xhnmby4mcbccnsd7j2rekvqd[.]onion/?page=32,Japan,domain_tld,Company URL uses the country-code domain suffix .co.jp; verify against headquarters evidence.,Medium,tld_inferred
Qilin,1765,32,Chu & Yang Dental,Healthcare Services,hxxps://www.chuyangdental.com/,"Jan 28, 2026",28020,29.00 GB,29,hxxp://ijzn3sicrcy7guixkzjkib4ukbiilwc3xhnmby4mcbccnsd7j2rekvqd[.]onion/site/blog?uuid=f0cbf185-5d88-494e-bd9d-dcb1e3fbb3ef,hxxp://ijzn3sicrcy7guixkzjkib4ukbiilwc3xhnmby4mcbccnsd7j2rekvqd[.]onion/?page=32,United States,official_website,"Dentist in Irvine | Chu & Yang Dental, with mentions of offices in Irvine and Orange, and patients referencing California and Arizona.",High,enriched
Qilin,1761,33,Jay's Sporting Goods,Consumer Services,hxxps://www.jayssportinggoods.com/,"Jan 27, 2026",,,,hxxp://ijzn3sicrcy7guixkzjkib4ukbiilwc3xhnmby4mcbccnsd7j2rekvqd[.]onion/site/blog?uuid=6323f0b8-fc07-4441-84f4-b96ef0bd26cb,hxxp://ijzn3sicrcy7guixkzjkib4ukbiilwc3xhnmby4mcbccnsd7j2rekvqd[.]onion/?page=33,Unknown,unknown,,Unknown,unknown
Qilin,1759,33,Westin Automotive,Business Services,hxxps://www.westinautomotive.com/,"Jan 27, 2026",,,,hxxp://ijzn3sicrcy7guixkzjkib4ukbiilwc3xhnmby4mcbccnsd7j2rekvqd[.]onion/site/blog?uuid=9c5f5f23-1ec9-4da8-bf53-113c6cb7c072,hxxp://ijzn3sicrcy7guixkzjkib4ukbiilwc3xhnmby4mcbccnsd7j2rekvqd[.]onion/?page=33,Unknown,unknown,None,Unknown,unknown
Qilin,1757,33,Centrotherm International,Industrial Machinery & Equipment,hxxps://www.centrotherm.de/,"Jan 25, 2026",,,,hxxp://ijzn3sicrcy7guixkzjkib4ukbiilwc3xhnmby4mcbccnsd7j2rekvqd[.]onion/site/blog?uuid=44f6f906-3bd5-4ff5-8ac2-394fdb105c8e,hxxp://ijzn3sicrcy7guixkzjkib4ukbiilwc3xhnmby4mcbccnsd7j2rekvqd[.]onion/?page=33,Germany,domain_tld,Company URL uses the country-code domain suffix .de; verify against headquarters evidence.,Medium,tld_inferred
Qilin,1755,33,OKIN GROUP,Business Services,hxxps://www.okin.eu/,"Jan 25, 2026",,,,hxxp://ijzn3sicrcy7guixkzjkib4ukbiilwc3xhnmby4mcbccnsd7j2rekvqd[.]onion/site/blog?uuid=62272c78-2767-4fd2-abb5-7297d7a77aa6,hxxp://ijzn3sicrcy7guixkzjkib4ukbiilwc3xhnmby4mcbccnsd7j2rekvqd[.]onion/?page=33,Unknown,unknown,"The provided webpage text and fields lack explicit headquarters, registered-office, or contact-address evidence indicating the country of primary registration.",Unknown,unknown
Qilin,1753,33,Borg Argentina,Agriculture,hxxps://www.borgargentina.com.ar/,"Jan 24, 2026",281113,235.00 GB,235,hxxp://ijzn3sicrcy7guixkzjkib4ukbiilwc3xhnmby4mcbccnsd7j2rekvqd[.]onion/site/blog?uuid=e9b72a27-d013-4703-895b-93a03c32cfe0,hxxp://ijzn3sicrcy7guixkzjkib4ukbiilwc3xhnmby4mcbccnsd7j2rekvqd[.]onion/?page=33,Argentina,domain_tld,Company URL uses the country-code domain suffix .com.ar; verify against headquarters evidence.,Medium,tld_inferred
Qilin,1749,33,Proleasing,Business Services,hxxps://www.provincialeasing.com.ar,"Jan 22, 2026",,,,hxxp://ijzn3sicrcy7guixkzjkib4ukbiilwc3xhnmby4mcbccnsd7j2rekvqd[.]onion/site/blog?uuid=68e0693a-eefb-4189-a5b4-4eb3a22a86d5,hxxp://ijzn3sicrcy7guixkzjkib4ukbiilwc3xhnmby4mcbccnsd7j2rekvqd[.]onion/?page=33,Argentina,domain_tld,Company URL uses the country-code domain suffix .com.ar; verify against headquarters evidence.,Medium,tld_inferred
Qilin,1748,33,Farmacias Vilela,Drug Stores & Pharmacies,hxxps://www.farmaciasvilela.com.ar/,"Jan 22, 2026",,,,hxxp://ijzn3sicrcy7guixkzjkib4ukbiilwc3xhnmby4mcbccnsd7j2rekvqd[.]onion/site/blog?uuid=326f9d90-a49f-41e2-af86-95a5addf85c9,hxxp://ijzn3sicrcy7guixkzjkib4ukbiilwc3xhnmby4mcbccnsd7j2rekvqd[.]onion/?page=33,Argentina,domain_tld,Company URL uses the country-code domain suffix .com.ar; verify against headquarters evidence.,Medium,tld_inferred
Qilin,1746,33,EDF Group,Electronics,hxxps://www.theedfgroup.com/,"Jan 22, 2026",,,,hxxp://ijzn3sicrcy7guixkzjkib4ukbiilwc3xhnmby4mcbccnsd7j2rekvqd[.]onion/site/blog?uuid=953d0360-2948-4d5a-8cf0-38a9a52b52ee,hxxp://ijzn3sicrcy7guixkzjkib4ukbiilwc3xhnmby4mcbccnsd7j2rekvqd[.]onion/?page=33,United States,official_website,Phone number format (636) 237-8200 indicates a United States area code (Missouri).,Medium,enriched
Qilin,1745,33,Copetrol,Industrial Machinery & Equipment,hxxps://www.copetrol.com.py/,"Jan 22, 2026",,,,hxxp://ijzn3sicrcy7guixkzjkib4ukbiilwc3xhnmby4mcbccnsd7j2rekvqd[.]onion/site/blog?uuid=086e9769-989b-4533-baf6-cfb8bce5f92c,hxxp://ijzn3sicrcy7guixkzjkib4ukbiilwc3xhnmby4mcbccnsd7j2rekvqd[.]onion/?page=33,Paraguay,official_website,The official website URL uses the .py country-code top-level domain and the official website metadata explicitly states 'Copetrol Paraguay'.,High,enriched
Qilin,1744,33,County Contractors,Hospitality,hxxps://www.countycontractors.co.uk/,"Jan 22, 2026",376000,407.00 GB,407,hxxp://ijzn3sicrcy7guixkzjkib4ukbiilwc3xhnmby4mcbccnsd7j2rekvqd[.]onion/site/blog?uuid=06b44192-b370-4c62-9703-e0b964a99f63,hxxp://ijzn3sicrcy7guixkzjkib4ukbiilwc3xhnmby4mcbccnsd7j2rekvqd[.]onion/?page=33,United Kingdom,domain_tld,Company URL uses the country-code domain suffix .co.uk; verify against headquarters evidence.,Medium,tld_inferred
Qilin,1743,33,Milott Laboratories,Consumer Services,hxxps://www.milott.co.th/,"Jan 22, 2026",,,,hxxp://ijzn3sicrcy7guixkzjkib4ukbiilwc3xhnmby4mcbccnsd7j2rekvqd[.]onion/site/blog?uuid=b2f76b3a-93bb-4ce8-8c38-4ecabb6e0065,hxxp://ijzn3sicrcy7guixkzjkib4ukbiilwc3xhnmby4mcbccnsd7j2rekvqd[.]onion/?page=33,Thailand,domain_tld,Company URL uses the country-code domain suffix .th; verify against headquarters evidence.,Medium,tld_inferred
Qilin,1739,33,Mills Products,Business Services,hxxps://www.millsproducts.com/,"Jan 21, 2026",215389,171.00 GB,171,hxxp://ijzn3sicrcy7guixkzjkib4ukbiilwc3xhnmby4mcbccnsd7j2rekvqd[.]onion/site/blog?uuid=52d5c639-935d-4b4d-85ca-20c651d9c8be,hxxp://ijzn3sicrcy7guixkzjkib4ukbiilwc3xhnmby4mcbccnsd7j2rekvqd[.]onion/?page=33,United States,official_website,Meta description and text state 'Your leading metal manufacturing partner in North America' and 'USA+MX presence'.,Medium,enriched
Qilin,1738,33,Kontena Nasional Berhad,Business Services,hxxps://www.kn.com.my/,"Jan 20, 2026",,,,hxxp://ijzn3sicrcy7guixkzjkib4ukbiilwc3xhnmby4mcbccnsd7j2rekvqd[.]onion/site/blog?uuid=3e247db1-d1e1-4e8a-a4db-8039e2c2a723,hxxp://ijzn3sicrcy7guixkzjkib4ukbiilwc3xhnmby4mcbccnsd7j2rekvqd[.]onion/?page=33,Malaysia,domain_tld,Company URL uses the country-code domain suffix .com.my; verify against headquarters evidence.,Medium,tld_inferred
Qilin,1737,33,Altius Geotecnia y Obras Especiales,Civil Engineering Construction,hxxps://www.altiusvertical.com/,"Jan 19, 2026",,,,hxxp://ijzn3sicrcy7guixkzjkib4ukbiilwc3xhnmby4mcbccnsd7j2rekvqd[.]onion/site/blog?uuid=843312ee-6c69-4404-8583-447cc1cf8b84,hxxp://ijzn3sicrcy7guixkzjkib4ukbiilwc3xhnmby4mcbccnsd7j2rekvqd[.]onion/?page=33,Unknown,unknown,"The provided webpage text and metadata indicate the company operates in Spanish ('Especialista en trabajos verticales y soluciones geotécnicas') and mentions EU funding ('Esta web está financiada por la Unión Europea - Next Generation EU'), but there is no explicit address, headquarters, or country registration evidence directly naming a specific country.",Unknown,unknown
Qilin,1732,33,Dreher Law Firm,Law Firms & Legal Services,hxxps://www.dreherlawfirm.com/,"Jan 18, 2026",,,,hxxp://ijzn3sicrcy7guixkzjkib4ukbiilwc3xhnmby4mcbccnsd7j2rekvqd[.]onion/site/blog?uuid=f1cb79d0-5395-4aa5-adfb-be61f1e24f15,hxxp://ijzn3sicrcy7guixkzjkib4ukbiilwc3xhnmby4mcbccnsd7j2rekvqd[.]onion/?page=33,United States,official_website,"Dreher Law Firm is located in the heart of San Diego's bustling Gaslamp Quarter ... Address Ste. 101 350 W. Ash, San Diego, CA 92101",High,enriched
Qilin,1728,33,Orthopaedic Specialists of Massachusetts,0,hxxps://www.orthomass.com/,"Jan 17, 2026",,,,hxxp://ijzn3sicrcy7guixkzjkib4ukbiilwc3xhnmby4mcbccnsd7j2rekvqd[.]onion/site/blog?uuid=998de0c5-8e28-4ebf-8e60-1399fee36dfc,hxxp://ijzn3sicrcy7guixkzjkib4ukbiilwc3xhnmby4mcbccnsd7j2rekvqd[.]onion/?page=33,United States,official_website,"The official website metadata and visible text explicitly state locations in Norwood, MA, Milton, MA, and Sandwich, MA (Massachusetts, USA), providing street addresses such as '825 Washington Street, Suite #260, Norwood, MA 02062'.",High,enriched
Qilin,1725,33,Ilumno,Software,hxxps://www.ilumno.com/,"Jan 17, 2026",,,,hxxp://ijzn3sicrcy7guixkzjkib4ukbiilwc3xhnmby4mcbccnsd7j2rekvqd[.]onion/site/blog?uuid=d10956ea-320d-4393-ab91-37a017903ffd,hxxp://ijzn3sicrcy7guixkzjkib4ukbiilwc3xhnmby4mcbccnsd7j2rekvqd[.]onion/?page=33,Colombia,official_website,"Nuestras oficinas Bogotá, Colombia Av Cra 19 # 84-72 Bogotá",High,enriched
Qilin,1723,33,Central Roofing South Wales,Construction,hxxps://www.crsw.co.uk/,"Jan 17, 2026",,,,hxxp://ijzn3sicrcy7guixkzjkib4ukbiilwc3xhnmby4mcbccnsd7j2rekvqd[.]onion/site/blog?uuid=054e7959-d8a2-41a3-bf9b-9be7815ce4bc,hxxp://ijzn3sicrcy7guixkzjkib4ukbiilwc3xhnmby4mcbccnsd7j2rekvqd[.]onion/?page=33,United Kingdom,domain_tld,Company URL uses the country-code domain suffix .co.uk; verify against headquarters evidence.,Medium,tld_inferred
Qilin,1722,33,Fluorsid Spa,Business Services,hxxps://www.fluorsid.com/,"Jan 17, 2026",,,,hxxp://ijzn3sicrcy7guixkzjkib4ukbiilwc3xhnmby4mcbccnsd7j2rekvqd[.]onion/site/blog?uuid=ba2eef4a-5501-4c36-b9c5-3bcfa2d2bc9a,hxxp://ijzn3sicrcy7guixkzjkib4ukbiilwc3xhnmby4mcbccnsd7j2rekvqd[.]onion/?page=33,Italy,official_website,"The company states on its official website that it was 'founded in Italy in 1969' and lists corporate locations in Milan, Cagliari, and Treviglio, Italy, along with an Italian VAT number (P.IVA: 00142940923).",High,enriched
Qilin,1720,33,CFM Mozambique,Business Services,hxxps://www.cfm.co.mz/,"Jan 16, 2026",0,120.00 GB,120,hxxp://ijzn3sicrcy7guixkzjkib4ukbiilwc3xhnmby4mcbccnsd7j2rekvqd[.]onion/site/blog?uuid=2f5cf600-e0a2-42ef-a08a-55b587c40ed0,hxxp://ijzn3sicrcy7guixkzjkib4ukbiilwc3xhnmby4mcbccnsd7j2rekvqd[.]onion/?page=33,Mozambique,official_website,Praça dos Trabalhadores Maputo - Moçambique; Caminhos de Ferro de Moçambique; Portos e Caminhos de Ferro de Moçambique,High,enriched
Qilin,1711,34,Cary Pediatric Center,0,hxxps://carypediatriccenter.com/,"Jan 15, 2026",0,130.00 GB,130,hxxp://ijzn3sicrcy7guixkzjkib4ukbiilwc3xhnmby4mcbccnsd7j2rekvqd[.]onion/site/blog?uuid=622e5c05-a3a7-46da-9cbe-32e15c2c15d5,hxxp://ijzn3sicrcy7guixkzjkib4ukbiilwc3xhnmby4mcbccnsd7j2rekvqd[.]onion/?page=34,United States,official_website,"Providing expert pediatric care to North Carolina’s triangle region since 1976; Cary/Fuquay/Apex Pediatrics has been your best triangle region pediatrician since 1976, and we are proud to be named as Raleigh’s Best Pediatrician for 2025!",High,enriched
Qilin,1710,34,Lunsford Capital,Finance,hxxps://www.lunsfordcapital.com/,"Jan 14, 2026",,,,hxxp://ijzn3sicrcy7guixkzjkib4ukbiilwc3xhnmby4mcbccnsd7j2rekvqd[.]onion/site/blog?uuid=56335247-29ba-4d9c-963b-081336aa46cb,hxxp://ijzn3sicrcy7guixkzjkib4ukbiilwc3xhnmby4mcbccnsd7j2rekvqd[.]onion/?page=34,United States,official_website,"Lunsford Capital is a private investment company headquartered in Louisville, Kentucky... 4360 Brownsboro Road Suite 305 Louisville, Kentucky 40207",High,enriched
Qilin,1706,34,Gtech,Consumer Services,hxxps://www.gtech.co.uk/,"Jan 14, 2026",,,,hxxp://ijzn3sicrcy7guixkzjkib4ukbiilwc3xhnmby4mcbccnsd7j2rekvqd[.]onion/site/blog?uuid=02d1f5a6-6416-40b2-8f76-b5d43c5a52b3,hxxp://ijzn3sicrcy7guixkzjkib4ukbiilwc3xhnmby4mcbccnsd7j2rekvqd[.]onion/?page=34,United Kingdom,domain_tld,Company URL uses the country-code domain suffix .co.uk; verify against headquarters evidence.,Medium,tld_inferred
Qilin,1704,34,Pre-Con Builders,Construction,hxxps://www.preconbuilders.com/,"Jan 14, 2026",169121,515.00 GB,515,hxxp://ijzn3sicrcy7guixkzjkib4ukbiilwc3xhnmby4mcbccnsd7j2rekvqd[.]onion/site/blog?uuid=61999057-9c1f-4a00-b853-794980f2899a,hxxp://ijzn3sicrcy7guixkzjkib4ukbiilwc3xhnmby4mcbccnsd7j2rekvqd[.]onion/?page=34,Canada,official_website,"The official website metadata and text explicitly state that Precon Builders is 'Winnipeg's design-build contractor' and references the 'National Building Code', identifying Winnipeg (which is in Manitoba, Canada).",High,enriched
Qilin,1699,34,Hayden Safe & Lock,Business Services,hxxps://www.haydenlock.com/,"Jan 12, 2026",,,,hxxp://ijzn3sicrcy7guixkzjkib4ukbiilwc3xhnmby4mcbccnsd7j2rekvqd[.]onion/site/blog?uuid=a216c6b3-0b88-4fee-b819-9f9e503ced58,hxxp://ijzn3sicrcy7guixkzjkib4ukbiilwc3xhnmby4mcbccnsd7j2rekvqd[.]onion/?page=34,Unknown,unknown,"The provided evidence only contains the company name, sector, URL, and ransomware listing details without any explicit headquarters, registered-office, contact-address, or company-profile evidence confirming the country.",Unknown,unknown
Qilin,1693,34,GDZ Computer Services,Software,hxxps://www.gdz.com/,"Jan 8, 2026",,,,hxxp://ijzn3sicrcy7guixkzjkib4ukbiilwc3xhnmby4mcbccnsd7j2rekvqd[.]onion/site/blog?uuid=7266e346-8da6-4dfc-b289-06bce11a7988,hxxp://ijzn3sicrcy7guixkzjkib4ukbiilwc3xhnmby4mcbccnsd7j2rekvqd[.]onion/?page=34,United States,official_website,"Contact address lists: 18001 Old Cutler Road, Suite 562, Palmetto Bay, FL 33157, indicating a Florida, United States address.",High,enriched
Qilin,1692,34,Retrofit Service,Business Services,hxxps://www.retrofitsc.com/,"Jan 8, 2026",,,,hxxp://ijzn3sicrcy7guixkzjkib4ukbiilwc3xhnmby4mcbccnsd7j2rekvqd[.]onion/site/blog?uuid=18c658f7-8178-431d-b200-4509f62c8873,hxxp://ijzn3sicrcy7guixkzjkib4ukbiilwc3xhnmby4mcbccnsd7j2rekvqd[.]onion/?page=34,United States,official_website,"Rancho Cucamonga, CA 91730; Southern California; License C-20, C-10, C-7",High,enriched
Qilin,1690,34,Softlab SpA,Business Services,hxxps://www.soft.it/,"Jan 8, 2026",,,,hxxp://ijzn3sicrcy7guixkzjkib4ukbiilwc3xhnmby4mcbccnsd7j2rekvqd[.]onion/site/blog?uuid=4f4a8605-760b-43aa-bc56-617a59f81b96,hxxp://ijzn3sicrcy7guixkzjkib4ukbiilwc3xhnmby4mcbccnsd7j2rekvqd[.]onion/?page=34,Italy,domain_tld,Company URL uses the country-code domain suffix .it; verify against headquarters evidence.,Medium,tld_inferred
Qilin,1687,34,TriVector Services,Manufacturing,hxxps://www.trivector.us/,"Jan 8, 2026",,,,hxxp://ijzn3sicrcy7guixkzjkib4ukbiilwc3xhnmby4mcbccnsd7j2rekvqd[.]onion/site/blog?uuid=8e395ce6-8d2d-4fcb-a8e0-60ea5f96d140,hxxp://ijzn3sicrcy7guixkzjkib4ukbiilwc3xhnmby4mcbccnsd7j2rekvqd[.]onion/?page=34,United States,domain_tld,Company URL uses the country-code domain suffix .us; verify against headquarters evidence.,Medium,tld_inferred
Qilin,1686,34,Anteriad,Business Services,hxxps://www.anteriad.com/,"Jan 8, 2026",0,"3,000.00 GB",3000,hxxp://ijzn3sicrcy7guixkzjkib4ukbiilwc3xhnmby4mcbccnsd7j2rekvqd[.]onion/site/blog?uuid=736ce7a2-68ff-489c-8a47-0950e36d94c3,hxxp://ijzn3sicrcy7guixkzjkib4ukbiilwc3xhnmby4mcbccnsd7j2rekvqd[.]onion/?page=34,United States,official_website,"441 Lexington Avenue Suite 1404 New York, NY 10017",High,enriched
Qilin,1683,34,PTS Goldkist Industries Sdn Bhd,Banking,hxxps://www.hyfresh.com.my/,"Jan 8, 2026",0,240.00 GB,240,hxxp://ijzn3sicrcy7guixkzjkib4ukbiilwc3xhnmby4mcbccnsd7j2rekvqd[.]onion/site/blog?uuid=31ed9b26-4dd9-4fef-9b7f-293ae43d5f21,hxxp://ijzn3sicrcy7guixkzjkib4ukbiilwc3xhnmby4mcbccnsd7j2rekvqd[.]onion/?page=34,Malaysia,domain_tld,Company URL uses the country-code domain suffix .com.my; verify against headquarters evidence.,Medium,tld_inferred
Qilin,1678,34,USArt,Hospitality,hxxps://www.usart.com/,"Jan 6, 2026",,,,hxxp://ijzn3sicrcy7guixkzjkib4ukbiilwc3xhnmby4mcbccnsd7j2rekvqd[.]onion/site/blog?uuid=abc73b74-3eca-4921-8b03-84f41722d84a,hxxp://ijzn3sicrcy7guixkzjkib4ukbiilwc3xhnmby4mcbccnsd7j2rekvqd[.]onion/?page=34,United States,official_website,"Headquartered in Boston, Massachusetts",High,enriched
Qilin,1676,34,Medical Asset Management,0,hxxps://www.medicalassetmanagement.com/,"Jan 6, 2026",0,53.00 GB,53,hxxp://ijzn3sicrcy7guixkzjkib4ukbiilwc3xhnmby4mcbccnsd7j2rekvqd[.]onion/site/blog?uuid=3252422c-f3d2-4c9c-94ee-35a9d1ce655f,hxxp://ijzn3sicrcy7guixkzjkib4ukbiilwc3xhnmby4mcbccnsd7j2rekvqd[.]onion/?page=34,United States,official_website,"Contact address lists a US phone number (404-346-1900) and address (3355 Lenox Road, Suite 1150 - which is in Atlanta, Georgia, USA), and references to US standards such as Medicare, CMS, AMA, AAPC, and ASRT.",High,enriched
Qilin,1666,34,Ellison Educational Equipment,Industrial Machinery & Equipment,hxxps://www.ellisoneducation.com/,"Jan 2, 2026",,,,hxxp://ijzn3sicrcy7guixkzjkib4ukbiilwc3xhnmby4mcbccnsd7j2rekvqd[.]onion/site/blog?uuid=1bd033dd-6287-4644-8ad1-0f330b8cab6c,hxxp://ijzn3sicrcy7guixkzjkib4ukbiilwc3xhnmby4mcbccnsd7j2rekvqd[.]onion/?page=34,United States,official_website,"The text references partner Demco, noting it provides products and solutions for 'libraries and schools across the United States.'",Medium,enriched
Qilin,1663,34,Sai Oral SurgeryOral,Healthcare Services,hxxps://www.saioralsurgery.com/,"Jan 2, 2026",,,,hxxp://ijzn3sicrcy7guixkzjkib4ukbiilwc3xhnmby4mcbccnsd7j2rekvqd[.]onion/site/blog?uuid=cdfc2b51-8dfd-4932-9a8e-34676ac557c6,hxxp://ijzn3sicrcy7guixkzjkib4ukbiilwc3xhnmby4mcbccnsd7j2rekvqd[.]onion/?page=34,Unknown,unknown,,Unknown,unknown
Qilin,1659,34,Supreme Group,Electronics,hxxps://www.supreme.com.tw/,"Jan 2, 2026",0,275.00 GB,275,hxxp://ijzn3sicrcy7guixkzjkib4ukbiilwc3xhnmby4mcbccnsd7j2rekvqd[.]onion/site/blog?uuid=49ebaf51-9bd0-44eb-959f-ec7254401be0,hxxp://ijzn3sicrcy7guixkzjkib4ukbiilwc3xhnmby4mcbccnsd7j2rekvqd[.]onion/?page=34,Taiwan,domain_tld,Company URL uses the country-code domain suffix .com.tw; verify against headquarters evidence.,Medium,tld_inferred
Qilin,1652,34,Quasar,Business Services,hxxps://www.quasardata.com/,"Dec 31, 2025",,,,hxxp://ijzn3sicrcy7guixkzjkib4ukbiilwc3xhnmby4mcbccnsd7j2rekvqd[.]onion/site/blog?uuid=ff7f3c80-8041-4679-b42b-6bf36406163b,hxxp://ijzn3sicrcy7guixkzjkib4ukbiilwc3xhnmby4mcbccnsd7j2rekvqd[.]onion/?page=34,Unknown,unknown,"The provided text contains only the company name, URL, and sector, but no official headquarters, registered address, or company profile evidence.",Unknown,unknown
Qilin,1651,34,Z-Tronix,Manufacturing,hxxps://www.z-tronix.com/,"Dec 31, 2025",,,,hxxp://ijzn3sicrcy7guixkzjkib4ukbiilwc3xhnmby4mcbccnsd7j2rekvqd[.]onion/site/blog?uuid=d4220ae6-7b5f-438d-8e67-d6a932d1a957,hxxp://ijzn3sicrcy7guixkzjkib4ukbiilwc3xhnmby4mcbccnsd7j2rekvqd[.]onion/?page=34,Unknown,unknown,,Unknown,unknown
Qilin,1650,34,Auforum AG,Business Services,hxxps://www.auforum.ch/,"Dec 30, 2025",94013,74.00 GB,74,hxxp://ijzn3sicrcy7guixkzjkib4ukbiilwc3xhnmby4mcbccnsd7j2rekvqd[.]onion/site/blog?uuid=34a54ce8-3850-4271-9506-7c784e2957fc,hxxp://ijzn3sicrcy7guixkzjkib4ukbiilwc3xhnmby4mcbccnsd7j2rekvqd[.]onion/?page=34,Switzerland,domain_tld,Company URL uses the country-code domain suffix .ch; verify against headquarters evidence.,Medium,tld_inferred
Qilin,1643,34,Goodwin College,Education,hxxps://www.goodwin.edu/,"Dec 28, 2025",357765,140.00 GB,140,hxxp://ijzn3sicrcy7guixkzjkib4ukbiilwc3xhnmby4mcbccnsd7j2rekvqd[.]onion/site/blog?uuid=79d8342f-f258-48f3-91db-157a2de67d0a,hxxp://ijzn3sicrcy7guixkzjkib4ukbiilwc3xhnmby4mcbccnsd7j2rekvqd[.]onion/?page=34,United States,official_website,"Meta description and text reference 'Career Focused University in CT | Goodwin University', mentioning 'CT' (Connecticut) and domestic programs indicating location in the United States.",High,enriched
Qilin,1640,35,Arnold & Blevins Electric,Construction,hxxps://www.arnoldblevins.com/,"Dec 28, 2025",,,,hxxp://ijzn3sicrcy7guixkzjkib4ukbiilwc3xhnmby4mcbccnsd7j2rekvqd[.]onion/site/blog?uuid=f698161a-d670-4f7c-a607-79bca90dafa8,hxxp://ijzn3sicrcy7guixkzjkib4ukbiilwc3xhnmby4mcbccnsd7j2rekvqd[.]onion/?page=35,United States,official_website,"The official website lists physical addresses in North Little Rock, AR and Springdale, AR, explicitly stating offices in Arkansas and serving the state of Arkansas for over 40 years.",High,enriched
Qilin,1636,35,GITSolutions,Software,hxxps://gitsolutions.es/,"Dec 27, 2025",,,,hxxp://ijzn3sicrcy7guixkzjkib4ukbiilwc3xhnmby4mcbccnsd7j2rekvqd[.]onion/site/blog?uuid=be6771d4-a71f-4b2c-a9f2-bd925b7cbd62,hxxp://ijzn3sicrcy7guixkzjkib4ukbiilwc3xhnmby4mcbccnsd7j2rekvqd[.]onion/?page=35,Spain,domain_tld,Company URL uses the country-code domain suffix .es; verify against headquarters evidence.,Medium,tld_inferred
Qilin,1630,35,Madera County Superintendent of Schools,Education,hxxps://www.mcsos.org/,"Dec 25, 2025",377363,310.00 GB,310,hxxp://ijzn3sicrcy7guixkzjkib4ukbiilwc3xhnmby4mcbccnsd7j2rekvqd[.]onion/site/blog?uuid=ddbbc5f4-d94e-4cf3-ab6d-1b8f83ce3866,hxxp://ijzn3sicrcy7guixkzjkib4ukbiilwc3xhnmby4mcbccnsd7j2rekvqd[.]onion/?page=35,United States,official_website,"The organization is named 'Madera County Superintendent of Schools' which explicitly references Madera County, a well-known county located in California, United States.",High,enriched
Qilin,1629,35,SEIMITSU THAI COMPANY LIMITED,Industrial Machinery & Equipment,hxxps://nttoolthai.com/,"Dec 25, 2025",0,170.00 GB,170,hxxp://ijzn3sicrcy7guixkzjkib4ukbiilwc3xhnmby4mcbccnsd7j2rekvqd[.]onion/site/blog?uuid=fc6dbfc2-aa17-45ef-8443-1522ccbfbf67,hxxp://ijzn3sicrcy7guixkzjkib4ukbiilwc3xhnmby4mcbccnsd7j2rekvqd[.]onion/?page=35,Thailand,official_website,"The official website metadata and text explicitly list Thai addresses and company registration names such as 'บริษัท เอ็นที เซอิมิทซุ (ประเทศไทย) จำกัด' with locations in Rayong, Phra Nakhon Si Ayutthaya, and Pathum Thani, Thailand.",High,enriched
Qilin,1624,35,LogicVein,Manufacturing,hxxps://www.lvi.co.jp/,"Dec 24, 2025",,,,hxxp://ijzn3sicrcy7guixkzjkib4ukbiilwc3xhnmby4mcbccnsd7j2rekvqd[.]onion/site/blog?uuid=320d2df1-7977-4531-8e36-9090087e7d5c,hxxp://ijzn3sicrcy7guixkzjkib4ukbiilwc3xhnmby4mcbccnsd7j2rekvqd[.]onion/?page=35,Japan,domain_tld,Company URL uses the country-code domain suffix .co.jp; verify against headquarters evidence.,Medium,tld_inferred
Qilin,1618,35,loginport,Business Services,hxxp://loginport.com,"Dec 23, 2025",29388,15.00 GB,15,hxxp://ijzn3sicrcy7guixkzjkib4ukbiilwc3xhnmby4mcbccnsd7j2rekvqd[.]onion/site/blog?uuid=28d6ef85-3e2a-4edb-9dca-f35fe96734c6,hxxp://ijzn3sicrcy7guixkzjkib4ukbiilwc3xhnmby4mcbccnsd7j2rekvqd[.]onion/?page=35,Unknown,unknown,,Unknown,unknown
Qilin,1616,35,Lasercomb,Industrial Machinery & Equipment,hxxps://www.lasercomb.com/,"Dec 22, 2025",,,,hxxp://ijzn3sicrcy7guixkzjkib4ukbiilwc3xhnmby4mcbccnsd7j2rekvqd[.]onion/site/blog?uuid=093fcbea-bd3e-4933-bdeb-349014ba546b,hxxp://ijzn3sicrcy7guixkzjkib4ukbiilwc3xhnmby4mcbccnsd7j2rekvqd[.]onion/?page=35,Germany,official_website,"The official website metadata and text explicitly state 'Lasercomb GmbH, Deutschland' and provide the address: 'Lasercomb GmbH Siemensstraße 2 D-73274 Notzingen'.",High,enriched
Qilin,1611,35,Acme Electric,Commercial & Residential Construction,hxxps://www.acmeelectriccompany.com/,"Dec 22, 2025",155660,425.00 GB,425,hxxp://ijzn3sicrcy7guixkzjkib4ukbiilwc3xhnmby4mcbccnsd7j2rekvqd[.]onion/site/blog?uuid=915bec52-cf46-4374-b585-3bcb853ff8b9,hxxp://ijzn3sicrcy7guixkzjkib4ukbiilwc3xhnmby4mcbccnsd7j2rekvqd[.]onion/?page=35,United States,official_website,"The official website text lists physical addresses in Fort Worth, TX and Lubbock, TX (e.g., 'FORT WORTH: 5000 Martin St Fort Worth TX 76119' and 'LUBBOCK: 108 E 82nd Street Lubbock, TX 79404') and explicitly states services are provided throughout Texas.",High,enriched
Qilin,1607,35,Eastern Townships School Board,Education,hxxps://www.etsb.qc.ca/,"Dec 22, 2025",,,,hxxp://ijzn3sicrcy7guixkzjkib4ukbiilwc3xhnmby4mcbccnsd7j2rekvqd[.]onion/site/blog?uuid=40fb5361-ae75-49e6-9f29-c81d3bb7ff76,hxxp://ijzn3sicrcy7guixkzjkib4ukbiilwc3xhnmby4mcbccnsd7j2rekvqd[.]onion/?page=35,Canada,domain_tld,Company URL uses the country-code domain suffix .ca; verify against headquarters evidence.,Medium,tld_inferred
Qilin,1606,35,socalroc.com,Education,hxxps://www.socalroc.com/,"Dec 22, 2025",,,,hxxp://ijzn3sicrcy7guixkzjkib4ukbiilwc3xhnmby4mcbccnsd7j2rekvqd[.]onion/site/blog?uuid=39ccb2ec-a716-4afe-a6ba-2473796dc1ac,hxxp://ijzn3sicrcy7guixkzjkib4ukbiilwc3xhnmby4mcbccnsd7j2rekvqd[.]onion/?page=35,Unknown,unknown,"The provided evidence contains only a domain name (socalroc.com) and sector (Education), with no official website metadata, contact address, headquarters information, or registry details.",Unknown,unknown
Qilin,1605,35,Jaf Gifts,Accounting Services,hxxps://www.jafgifts.com/,"Dec 22, 2025",,,,hxxp://ijzn3sicrcy7guixkzjkib4ukbiilwc3xhnmby4mcbccnsd7j2rekvqd[.]onion/site/blog?uuid=292c26b4-23af-4db8-8c68-2b1794e12095,hxxp://ijzn3sicrcy7guixkzjkib4ukbiilwc3xhnmby4mcbccnsd7j2rekvqd[.]onion/?page=35,Unknown,unknown,No official website metadata or sufficient company profile evidence was provided to determine the headquarters or primary registration country.,Unknown,unknown
Qilin,1604,35,The Sonnenschein Groupe,Business Services,hxxps://www.sonnenscheingroupe.com/,"Dec 22, 2025",,,,hxxp://ijzn3sicrcy7guixkzjkib4ukbiilwc3xhnmby4mcbccnsd7j2rekvqd[.]onion/site/blog?uuid=7029b10a-d23c-4c23-a449-8d46345f29b9,hxxp://ijzn3sicrcy7guixkzjkib4ukbiilwc3xhnmby4mcbccnsd7j2rekvqd[.]onion/?page=35,United States,official_website,"Hospitality management With over 30 years in the hospitality and property management industry throughout the United States, Caribbean and Europe... authentic German cuisine in Chicago",Medium,enriched
Qilin,1603,35,Shore Gardens Rehabilitation & Nursing Center,Healthcare Services,hxxps://www.shoregardensrehab.com/,"Dec 22, 2025",,,,hxxp://ijzn3sicrcy7guixkzjkib4ukbiilwc3xhnmby4mcbccnsd7j2rekvqd[.]onion/site/blog?uuid=6165d23f-6ca0-4484-b1cb-9592d1f8e7e2,hxxp://ijzn3sicrcy7guixkzjkib4ukbiilwc3xhnmby4mcbccnsd7j2rekvqd[.]onion/?page=35,Unknown,unknown,,Unknown,unknown
Qilin,1602,35,CoreHQ,Software,hxxps://www.corehq.io/,"Dec 22, 2025",,,,hxxp://ijzn3sicrcy7guixkzjkib4ukbiilwc3xhnmby4mcbccnsd7j2rekvqd[.]onion/site/blog?uuid=6f198d50-451f-4a9e-91fb-02eaa284fd15,hxxp://ijzn3sicrcy7guixkzjkib4ukbiilwc3xhnmby4mcbccnsd7j2rekvqd[.]onion/?page=35,Unknown,unknown,,Unknown,unknown
Qilin,1601,35,SW/WC Service Cooperative,Education,hxxps://www.swwc.org/,"Dec 22, 2025",,,,hxxp://ijzn3sicrcy7guixkzjkib4ukbiilwc3xhnmby4mcbccnsd7j2rekvqd[.]onion/site/blog?uuid=7f859167-cfb3-4e58-a2f9-d8ec1b243c98,hxxp://ijzn3sicrcy7guixkzjkib4ukbiilwc3xhnmby4mcbccnsd7j2rekvqd[.]onion/?page=35,Unknown,unknown,"The supplied webpage text and metadata do not provide an explicit headquarters, registered-office, contact-address, or country name. Although regional references like 'Region 3', 'MARSS', 'UFARS', and specific towns appear, there is insufficient explicit textual evidence to conclusively determine the country.",Unknown,unknown
Qilin,1599,35,daispa.it,Industrial Machinery & Equipment,hxxps://dai.it/,"Dec 22, 2025",,,,hxxp://ijzn3sicrcy7guixkzjkib4ukbiilwc3xhnmby4mcbccnsd7j2rekvqd[.]onion/site/blog?uuid=863018c6-e223-42f3-8c79-04bd7fde7417,hxxp://ijzn3sicrcy7guixkzjkib4ukbiilwc3xhnmby4mcbccnsd7j2rekvqd[.]onion/?page=35,Italy,domain_tld,Company URL uses the country-code domain suffix .it; verify against headquarters evidence.,Medium,tld_inferred
Qilin,1598,35,Niradia Enterprises,Civil Engineering Construction,hxxps://www.niradia.com/,"Dec 22, 2025",0,229.00 GB,229,hxxp://ijzn3sicrcy7guixkzjkib4ukbiilwc3xhnmby4mcbccnsd7j2rekvqd[.]onion/site/blog?uuid=20f67c62-5e22-4edb-897e-8c346a05dad3,hxxp://ijzn3sicrcy7guixkzjkib4ukbiilwc3xhnmby4mcbccnsd7j2rekvqd[.]onion/?page=35,Unknown,unknown,,Unknown,unknown
Qilin,1597,35,St Pius X Catholic High School,Education,hxxps://www.spx.org/,"Dec 22, 2025",0,440.00 GB,440,hxxp://ijzn3sicrcy7guixkzjkib4ukbiilwc3xhnmby4mcbccnsd7j2rekvqd[.]onion/site/blog?uuid=941deeff-8290-4d3d-8460-e68335ee86d7,hxxp://ijzn3sicrcy7guixkzjkib4ukbiilwc3xhnmby4mcbccnsd7j2rekvqd[.]onion/?page=35,United States,official_website,"Mention of the 'Georgia GOAL Program' in the official website's navigation and text indicates the school is located in the state of Georgia, United States.",High,enriched
Qilin,1595,35,Eanes ISD schools,Education,hxxps://www.eanesisd.net/,"Dec 22, 2025",,,,hxxp://ijzn3sicrcy7guixkzjkib4ukbiilwc3xhnmby4mcbccnsd7j2rekvqd[.]onion/site/blog?uuid=78c9e089-71ce-4b38-accb-fe916bf1e652,hxxp://ijzn3sicrcy7guixkzjkib4ukbiilwc3xhnmby4mcbccnsd7j2rekvqd[.]onion/?page=35,United States,official_website,"Official website title and text state that Eanes ISD is an independent school district located in Austin, Texas.",High,enriched
Qilin,1594,35,Hongfa America,Industrial Machinery & Equipment,hxxps://www.hongfaamerica.com/,"Dec 22, 2025",,,,hxxp://ijzn3sicrcy7guixkzjkib4ukbiilwc3xhnmby4mcbccnsd7j2rekvqd[.]onion/site/blog?uuid=7fecb63a-86f0-45ed-9f15-4403048c075e,hxxp://ijzn3sicrcy7guixkzjkib4ukbiilwc3xhnmby4mcbccnsd7j2rekvqd[.]onion/?page=35,Unknown,unknown,,Unknown,unknown
Qilin,1593,36,GOOD+ Foundation,Non-Profit & Charitable Organizations,hxxps://www.goodplusfoundation.org,"Dec 22, 2025",190824,83.00 GB,83,hxxp://ijzn3sicrcy7guixkzjkib4ukbiilwc3xhnmby4mcbccnsd7j2rekvqd[.]onion/site/blog?uuid=9c615bec-b575-4747-9683-2b3c4e70c8a2,hxxp://ijzn3sicrcy7guixkzjkib4ukbiilwc3xhnmby4mcbccnsd7j2rekvqd[.]onion/?page=36,United States,official_website,"With warehouses in New York City and Los Angeles, Good+Foundation partners with approximately 126 innovative anti-poverty programs across the country.",High,enriched
Qilin,1591,36,Brisson & Massie Mechanical,Commercial & Residential Construction,hxxp://brissonmassie.com,"Dec 22, 2025",,,,hxxp://ijzn3sicrcy7guixkzjkib4ukbiilwc3xhnmby4mcbccnsd7j2rekvqd[.]onion/site/blog?uuid=b27d494b-2c21-404d-a9b6-7285960dc548,hxxp://ijzn3sicrcy7guixkzjkib4ukbiilwc3xhnmby4mcbccnsd7j2rekvqd[.]onion/?page=36,Unknown,unknown,,Unknown,unknown
Qilin,1590,36,GIV SRL,Business Services,hxxps://www.givsrl.com,"Dec 22, 2025",177470,63.00 GB,63,hxxp://ijzn3sicrcy7guixkzjkib4ukbiilwc3xhnmby4mcbccnsd7j2rekvqd[.]onion/site/blog?uuid=3b965a5d-7b9f-4232-b9ce-56e8f887ce86,hxxp://ijzn3sicrcy7guixkzjkib4ukbiilwc3xhnmby4mcbccnsd7j2rekvqd[.]onion/?page=36,Italy,official_website,"GIV S.r.l. Via di Malagrotta 293 00166 Roma, P. iva 01702891001",High,enriched
Qilin,1586,36,Cedar Valley Services,Business Services,hxxps://www.cedarvalleyservices.org/,"Dec 21, 2025",,,,hxxp://ijzn3sicrcy7guixkzjkib4ukbiilwc3xhnmby4mcbccnsd7j2rekvqd[.]onion/site/blog?uuid=dd0313a0-e440-48cd-9630-c4b0849c8b82,hxxp://ijzn3sicrcy7guixkzjkib4ukbiilwc3xhnmby4mcbccnsd7j2rekvqd[.]onion/?page=36,United States,official_website,"Corporate address listed as 2111 4th St NW, Austin, MN 55912, with office locations in Minnesota cities (Austin, Albert Lea, Owatonna, MN) and phone numbers with US area codes.",High,enriched
Qilin,1585,36,Victoria Benelux,Business Services,hxxps://www.victoria-benelux.com/,"Dec 20, 2025",0,"1,000.00 GB",1000,hxxp://ijzn3sicrcy7guixkzjkib4ukbiilwc3xhnmby4mcbccnsd7j2rekvqd[.]onion/site/blog?uuid=59fbda28-d8b1-4403-ac2a-c908ffb3651a,hxxp://ijzn3sicrcy7guixkzjkib4ukbiilwc3xhnmby4mcbccnsd7j2rekvqd[.]onion/?page=36,Belgium,official_website,"The website metadata and text explicitly reference regions/languages including 'België (NL)' and 'Belgique (FR)' alongside other European countries, and the company name is Victoria Benelux, operating primarily in Belgium where Dutch and French are official languages.",Medium,enriched
Qilin,1580,36,Integrated Technology Group,Software,hxxps://www.itgsolutions.com/,"Dec 20, 2025",1189396,510.00 GB,510,hxxp://ijzn3sicrcy7guixkzjkib4ukbiilwc3xhnmby4mcbccnsd7j2rekvqd[.]onion/site/blog?uuid=516ca4e0-94d7-46f6-b144-4879adcf2c8c,hxxp://ijzn3sicrcy7guixkzjkib4ukbiilwc3xhnmby4mcbccnsd7j2rekvqd[.]onion/?page=36,Unknown,unknown,,Unknown,unknown
Qilin,1579,36,IAPMO,Membership Organizations,hxxps://www.iapmo.org/,"Dec 20, 2025",181201,361.00 GB,361,hxxp://ijzn3sicrcy7guixkzjkib4ukbiilwc3xhnmby4mcbccnsd7j2rekvqd[.]onion/site/blog?uuid=02439cd4-a278-4b1b-924d-cf82bc764bc6,hxxp://ijzn3sicrcy7guixkzjkib4ukbiilwc3xhnmby4mcbccnsd7j2rekvqd[.]onion/?page=36,United States,official_website,"The website lists contact phone numbers with US area codes (e.g., 909-472-4100, which corresponds to California, USA) and refers to ANSI- and SCC-accredited codes, as well as North America's premier plumbing and mechanical product certification agency, alongside specific US listings and offices.",High,enriched
Qilin,1577,36,Publicidad Sarmiento,Advertising & Marketing,hxxps://www.sarmiento.net/,"Dec 19, 2025",401640,130.00 GB,130,hxxp://ijzn3sicrcy7guixkzjkib4ukbiilwc3xhnmby4mcbccnsd7j2rekvqd[.]onion/site/blog?uuid=891ccefa-674f-4c02-a1e3-e611f9424ef1,hxxp://ijzn3sicrcy7guixkzjkib4ukbiilwc3xhnmby4mcbccnsd7j2rekvqd[.]onion/?page=36,Argentina,official_website,"The official website text explicitly states: 'Somos expertos en la industria OOH y DOOH de Argentina' and lists office locations in Buenos Aires (CABA) and Mendoza, including addresses such as 'Carlos Pellegrini 1427, Piso 6 – CABA' and 'Coronel Rodríguez 1260 – Mendoza'.",High,enriched
Qilin,1576,36,David Weekley Homes,Commercial & Residential Construction,hxxps://www.davidweekleyhomes.com/,"Dec 19, 2025",,,,hxxp://ijzn3sicrcy7guixkzjkib4ukbiilwc3xhnmby4mcbccnsd7j2rekvqd[.]onion/site/blog?uuid=aaa74ef1-6a1c-41c0-b887-4e69e93665d4,hxxp://ijzn3sicrcy7guixkzjkib4ukbiilwc3xhnmby4mcbccnsd7j2rekvqd[.]onion/?page=36,Unknown,unknown,,Unknown,unknown
Qilin,1569,36,Club Atlético River Plate,Accounting Services,hxxp://www.cariverplate.com.ar,"Dec 18, 2025",,,,hxxp://ijzn3sicrcy7guixkzjkib4ukbiilwc3xhnmby4mcbccnsd7j2rekvqd[.]onion/site/blog?uuid=8cdcbc8b-421a-4738-9066-7d06e27baf03,hxxp://ijzn3sicrcy7guixkzjkib4ukbiilwc3xhnmby4mcbccnsd7j2rekvqd[.]onion/?page=36,Argentina,domain_tld,Company URL uses the country-code domain suffix .com.ar; verify against headquarters evidence.,Medium,tld_inferred
Qilin,1568,36,LSO Inc,Freight & Logistics Services,hxxps://www.lso.com/,"Dec 18, 2025",109710,104.00 GB,104,hxxp://ijzn3sicrcy7guixkzjkib4ukbiilwc3xhnmby4mcbccnsd7j2rekvqd[.]onion/site/blog?uuid=847eb7d5-a714-42f5-87ff-d9c348ffa092,hxxp://ijzn3sicrcy7guixkzjkib4ukbiilwc3xhnmby4mcbccnsd7j2rekvqd[.]onion/?page=36,United States,official_website,"LSO/Lone Star Overnight is the leading regional parcel delivery company throughout the Southwest, headquartered in Austin, Texas.",High,enriched
Qilin,1567,36,Grandes Vinos,Food & Beverage,hxxps://www.grandesvinos.com/en/,"Dec 18, 2025",292922,620.00 GB,620,hxxp://ijzn3sicrcy7guixkzjkib4ukbiilwc3xhnmby4mcbccnsd7j2rekvqd[.]onion/site/blog?uuid=a2ce4ae3-71b6-444c-b1f8-6f430c5c7d2f,hxxp://ijzn3sicrcy7guixkzjkib4ukbiilwc3xhnmby4mcbccnsd7j2rekvqd[.]onion/?page=36,Spain,official_website,"The official website metadata and text explicitly state the winery is located in Cariñena, province of Zaragoza, Aragón (Spain), and references the data controller as GRANDES VINOS Y VIÑEDOS, S.A.",High,enriched
Qilin,1566,36,PODOVIA,0,hxxps://podovia.pl/,"Dec 17, 2025",,,,hxxp://ijzn3sicrcy7guixkzjkib4ukbiilwc3xhnmby4mcbccnsd7j2rekvqd[.]onion/site/blog?uuid=df54f559-94a1-4a8a-9bea-474d4638fe5f,hxxp://ijzn3sicrcy7guixkzjkib4ukbiilwc3xhnmby4mcbccnsd7j2rekvqd[.]onion/?page=36,Poland,domain_tld,Company URL uses the country-code domain suffix .pl; verify against headquarters evidence.,Medium,tld_inferred
Qilin,1560,36,Ferreteria Scopazzo,Consumer Services,hxxps://www.scopazzo.com.ar/,"Dec 17, 2025",47300,50.00 GB,50,hxxp://ijzn3sicrcy7guixkzjkib4ukbiilwc3xhnmby4mcbccnsd7j2rekvqd[.]onion/site/blog?uuid=88817f05-63ba-4d3f-b2ae-c3a66aef073e,hxxp://ijzn3sicrcy7guixkzjkib4ukbiilwc3xhnmby4mcbccnsd7j2rekvqd[.]onion/?page=36,Argentina,domain_tld,Company URL uses the country-code domain suffix .com.ar; verify against headquarters evidence.,Medium,tld_inferred
Qilin,1559,36,Best Hotels Spain,Hospitality,hxxps://www.besthotels.es/,"Dec 16, 2025",,,,hxxp://ijzn3sicrcy7guixkzjkib4ukbiilwc3xhnmby4mcbccnsd7j2rekvqd[.]onion/site/blog?uuid=d9caee4d-36e9-452d-a8e6-c3d0f0c9c81e,hxxp://ijzn3sicrcy7guixkzjkib4ukbiilwc3xhnmby4mcbccnsd7j2rekvqd[.]onion/?page=36,Spain,domain_tld,Company URL uses the country-code domain suffix .es; verify against headquarters evidence.,Medium,tld_inferred
Qilin,1557,36,Fujitsu Component (Malaysia) SDN. BHD,Consumer Electronics & Computers Retail,hxxps://www.fcl-components.com/en,"Dec 15, 2025",194381,135.00 GB,135,hxxp://ijzn3sicrcy7guixkzjkib4ukbiilwc3xhnmby4mcbccnsd7j2rekvqd[.]onion/site/blog?uuid=b62aeeb8-13b8-414e-9859-3bb3d6bddae2,hxxp://ijzn3sicrcy7guixkzjkib4ukbiilwc3xhnmby4mcbccnsd7j2rekvqd[.]onion/?page=36,Malaysia,model_inference,"The company name explicitly includes '(Malaysia) SDN. BHD', which is the standard legal suffix for a private limited company in Malaysia (Sendirian Berhad).",Medium,enriched
Qilin,1555,36,Region of Istria,Education,hxxps://www.istra-istria.hr/,"Dec 15, 2025",,,,hxxp://ijzn3sicrcy7guixkzjkib4ukbiilwc3xhnmby4mcbccnsd7j2rekvqd[.]onion/site/blog?uuid=0ef76657-28f5-4256-8486-318a3352b6c5,hxxp://ijzn3sicrcy7guixkzjkib4ukbiilwc3xhnmby4mcbccnsd7j2rekvqd[.]onion/?page=36,Croatia,official_website,"The official website text references 'Republika Hrvatska' and 'Istarska županija' (Istrian County), along with location mentions such as Pula and Croatian terminology.",High,enriched
Qilin,1550,36,"Gadsden County, Florida",Government,hxxps://www.gadsdencountyfl.gov/,"Dec 15, 2025",,,,hxxp://ijzn3sicrcy7guixkzjkib4ukbiilwc3xhnmby4mcbccnsd7j2rekvqd[.]onion/site/blog?uuid=0459f2a8-14b5-4dab-8505-0b9f8d7b2208,hxxp://ijzn3sicrcy7guixkzjkib4ukbiilwc3xhnmby4mcbccnsd7j2rekvqd[.]onion/?page=36,United States,official_website,"Official website content explicitly references Gadsden County, Florida, Florida State Government, and U.S. government resources, establishing location in Florida, United States.",High,enriched
Qilin,1546,36,Kier & Wright,Accounting Services,hxxps://www.kierwright.com/,"Dec 14, 2025",400181,"1,200.00 GB",1200,hxxp://ijzn3sicrcy7guixkzjkib4ukbiilwc3xhnmby4mcbccnsd7j2rekvqd[.]onion/site/blog?uuid=cc7500e9-4e10-4641-b1dd-0a080c3e70df,hxxp://ijzn3sicrcy7guixkzjkib4ukbiilwc3xhnmby4mcbccnsd7j2rekvqd[.]onion/?page=36,United States,official_website,"Mention of 'DTSJ' (Downtown San Jose), copyright reference to 'Kier & Wright Civil Engineers and Surveyors, Inc.', and references to US-specific contexts such as LEED Certifications and ALTA Land Title Surveys.",Medium,enriched
Qilin,1543,36,Cinvestav,Business Services,hxxps://www.cinvestav.mx/,"Dec 13, 2025",1528744,105.00 GB,105,hxxp://ijzn3sicrcy7guixkzjkib4ukbiilwc3xhnmby4mcbccnsd7j2rekvqd[.]onion/site/blog?uuid=09cecdf1-a6c0-4dd3-8e0f-cfcf71c34fdb,hxxp://ijzn3sicrcy7guixkzjkib4ukbiilwc3xhnmby4mcbccnsd7j2rekvqd[.]onion/?page=36,Mexico,domain_tld,Company URL uses the country-code domain suffix .mx; verify against headquarters evidence.,Medium,tld_inferred
Qilin,1533,37,Dan Technologies Group,Business Services,hxxps://www.dantechnologies.com/,"Dec 11, 2025",26754,26.00 GB,26,hxxp://ijzn3sicrcy7guixkzjkib4ukbiilwc3xhnmby4mcbccnsd7j2rekvqd[.]onion/site/blog?uuid=b14a8199-34f9-4ff4-afe7-be3a374667f3,hxxp://ijzn3sicrcy7guixkzjkib4ukbiilwc3xhnmby4mcbccnsd7j2rekvqd[.]onion/?page=37,Denmark,official_website,Dan Technologies A/S Nybrovej 99 DK- 2820 Gentofte Denmark +45 4596 8850,High,enriched
Qilin,1527,37,Atalian Overview Metrics,Business Services,hxxps://atalian.com/,"Dec 10, 2025",,,,hxxp://ijzn3sicrcy7guixkzjkib4ukbiilwc3xhnmby4mcbccnsd7j2rekvqd[.]onion/site/blog?uuid=85d74cd4-8aa3-4d0d-8e48-a7668b8ba58e,hxxp://ijzn3sicrcy7guixkzjkib4ukbiilwc3xhnmby4mcbccnsd7j2rekvqd[.]onion/?page=37,France,official_website,"The official website metadata and text prominently feature French language text ('ATALIAN, leader mondial du facility management', 'SÉLECTION PAYS Français English'), references to activities across France ('à travers toute la France', 'En France, ATALIAN s’appuie sur un réseau de plus de 100 implantations'), and French legal terms ('Mentions legales').",Medium,enriched
Qilin,1518,37,TopDest,Business Services,hxxps://www.topdest.tur.ar/,"Dec 9, 2025",144907,160.00 GB,160,hxxp://ijzn3sicrcy7guixkzjkib4ukbiilwc3xhnmby4mcbccnsd7j2rekvqd[.]onion/site/blog?uuid=0a0b370f-39f3-4a7d-af67-4ebdec71e11d,hxxp://ijzn3sicrcy7guixkzjkib4ukbiilwc3xhnmby4mcbccnsd7j2rekvqd[.]onion/?page=37,Argentina,domain_tld,Company URL uses the country-code domain suffix .ar; verify against headquarters evidence.,Medium,tld_inferred
Qilin,1517,37,West Quay,Manufacturing,hxxps://www.westquay.com/,"Dec 9, 2025",53188,30.00 GB,30,hxxp://ijzn3sicrcy7guixkzjkib4ukbiilwc3xhnmby4mcbccnsd7j2rekvqd[.]onion/site/blog?uuid=eb51b5f2-42ff-4578-90e2-a2f5d1ec8ce2,hxxp://ijzn3sicrcy7guixkzjkib4ukbiilwc3xhnmby4mcbccnsd7j2rekvqd[.]onion/?page=37,United Kingdom,official_website,"Contact address includes a UK postcode (SO51 0HR) and telephone country code (+44), and the company is named West Quay Ltd.",High,enriched
Qilin,1512,37,Mainetti UK,Manufacturing,hxxp://www.mainetti.com,"Dec 9, 2025",,,,hxxp://ijzn3sicrcy7guixkzjkib4ukbiilwc3xhnmby4mcbccnsd7j2rekvqd[.]onion/site/blog?uuid=e842c007-6ade-4da7-a460-0f8d9dcc5e61,hxxp://ijzn3sicrcy7guixkzjkib4ukbiilwc3xhnmby4mcbccnsd7j2rekvqd[.]onion/?page=37,Unknown,unknown,"The company name is Mainetti UK, but the provided website text only discusses the global Mainetti group originating in San Quirico, Italy, and mentions locations in Brazil, Canada, Italy, Korea, USA, and Vietnam, without explicitly providing the registered address or headquarters specifically for Mainetti UK.",Unknown,unknown
Qilin,1510,37,Cagayan Appliance Center,Business Services,hxxps://www.facebook.com/cagappcen,"Dec 8, 2025",38039,431.00 GB,431,hxxp://ijzn3sicrcy7guixkzjkib4ukbiilwc3xhnmby4mcbccnsd7j2rekvqd[.]onion/site/blog?uuid=1a0a346b-518c-4a4c-8b82-0c92f0284182,hxxp://ijzn3sicrcy7guixkzjkib4ukbiilwc3xhnmby4mcbccnsd7j2rekvqd[.]onion/?page=37,Philippines,official_website,"Tuguegarao City is explicitly mentioned in the page title and meta description for Cagayan Appliance Center, and Tuguegarao is a well-known major city located in the Philippines (Province of Cagayan).",High,enriched
Qilin,1509,37,Serratelli Hat,Manufacturing,hxxps://www.serratellihatcompany.com/,"Dec 8, 2025",126668,155.00 GB,155,hxxp://ijzn3sicrcy7guixkzjkib4ukbiilwc3xhnmby4mcbccnsd7j2rekvqd[.]onion/site/blog?uuid=4be140a0-a6a2-4b42-8565-00935a49c325,hxxp://ijzn3sicrcy7guixkzjkib4ukbiilwc3xhnmby4mcbccnsd7j2rekvqd[.]onion/?page=37,United States,official_website,"The website text explicitly states 'Proudly made in the U.S.A.' and mentions operations in 'Newark, New Jersey' as the heart of operations.",High,enriched
Qilin,1508,37,Canno Design,Construction,hxxps://www.cannodesign.com/,"Dec 8, 2025",,,,hxxp://ijzn3sicrcy7guixkzjkib4ukbiilwc3xhnmby4mcbccnsd7j2rekvqd[.]onion/site/blog?uuid=8cf64e54-f02c-439c-b2dc-a3f1334059a6,hxxp://ijzn3sicrcy7guixkzjkib4ukbiilwc3xhnmby4mcbccnsd7j2rekvqd[.]onion/?page=37,Unknown,unknown,"None of the supplied evidence contains explicit headquarters, registered-office, contact-address, or company-profile information indicating the country of registration or operation.",Unknown,unknown
Qilin,1507,37,Redi Carpet,Commercial & Residential Construction,hxxps://www.redicarpet.com/,"Dec 8, 2025",,,,hxxp://ijzn3sicrcy7guixkzjkib4ukbiilwc3xhnmby4mcbccnsd7j2rekvqd[.]onion/site/blog?uuid=fec5182a-7bbc-4d98-8da9-7b77e586b74a,hxxp://ijzn3sicrcy7guixkzjkib4ukbiilwc3xhnmby4mcbccnsd7j2rekvqd[.]onion/?page=37,Unknown,unknown,No official website metadata or text was provided in the evidence to determine the headquarters or primary registration country.,Unknown,unknown
Qilin,1504,37,Seipi,Industrial Machinery & Equipment,hxxps://www.seipi.fr/,"Dec 8, 2025",115040,90.00 GB,90,hxxp://ijzn3sicrcy7guixkzjkib4ukbiilwc3xhnmby4mcbccnsd7j2rekvqd[.]onion/site/blog?uuid=4a80187e-cd45-48e8-b115-6ffe55ec7d7f,hxxp://ijzn3sicrcy7guixkzjkib4ukbiilwc3xhnmby4mcbccnsd7j2rekvqd[.]onion/?page=37,France,domain_tld,Company URL uses the country-code domain suffix .fr; verify against headquarters evidence.,Medium,tld_inferred
Qilin,1503,37,David M. Schwarz Architects,Accounting Services,hxxps://www.dmsas.com/,"Dec 7, 2025",29314,50.00 GB,50,hxxp://ijzn3sicrcy7guixkzjkib4ukbiilwc3xhnmby4mcbccnsd7j2rekvqd[.]onion/site/blog?uuid=e3b90c91-51c8-4d97-b641-c87d40f23395,hxxp://ijzn3sicrcy7guixkzjkib4ukbiilwc3xhnmby4mcbccnsd7j2rekvqd[.]onion/?page=37,United States,official_website,"The official website text explicitly states 'Washington, DC' and provides an address at '1707 L St. NW, Suite #400, Washington, D.C. 20036', indicating headquarters in the United States.",High,enriched
Qilin,1501,37,Acoustical Control,Industrial Machinery & Equipment,hxxps://www.acousticalcontrol-llc.com/,"Dec 7, 2025",,,,hxxp://ijzn3sicrcy7guixkzjkib4ukbiilwc3xhnmby4mcbccnsd7j2rekvqd[.]onion/site/blog?uuid=6ad8c895-dbe5-4fbe-b30c-43ea17f2390e,hxxp://ijzn3sicrcy7guixkzjkib4ukbiilwc3xhnmby4mcbccnsd7j2rekvqd[.]onion/?page=37,Unknown,unknown,,Unknown,unknown
Qilin,1492,37,Beecher Walker Architects,Building Materials,hxxps://www.beecherwalker.com/,"Dec 5, 2025",80894,493.00 GB,493,hxxp://ijzn3sicrcy7guixkzjkib4ukbiilwc3xhnmby4mcbccnsd7j2rekvqd[.]onion/site/blog?uuid=546ac01c-993a-4f60-9699-6ebb7ea11f5b,hxxp://ijzn3sicrcy7guixkzjkib4ukbiilwc3xhnmby4mcbccnsd7j2rekvqd[.]onion/?page=37,Unknown,unknown,"The provided text and metadata do not contain explicit headquarters, registration, or contact-address evidence, nor any official website text to determine the company's country.",Unknown,unknown
Qilin,1491,37,Shumate Mechanical,Commercial & Residential Construction,hxxps://www.shumatemechanical.com/,"Dec 5, 2025",288056,486.00 GB,486,hxxp://ijzn3sicrcy7guixkzjkib4ukbiilwc3xhnmby4mcbccnsd7j2rekvqd[.]onion/site/blog?uuid=46ed1129-2885-44a2-b5aa-215fa19b5ac4,hxxp://ijzn3sicrcy7guixkzjkib4ukbiilwc3xhnmby4mcbccnsd7j2rekvqd[.]onion/?page=37,United States,official_website,"Greater Atlanta's trusted HVAC contractor providing a wide range of commercial services... greater Atlanta GA region including Alpharetta, Roswell, Dalton, Marietta, Cumming...",High,enriched
Qilin,1489,37,BUCKSWOOD,Education,hxxps://www.buckswood.co.uk/,"Dec 5, 2025",274580,475.00 GB,475,hxxp://ijzn3sicrcy7guixkzjkib4ukbiilwc3xhnmby4mcbccnsd7j2rekvqd[.]onion/site/blog?uuid=910873a9-d6de-4e08-a890-882e11adaddc,hxxp://ijzn3sicrcy7guixkzjkib4ukbiilwc3xhnmby4mcbccnsd7j2rekvqd[.]onion/?page=37,United Kingdom,domain_tld,Company URL uses the country-code domain suffix .co.uk; verify against headquarters evidence.,Medium,tld_inferred
Qilin,1488,37,Kana Pipeline Inc,Civil Engineering Construction,hxxps://www.kanapipeline.com/,"Dec 4, 2025",334950,450.00 GB,450,hxxp://ijzn3sicrcy7guixkzjkib4ukbiilwc3xhnmby4mcbccnsd7j2rekvqd[.]onion/site/blog?uuid=0dd7b7d9-9d70-4642-81ea-635f6ed616d7,hxxp://ijzn3sicrcy7guixkzjkib4ukbiilwc3xhnmby4mcbccnsd7j2rekvqd[.]onion/?page=37,United States,official_website,"Founded in 1984, Kana Pipeline is dedicated to being the leading underground wet utility contractor in California.",High,enriched
Qilin,1487,37,Medisend,Education,hxxps://www.medisend.org/,"Dec 4, 2025",45205,303.00 GB,303,hxxp://ijzn3sicrcy7guixkzjkib4ukbiilwc3xhnmby4mcbccnsd7j2rekvqd[.]onion/site/blog?uuid=607de6f1-80d8-4965-b0b0-a32c3b8dded5,hxxp://ijzn3sicrcy7guixkzjkib4ukbiilwc3xhnmby4mcbccnsd7j2rekvqd[.]onion/?page=37,United States,official_website,"Contact address lists: 9244 Markville Dr. Dallas, TX 75243; and mentions U.S. Department of Education and U.S. Undergraduates.",High,enriched
Qilin,1485,37,Maset,Accounting Services,hxxps://www.maset.com/,"Dec 4, 2025",5356,17.00 GB,17,hxxp://ijzn3sicrcy7guixkzjkib4ukbiilwc3xhnmby4mcbccnsd7j2rekvqd[.]onion/site/blog?uuid=677c5026-4524-426c-86cf-1f231986f0ba,hxxp://ijzn3sicrcy7guixkzjkib4ukbiilwc3xhnmby4mcbccnsd7j2rekvqd[.]onion/?page=37,Spain,official_website,"Born in the heart of the Penedès, Maset is now a recognised family winemaker, with wineries spread across different regions of Spain",High,enriched
Qilin,1481,37,Tensator,Manufacturing,hxxps://www.tensator.com/,"Dec 4, 2025",,,,hxxp://ijzn3sicrcy7guixkzjkib4ukbiilwc3xhnmby4mcbccnsd7j2rekvqd[.]onion/site/blog?uuid=4f4d3e82-bf26-4823-a642-d248d713b738,hxxp://ijzn3sicrcy7guixkzjkib4ukbiilwc3xhnmby4mcbccnsd7j2rekvqd[.]onion/?page=37,Unknown,unknown,"The provided webpage text mentions products, sectors, and company history, but does not explicitly state the headquarters, registered office, or primary registration country.",Unknown,unknown
Qilin,1479,37,Northwest Iowa Community College,Education,hxxps://www.nwicc.edu/,"Dec 4, 2025",0,214.00 GB,214,hxxp://ijzn3sicrcy7guixkzjkib4ukbiilwc3xhnmby4mcbccnsd7j2rekvqd[.]onion/site/blog?uuid=d7a897dd-c6f9-4780-b853-9bd55a21d4be,hxxp://ijzn3sicrcy7guixkzjkib4ukbiilwc3xhnmby4mcbccnsd7j2rekvqd[.]onion/?page=37,United States,official_website,"Northwest Iowa Community College 603 West Park Street Sheldon, Iowa 51201",High,enriched
Qilin,1478,38,Cap Cana,Hospitality,hxxps://capcana.com/,"Dec 4, 2025",141433,152.00 GB,152,hxxp://ijzn3sicrcy7guixkzjkib4ukbiilwc3xhnmby4mcbccnsd7j2rekvqd[.]onion/site/blog?uuid=b9c82f04-bfa9-426e-9c75-d7d8ee117baf,hxxp://ijzn3sicrcy7guixkzjkib4ukbiilwc3xhnmby4mcbccnsd7j2rekvqd[.]onion/?page=38,Dominican Republic,official_website,"Meta description and text state: 'Cap Cana is a 6,200-acre private destination in the Dominican Republic', 'Cap Cana is Dominican Republic’s most exclusive and captivating destination', 'Home of Cap Cana The Dominican Republic'.",High,enriched
Qilin,1476,38,Bigben Group,Consumer Services,hxxps://bigben-group.com/,"Dec 4, 2025",421067,43.00 GB,43,hxxp://ijzn3sicrcy7guixkzjkib4ukbiilwc3xhnmby4mcbccnsd7j2rekvqd[.]onion/site/blog?uuid=126fbc72-2723-49a9-b52b-0af5e52e53b0,hxxp://ijzn3sicrcy7guixkzjkib4ukbiilwc3xhnmby4mcbccnsd7j2rekvqd[.]onion/?page=38,France,official_website,Commercial Court of Lille Metropole has approved the opening of an accelerating safeguard proceeding,High,enriched
Qilin,1475,38,Mainz University of Applied Sciences,Education,hxxps://www.hs-mainz.de/,"Dec 4, 2025",92194,534.00 GB,534,hxxp://ijzn3sicrcy7guixkzjkib4ukbiilwc3xhnmby4mcbccnsd7j2rekvqd[.]onion/site/blog?uuid=b714bbd3-912f-42b2-b1de-15cd847babf6,hxxp://ijzn3sicrcy7guixkzjkib4ukbiilwc3xhnmby4mcbccnsd7j2rekvqd[.]onion/?page=38,Germany,domain_tld,Company URL uses the country-code domain suffix .de; verify against headquarters evidence.,Medium,tld_inferred
Qilin,1474,38,PureLogic IT Solutions,Consumer Electronics & Computers Retail,hxxps://purelogicit.com/,"Dec 4, 2025",184106,62.00 GB,62,hxxp://ijzn3sicrcy7guixkzjkib4ukbiilwc3xhnmby4mcbccnsd7j2rekvqd[.]onion/site/blog?uuid=c5490b52-b486-44fc-a65f-988f826b38e7,hxxp://ijzn3sicrcy7guixkzjkib4ukbiilwc3xhnmby4mcbccnsd7j2rekvqd[.]onion/?page=38,Canada,official_website,"The official website metadata and text explicitly state: 'Canadian, women-owned & Ottawa-based' and list a head office address in Kanata, ON (Ontario, Canada), along with repeated references to being a 100% Canadian company.",High,enriched
Qilin,1473,38,Sonora Independent School District,Education,hxxps://www.sonoraisd.net/,"Dec 4, 2025",,,,hxxp://ijzn3sicrcy7guixkzjkib4ukbiilwc3xhnmby4mcbccnsd7j2rekvqd[.]onion/site/blog?uuid=780731f7-e583-48c7-b555-5f2bef0c53f1,hxxp://ijzn3sicrcy7guixkzjkib4ukbiilwc3xhnmby4mcbccnsd7j2rekvqd[.]onion/?page=38,United States,official_website,"The domain 'sonoraisd.net' uses the .net TLD, but 'Independent School District' along with the name 'Sonora' strongly indicates a public school district in Sonora, Texas, United States (further corroborated by common knowledge of Texas school districts named Sonora ISD).",High,enriched
Qilin,1471,38,Yellow Cab of Columbus,Business Services,hxxp://www.yellowcabofcolumbus.com,"Dec 4, 2025",0,90.00 GB,90,hxxp://ijzn3sicrcy7guixkzjkib4ukbiilwc3xhnmby4mcbccnsd7j2rekvqd[.]onion/site/blog?uuid=70708962-a7f5-40f9-824b-0a18fbaa35f9,hxxp://ijzn3sicrcy7guixkzjkib4ukbiilwc3xhnmby4mcbccnsd7j2rekvqd[.]onion/?page=38,United States,official_website,"1989 Camaro Ave Columbus OH 43207 and phone number +1 (614) 444-4444 explicitly place the headquarters/address in Columbus, Ohio, United States.",High,enriched
Qilin,1470,38,IES Synergy,Electronics,hxxps://www.ies-synergy.com/,"Dec 3, 2025",0,138.00 GB,138,hxxp://ijzn3sicrcy7guixkzjkib4ukbiilwc3xhnmby4mcbccnsd7j2rekvqd[.]onion/site/blog?uuid=de29cd65-91d2-4466-8a0d-e18b156bf0d0,hxxp://ijzn3sicrcy7guixkzjkib4ukbiilwc3xhnmby4mcbccnsd7j2rekvqd[.]onion/?page=38,France,official_website,"Créée en 1992 à Montpellier, l’entreprise s’appuie sur une expertise unique... Les bornes conçues et assemblées en France sont déployées dans plus de 50 pays",High,enriched
Qilin,1467,38,NUMALLIANCE,Industrial Machinery & Equipment,hxxps://www.numalliance.com/,"Dec 3, 2025",,,,hxxp://ijzn3sicrcy7guixkzjkib4ukbiilwc3xhnmby4mcbccnsd7j2rekvqd[.]onion/site/blog?uuid=ad81e4f7-4b3a-4c22-a32f-6157026ebbd9,hxxp://ijzn3sicrcy7guixkzjkib4ukbiilwc3xhnmby4mcbccnsd7j2rekvqd[.]onion/?page=38,France,official_website,"Meta description states: 'Numalliance, entreprise d'hydroformage en France et fournisseeur de machines industrielles.'",High,enriched
Qilin,1466,38,City of Urbana,Government,hxxps://www.urbanaohio.com/,"Dec 3, 2025",44050,35.00 GB,35,hxxp://ijzn3sicrcy7guixkzjkib4ukbiilwc3xhnmby4mcbccnsd7j2rekvqd[.]onion/site/blog?uuid=50b3b3e2-8454-4df1-b6e4-0dd4f3bdc0d2,hxxp://ijzn3sicrcy7guixkzjkib4ukbiilwc3xhnmby4mcbccnsd7j2rekvqd[.]onion/?page=38,United States,official_website,"Explicit address and mentions in the text: 'City of Urbana, Ohio - Official Site', '205 S Main St Urbana, OH 43078', and 'Champaign County in west central Ohio'.",High,enriched
Qilin,1463,38,LA Injury Attorneys,Law Firms & Legal Services,hxxps://www.lainjuryattorneys.com/,"Dec 2, 2025",0,"1,500.00 GB",1500,hxxp://ijzn3sicrcy7guixkzjkib4ukbiilwc3xhnmby4mcbccnsd7j2rekvqd[.]onion/site/blog?uuid=b741825c-e3be-4bdd-b360-d1a4d09cfba5,hxxp://ijzn3sicrcy7guixkzjkib4ukbiilwc3xhnmby4mcbccnsd7j2rekvqd[.]onion/?page=38,United States,official_website,"The webpage text explicitly states that LA Injury Attorneys is a personal injury firm based in Burbank, Los Angeles County, referencing Los Angeles and California contexts (such as Farmers Insurance Exchange and local addresses like 1611 N. San Fernando Blvd, Burbank).",High,enriched
Qilin,1461,38,Mr Christmas,Advertising & Marketing,hxxps://www.mrchristmas.com/,"Dec 2, 2025",183042,175.00 GB,175,hxxp://ijzn3sicrcy7guixkzjkib4ukbiilwc3xhnmby4mcbccnsd7j2rekvqd[.]onion/site/blog?uuid=aa0c12b6-e4cc-4ec9-95c5-d65d7f25311a,hxxp://ijzn3sicrcy7guixkzjkib4ukbiilwc3xhnmby4mcbccnsd7j2rekvqd[.]onion/?page=38,United States,official_website,"The webpage text includes currency formatting in USD ($) and references the United States in the localization/shipping context ('United States (USD $)'), along with longstanding family business history operating within the US market.",High,enriched
Qilin,1451,38,France terre d'asile,Education,hxxps://www.france-terre-asile.org/,"Dec 1, 2025",241182,130.00 GB,130,hxxp://ijzn3sicrcy7guixkzjkib4ukbiilwc3xhnmby4mcbccnsd7j2rekvqd[.]onion/site/blog?uuid=99c63824-4583-4976-81db-9c3dd7203cc8,hxxp://ijzn3sicrcy7guixkzjkib4ukbiilwc3xhnmby4mcbccnsd7j2rekvqd[.]onion/?page=38,France,official_website,"The organization's name is 'France terre d'asile' and the website content explicitly references French institutions such as 'préfectures', 'Administration numérique pour les étrangers en France (ANEF)', and the 'Conseil d'État', indicating operations and registration in France.",High,enriched
Qilin,1450,38,San Miguel,Food & Beverage,hxxps://www.sanmiguelglobal.com/,"Dec 1, 2025",80428,60.00 GB,60,hxxp://ijzn3sicrcy7guixkzjkib4ukbiilwc3xhnmby4mcbccnsd7j2rekvqd[.]onion/site/blog?uuid=f327469b-da9e-4167-a96f-9661c01a9e2d,hxxp://ijzn3sicrcy7guixkzjkib4ukbiilwc3xhnmby4mcbccnsd7j2rekvqd[.]onion/?page=38,Argentina,official_website,"Argentina Headquarters | Oficina central Cazadores de Coquimbo 2860, Edificio 2, Piso 1º, Vicente López, Buenos Aires, Argentina",High,enriched
Qilin,1447,38,ILCA Targhe s.r.l.,Business Services,hxxps://www.ilcatarghe.it/,"Nov 30, 2025",,,,hxxp://ijzn3sicrcy7guixkzjkib4ukbiilwc3xhnmby4mcbccnsd7j2rekvqd[.]onion/site/blog?uuid=42b2754b-4018-4a15-b6b9-489c659629ab,hxxp://ijzn3sicrcy7guixkzjkib4ukbiilwc3xhnmby4mcbccnsd7j2rekvqd[.]onion/?page=38,Italy,domain_tld,Company URL uses the country-code domain suffix .it; verify against headquarters evidence.,Medium,tld_inferred
Qilin,1444,38,Chenango Valley Technologies,Manufacturing,hxxps://www.chenangovalleytech.com/,"Nov 29, 2025",244102,740.00 GB,740,hxxp://ijzn3sicrcy7guixkzjkib4ukbiilwc3xhnmby4mcbccnsd7j2rekvqd[.]onion/site/blog?uuid=b6feb369-d456-48a9-817b-328eeeeef495,hxxp://ijzn3sicrcy7guixkzjkib4ukbiilwc3xhnmby4mcbccnsd7j2rekvqd[.]onion/?page=38,Unknown,unknown,No official website metadata or registry text was supplied to determine the headquarters or primary registration country.,Unknown,unknown
Qilin,1442,38,TBC Consoles,Furniture,hxxps://www.tbcconsoles.com/,"Nov 29, 2025",,,,hxxp://ijzn3sicrcy7guixkzjkib4ukbiilwc3xhnmby4mcbccnsd7j2rekvqd[.]onion/site/blog?uuid=43ac04d2-3cb4-4527-b2a2-971bc7f513c4,hxxp://ijzn3sicrcy7guixkzjkib4ukbiilwc3xhnmby4mcbccnsd7j2rekvqd[.]onion/?page=38,United States,official_website,"TBC CONSOLES 170 Rodeo Drive Edgewood, NY 11717, USA",High,enriched
Qilin,1440,38,Asia Condominium Association,Real Estate,hxxps://www.asiamiamicondo.com/,"Nov 29, 2025",20920,32.00 GB,32,hxxp://ijzn3sicrcy7guixkzjkib4ukbiilwc3xhnmby4mcbccnsd7j2rekvqd[.]onion/site/blog?uuid=5045bf8c-aaaf-48b9-a48e-cb472578411b,hxxp://ijzn3sicrcy7guixkzjkib4ukbiilwc3xhnmby4mcbccnsd7j2rekvqd[.]onion/?page=38,Unknown,unknown,"The provided evidence only contains a domain name and company name indicating a condominium association ('Asia Condominium Association'), which lacks sufficient explicit headquarters or registration address details.",Unknown,unknown
Qilin,1438,38,Kleber and Associates,Advertising & Marketing,hxxps://www.kleberandassociates.com/,"Nov 28, 2025",0,200.00 GB,200,hxxp://ijzn3sicrcy7guixkzjkib4ukbiilwc3xhnmby4mcbccnsd7j2rekvqd[.]onion/site/blog?uuid=6bb946bc-ed38-445c-994f-d76d7aacdeb3,hxxp://ijzn3sicrcy7guixkzjkib4ukbiilwc3xhnmby4mcbccnsd7j2rekvqd[.]onion/?page=38,United States,official_website,"The telephone number format '770-518-1000' uses a North American Numbering Plan area code (770, which serves Georgia, USA) and mentions of locations and events in the US such as Atlanta.",Medium,enriched
Qilin,1435,38,Aceros Ocotlán Group,Manufacturing,hxxps://www.acerosocotlan.mx/,"Nov 28, 2025",,,,hxxp://ijzn3sicrcy7guixkzjkib4ukbiilwc3xhnmby4mcbccnsd7j2rekvqd[.]onion/site/blog?uuid=86533f37-fa5d-4671-9401-86eca4506fee,hxxp://ijzn3sicrcy7guixkzjkib4ukbiilwc3xhnmby4mcbccnsd7j2rekvqd[.]onion/?page=38,Mexico,domain_tld,Company URL uses the country-code domain suffix .mx; verify against headquarters evidence.,Medium,tld_inferred
Qilin,1433,38,Reynolds Logistics,Freight & Logistics Services,hxxp://www.reynoldslogistics.com,"Nov 28, 2025",,,,hxxp://ijzn3sicrcy7guixkzjkib4ukbiilwc3xhnmby4mcbccnsd7j2rekvqd[.]onion/site/blog?uuid=b58092b3-3a2f-4471-a483-f4763c080939,hxxp://ijzn3sicrcy7guixkzjkib4ukbiilwc3xhnmby4mcbccnsd7j2rekvqd[.]onion/?page=38,Ireland,official_website,"With main operating bases in Dublin (Republic of Ireland), along with West Thurrock and Ellesmere Port (United Kingdom)... Contact info@ReynoldsLogistics.ie +353 1 4242300",High,enriched
Qilin,1430,39,Bcfpers,Insurance,hxxps://www.bcfpers.org/,"Nov 27, 2025",16223,5.00 GB,5,hxxp://ijzn3sicrcy7guixkzjkib4ukbiilwc3xhnmby4mcbccnsd7j2rekvqd[.]onion/site/blog?uuid=13ab68d5-ec41-4f48-b000-e09638592d4c,hxxp://ijzn3sicrcy7guixkzjkib4ukbiilwc3xhnmby4mcbccnsd7j2rekvqd[.]onion/?page=39,United States,official_website,"100 Light Street, 9th Floor, Baltimore, MD 21202",High,enriched
Qilin,1429,39,ERR Raumplaner,Civil Engineering Construction,hxxps://www.err.ch/,"Nov 27, 2025",70937,278.00 GB,278,hxxp://ijzn3sicrcy7guixkzjkib4ukbiilwc3xhnmby4mcbccnsd7j2rekvqd[.]onion/site/blog?uuid=0b1d2489-ca1f-47cd-8a9a-46d1af49b0a4,hxxp://ijzn3sicrcy7guixkzjkib4ukbiilwc3xhnmby4mcbccnsd7j2rekvqd[.]onion/?page=39,Switzerland,domain_tld,Company URL uses the country-code domain suffix .ch; verify against headquarters evidence.,Medium,tld_inferred
Qilin,1423,39,The American School Foundation,Non-Profit & Charitable Organizations,hxxps://www.asf.edu.mx/,"Nov 26, 2025",,,,hxxp://ijzn3sicrcy7guixkzjkib4ukbiilwc3xhnmby4mcbccnsd7j2rekvqd[.]onion/site/blog?uuid=cf8b70de-b290-4efd-a8c0-c0a0fcccf001,hxxp://ijzn3sicrcy7guixkzjkib4ukbiilwc3xhnmby4mcbccnsd7j2rekvqd[.]onion/?page=39,Mexico,domain_tld,Company URL uses the country-code domain suffix .mx; verify against headquarters evidence.,Medium,tld_inferred
Qilin,1421,39,Trolec,Building Materials,hxxps://www.trolec.com/,"Nov 26, 2025",0,66.00 GB,66,hxxp://ijzn3sicrcy7guixkzjkib4ukbiilwc3xhnmby4mcbccnsd7j2rekvqd[.]onion/site/blog?uuid=35c5b4de-2721-48bf-8c42-e649ce816a65,hxxp://ijzn3sicrcy7guixkzjkib4ukbiilwc3xhnmby4mcbccnsd7j2rekvqd[.]onion/?page=39,Canada,official_website,"The official website uses bilingual English and French, mentions 'TROLEC INC', and uses French phrasing ('Maître à l'œuvre depuis 1971') strongly indicating a Canadian registration (specifically Quebec).",Medium,enriched
Qilin,1419,39,Disston,Building Materials,hxxps://disstontools.com/,"Nov 25, 2025",156269,70.00 GB,70,hxxp://ijzn3sicrcy7guixkzjkib4ukbiilwc3xhnmby4mcbccnsd7j2rekvqd[.]onion/site/blog?uuid=3f0732e2-7255-436c-bfd4-b98dd3723bfc,hxxp://ijzn3sicrcy7guixkzjkib4ukbiilwc3xhnmby4mcbccnsd7j2rekvqd[.]onion/?page=39,Unknown,unknown,"The supplied text and metadata mention product categories, history, and contact details for Disston Tools, but do not explicitly state the headquarters, registered office, or primary registration country.",Unknown,unknown
Qilin,1418,39,BioPharma Services,0,hxxps://www.biopharmaservices.com/,"Nov 25, 2025",0,436.00 GB,436,hxxp://ijzn3sicrcy7guixkzjkib4ukbiilwc3xhnmby4mcbccnsd7j2rekvqd[.]onion/site/blog?uuid=e01ae247-c56d-42ba-8999-c875cd479282,hxxp://ijzn3sicrcy7guixkzjkib4ukbiilwc3xhnmby4mcbccnsd7j2rekvqd[.]onion/?page=39,Unknown,unknown,"The provided text and metadata mention BioPharma Services Inc., but do not explicitly state its headquarters, registered office, contact address, or primary registration country.",Unknown,unknown
Qilin,1417,39,Workflow Concepts,Business Services,hxxps://workflowconcepts.com/,"Nov 25, 2025",,,,hxxp://ijzn3sicrcy7guixkzjkib4ukbiilwc3xhnmby4mcbccnsd7j2rekvqd[.]onion/site/blog?uuid=f2c32f2a-385f-45de-b951-d58ffd8475cb,hxxp://ijzn3sicrcy7guixkzjkib4ukbiilwc3xhnmby4mcbccnsd7j2rekvqd[.]onion/?page=39,United States,official_website,"U.S.-based CX engineering · Portland, Maine · since the ’90s",High,enriched
Qilin,1415,39,Burnham Brown,Law Firms & Legal Services,hxxps://burnhambrown.com/,"Nov 25, 2025",,,,hxxp://ijzn3sicrcy7guixkzjkib4ukbiilwc3xhnmby4mcbccnsd7j2rekvqd[.]onion/site/blog?uuid=aefcaf87-0a80-4300-8245-165a7981ffeb,hxxp://ijzn3sicrcy7guixkzjkib4ukbiilwc3xhnmby4mcbccnsd7j2rekvqd[.]onion/?page=39,United States,official_website,"Website title and metadata state 'Walnut Creek, California' and mention the San Francisco Bay Area and California employment law.",High,enriched
Qilin,1414,39,Animart Pet Stores,Food & Beverage,hxxps://www.animartpet.com/,"Nov 25, 2025",,,,hxxp://ijzn3sicrcy7guixkzjkib4ukbiilwc3xhnmby4mcbccnsd7j2rekvqd[.]onion/site/blog?uuid=15d2d41f-b1e3-4212-9965-17cb224ed6d8,hxxp://ijzn3sicrcy7guixkzjkib4ukbiilwc3xhnmby4mcbccnsd7j2rekvqd[.]onion/?page=39,United States,official_website,"Visible text contains explicit contact address details referencing Beaver Dam (a city in Wisconsin, USA), along with phone number formatting (920.885.2814) typical of the United States.",High,enriched
Qilin,1413,39,Christofle,Advertising & Marketing,hxxps://www.christofle.com/,"Nov 25, 2025",0,303.00 GB,303,hxxp://ijzn3sicrcy7guixkzjkib4ukbiilwc3xhnmby4mcbccnsd7j2rekvqd[.]onion/site/blog?uuid=30a77f75-2f3c-455e-adec-6f0c3cb1b2cf,hxxp://ijzn3sicrcy7guixkzjkib4ukbiilwc3xhnmby4mcbccnsd7j2rekvqd[.]onion/?page=39,France,official_website,"Meta description identifies Christofle as a 'Parisian Goldsmith', indicating Paris, France.",High,enriched
Qilin,1412,39,New England Tractor Trailer Training School,Education,hxxps://nettts.com/,"Nov 25, 2025",76399,38.00 GB,38,hxxp://ijzn3sicrcy7guixkzjkib4ukbiilwc3xhnmby4mcbccnsd7j2rekvqd[.]onion/site/blog?uuid=cbc0210b-a0f1-4352-b684-f4af930b1cba,hxxp://ijzn3sicrcy7guixkzjkib4ukbiilwc3xhnmby4mcbccnsd7j2rekvqd[.]onion/?page=39,United States,official_website,"Locations mentioned include Somers, CT; Bridgeport, CT; Haverhill, MA; Pawtucket, RI, which are states within New England, United States.",High,enriched
Qilin,1409,39,Manassas City Public Schools,Education,hxxps://www.mcpsva.org/,"Nov 25, 2025",,,,hxxp://ijzn3sicrcy7guixkzjkib4ukbiilwc3xhnmby4mcbccnsd7j2rekvqd[.]onion/site/blog?uuid=01d5c70d-2b24-430e-8e20-c97fde138a14,hxxp://ijzn3sicrcy7guixkzjkib4ukbiilwc3xhnmby4mcbccnsd7j2rekvqd[.]onion/?page=39,United States,official_website,"Manassas City Public Schools 8700 Centreville Rd Suite 400 Manassas, VA 20110; Virginia School Boards Association",High,enriched
Qilin,1408,39,Lake Superior State University,Education,hxxps://www.lssu.edu/,"Nov 25, 2025",,,,hxxp://ijzn3sicrcy7guixkzjkib4ukbiilwc3xhnmby4mcbccnsd7j2rekvqd[.]onion/site/blog?uuid=b92464da-4809-4355-ac48-f8f7146b0fa7,hxxp://ijzn3sicrcy7guixkzjkib4ukbiilwc3xhnmby4mcbccnsd7j2rekvqd[.]onion/?page=39,United States,official_website,"Lake Superior State University is located in Michigan (evidenced by references to Michigan Competitive Scholarship, regional centers in Escanaba, Iron Mountain, Petoskey, and mentions of 'Great Lake State')",High,enriched
Qilin,1406,39,Columbia Medical Practice,0,hxxps://www.cmpractice.com/,"Nov 25, 2025",703606,410.00 GB,410,hxxp://ijzn3sicrcy7guixkzjkib4ukbiilwc3xhnmby4mcbccnsd7j2rekvqd[.]onion/site/blog?uuid=ddf7c9f4-c492-4ce3-83ce-38594844b2e1,hxxp://ijzn3sicrcy7guixkzjkib4ukbiilwc3xhnmby4mcbccnsd7j2rekvqd[.]onion/?page=39,United States,official_website,"The official website metadata and visible text explicitly state the address as '6220 Old Dobbin Lane, Columbia, MD 21045' and reference Maryland, US programs such as the 'Maryland Primary Care Program'.",High,enriched
Qilin,1402,39,Nottingham Village,Hospitality,hxxps://www.nottinghamvillage.org/,"Nov 25, 2025",198341,110.00 GB,110,hxxp://ijzn3sicrcy7guixkzjkib4ukbiilwc3xhnmby4mcbccnsd7j2rekvqd[.]onion/site/blog?uuid=baa435e1-13c2-434f-90c3-afbf32c83728,hxxp://ijzn3sicrcy7guixkzjkib4ukbiilwc3xhnmby4mcbccnsd7j2rekvqd[.]onion/?page=39,Unknown,unknown,"The provided text contains only the company name, sector, and URL without explicit headquarters, registered-office, contact-address, or company-profile evidence.",Unknown,unknown
Qilin,1400,39,AWIN Group of Dealerships,Business Services,hxxps://www.awin.ca/,"Nov 24, 2025",0,300.00 GB,300,hxxp://ijzn3sicrcy7guixkzjkib4ukbiilwc3xhnmby4mcbccnsd7j2rekvqd[.]onion/site/blog?uuid=0ba402c0-2778-4733-a04b-4540947d751e,hxxp://ijzn3sicrcy7guixkzjkib4ukbiilwc3xhnmby4mcbccnsd7j2rekvqd[.]onion/?page=39,Canada,domain_tld,Company URL uses the country-code domain suffix .ca; verify against headquarters evidence.,Medium,tld_inferred
Qilin,1398,39,Maheu&Maheu,Business Services,hxxps://www.maheu-maheu.com/,"Nov 23, 2025",20503,13.00 GB,13,hxxp://ijzn3sicrcy7guixkzjkib4ukbiilwc3xhnmby4mcbccnsd7j2rekvqd[.]onion/site/blog?uuid=8d12710d-39f9-4516-b115-9f6e8ebf3b82,hxxp://ijzn3sicrcy7guixkzjkib4ukbiilwc3xhnmby4mcbccnsd7j2rekvqd[.]onion/?page=39,Unknown,unknown,,Unknown,unknown
Qilin,1393,39,Nissan Capital,Business Services,hxxps://www.nissancapital.com/,"Nov 23, 2025",,,,hxxp://ijzn3sicrcy7guixkzjkib4ukbiilwc3xhnmby4mcbccnsd7j2rekvqd[.]onion/site/blog?uuid=2c0b1b91-9393-4cd6-9689-429941f45e3c,hxxp://ijzn3sicrcy7guixkzjkib4ukbiilwc3xhnmby4mcbccnsd7j2rekvqd[.]onion/?page=39,Argentina,official_website,"The official website text references phone numbers with the Argentine country code (+54), locations in CABA (Ciudad Autónoma de Buenos Aires), Ramos Mejía, Villa Luro, and mentions 'Nissan Argentina' in the text.",High,enriched
Qilin,1392,39,HYTORC,Industrial Machinery & Equipment,hxxps://www.hytorc.com/,"Nov 22, 2025",1724667,"1,300.00 GB",1300,hxxp://ijzn3sicrcy7guixkzjkib4ukbiilwc3xhnmby4mcbccnsd7j2rekvqd[.]onion/site/blog?uuid=b58af9e3-f7f3-4ce8-a94e-b2b63ce496ab,hxxp://ijzn3sicrcy7guixkzjkib4ukbiilwc3xhnmby4mcbccnsd7j2rekvqd[.]onion/?page=39,Unknown,unknown,"The provided webpage text and fields mention global presence, a 1-800 phone number format, and international locations (such as HYTORC Australia), but do not contain explicit headquarters, registered-office, or contact-address evidence establishing the primary registration country.",Unknown,unknown
Qilin,1391,39,Kajima Europe,Civil Engineering Construction,hxxps://www.kajimaeurope.com/,"Nov 22, 2025",0,400.00 GB,400,hxxp://ijzn3sicrcy7guixkzjkib4ukbiilwc3xhnmby4mcbccnsd7j2rekvqd[.]onion/site/blog?uuid=f6da4b3a-da4f-4d87-aa71-431ecf0b8ad2,hxxp://ijzn3sicrcy7guixkzjkib4ukbiilwc3xhnmby4mcbccnsd7j2rekvqd[.]onion/?page=39,Unknown,unknown,"The provided text indicates Kajima Europe is the holding company for the European investment and operational businesses of Kajima Corporation, but does not explicitly state the specific country of headquarters or primary registration.",Unknown,unknown
Qilin,1390,40,Interlink Trade Services,Banking,hxxps://www.interlinktrade.com/,"Nov 22, 2025",500216,267.00 GB,267,hxxp://ijzn3sicrcy7guixkzjkib4ukbiilwc3xhnmby4mcbccnsd7j2rekvqd[.]onion/site/blog?uuid=33510118-b736-4388-b170-325618b36bc9,hxxp://ijzn3sicrcy7guixkzjkib4ukbiilwc3xhnmby4mcbccnsd7j2rekvqd[.]onion/?page=40,Unknown,unknown,,Unknown,unknown
Qilin,1389,40,Hotaling Insurance Services,Insurance,hxxps://www.hotalinginsurance.com/,"Nov 21, 2025",0,500.00 GB,500,hxxp://ijzn3sicrcy7guixkzjkib4ukbiilwc3xhnmby4mcbccnsd7j2rekvqd[.]onion/site/blog?uuid=5fe4fc3d-1cd9-4f3b-a32b-2a9980bd1144,hxxp://ijzn3sicrcy7guixkzjkib4ukbiilwc3xhnmby4mcbccnsd7j2rekvqd[.]onion/?page=40,United States,official_website,"Meta description states: 'nationwide offices across the United States', and visible text lists office locations including Melville, New York City, Houston, Poughkeepsie, and Miami.",High,enriched
Qilin,1384,40,Cimertex,Banking,hxxp://www.cimertex.pt,"Nov 20, 2025",62944,243.00 GB,243,hxxp://ijzn3sicrcy7guixkzjkib4ukbiilwc3xhnmby4mcbccnsd7j2rekvqd[.]onion/site/blog?uuid=5abd89ed-dc16-4039-807e-3a2d02733904,hxxp://ijzn3sicrcy7guixkzjkib4ukbiilwc3xhnmby4mcbccnsd7j2rekvqd[.]onion/?page=40,Portugal,domain_tld,Company URL uses the country-code domain suffix .pt; verify against headquarters evidence.,Medium,tld_inferred
Qilin,1380,40,IGT,Gambling & Gaming,hxxps://www.igt.com/,"Nov 19, 2025",21683,10.00 GB,10,hxxp://ijzn3sicrcy7guixkzjkib4ukbiilwc3xhnmby4mcbccnsd7j2rekvqd[.]onion/site/blog?uuid=3a5a00f4-fd40-4a7d-95d1-7a4df9495f1d,hxxp://ijzn3sicrcy7guixkzjkib4ukbiilwc3xhnmby4mcbccnsd7j2rekvqd[.]onion/?page=40,Unknown,unknown,No evidence or webpage text provided to determine the headquarters or primary registration country.,Unknown,unknown
Qilin,1379,40,Mmlk,Law Firms & Legal Services,hxxps://www.mmlkadvantage.com/,"Nov 19, 2025",0,65.00 GB,65,hxxp://ijzn3sicrcy7guixkzjkib4ukbiilwc3xhnmby4mcbccnsd7j2rekvqd[.]onion/site/blog?uuid=9e1bde7b-a696-44c4-a8a6-5ebce4228d7c,hxxp://ijzn3sicrcy7guixkzjkib4ukbiilwc3xhnmby4mcbccnsd7j2rekvqd[.]onion/?page=40,United States,official_website,"Greenup Address: 402 Main St, Greenup, KY 41144 Ashland Address: 1608 Carter Ave., Ashland, KY 41101; Serving all of Kentucky, Ohio and West Virginia",High,enriched
Qilin,1378,40,Marine Foods Express LTD,Food & Beverage,hxxps://www.marinefoodsexpress.com/,"Nov 19, 2025",94669,73.00 GB,73,hxxp://ijzn3sicrcy7guixkzjkib4ukbiilwc3xhnmby4mcbccnsd7j2rekvqd[.]onion/site/blog?uuid=90af725d-39cc-46af-8f19-ff7c473343e4,hxxp://ijzn3sicrcy7guixkzjkib4ukbiilwc3xhnmby4mcbccnsd7j2rekvqd[.]onion/?page=40,United States,official_website,"Meta description mentions 'restaurants, distributors and retailers in the United States', and contact address lists '5757 S Loop E Fwy Houston, Texas 77033'.",High,enriched
Qilin,1377,40,Spark Power,Business Services,hxxps://www.sparkpowercorp.com/,"Nov 19, 2025",,,,hxxp://ijzn3sicrcy7guixkzjkib4ukbiilwc3xhnmby4mcbccnsd7j2rekvqd[.]onion/site/blog?uuid=a09fb476-4922-4eec-9d37-0cbf7378f6b0,hxxp://ijzn3sicrcy7guixkzjkib4ukbiilwc3xhnmby4mcbccnsd7j2rekvqd[.]onion/?page=40,Canada,official_website,"Spark Power, a leading provider of integrated power solutions, is delighted to announce its participation and sponsorship at Dreamer Day... OAKVILLE, ONTARIO",High,enriched
Qilin,1376,40,Spark Innovation,Business Services,hxxps://www.sparkinnovations.com/,"Nov 18, 2025",0,300.00 GB,300,hxxp://ijzn3sicrcy7guixkzjkib4ukbiilwc3xhnmby4mcbccnsd7j2rekvqd[.]onion/site/blog?uuid=1d215b2b-b927-4118-ad28-bc7a034f735a,hxxp://ijzn3sicrcy7guixkzjkib4ukbiilwc3xhnmby4mcbccnsd7j2rekvqd[.]onion/?page=40,Unknown,unknown,"The provided webpage text lists a phone number with area code 905 (which is commonly used in Ontario, Canada), but does not explicitly state a headquarters, registered office, or contact address containing a country name.",Unknown,unknown
Qilin,1375,40,Alma Realty,Real Estate,hxxps://www.almarealty.com/,"Nov 18, 2025",918516,"1,400.00 GB",1400,hxxp://ijzn3sicrcy7guixkzjkib4ukbiilwc3xhnmby4mcbccnsd7j2rekvqd[.]onion/site/blog?uuid=00a26981-aaff-494b-bdfb-07dd99e14915,hxxp://ijzn3sicrcy7guixkzjkib4ukbiilwc3xhnmby4mcbccnsd7j2rekvqd[.]onion/?page=40,United States,official_website,"Contact address lists Long Island City, NY 11101, and meta description mentions apartments in Long Island City NY.",High,enriched
Qilin,1374,40,Regional Business Systems,Business Services,hxxps://www.regionalbusinesssystems.com/,"Nov 18, 2025",299014,96.00 GB,96,hxxp://ijzn3sicrcy7guixkzjkib4ukbiilwc3xhnmby4mcbccnsd7j2rekvqd[.]onion/site/blog?uuid=3872d0dc-9f80-4c75-81ab-fed9e5a453bb,hxxp://ijzn3sicrcy7guixkzjkib4ukbiilwc3xhnmby4mcbccnsd7j2rekvqd[.]onion/?page=40,Barbados,official_website,Our Hospitality Solutions department is a leading provider of hardware and software for the hospitality and food service market in the Barbados and the Eastern Caribbean.,High,enriched
Qilin,1373,40,QuaLex Manufacturing,Industrial Machinery & Equipment,hxxps://qualexmanufacturing.com/,"Nov 18, 2025",690913,142.00 GB,142,hxxp://ijzn3sicrcy7guixkzjkib4ukbiilwc3xhnmby4mcbccnsd7j2rekvqd[.]onion/site/blog?uuid=ff026c5f-a914-4777-ac1d-f1eba8f49c3e,hxxp://ijzn3sicrcy7guixkzjkib4ukbiilwc3xhnmby4mcbccnsd7j2rekvqd[.]onion/?page=40,United States,official_website,"Contact address lists: QuaLex Manufacturing, LLC, 261 Triport Road, Georgetown, KY 40324, United States (KY = Kentucky, US phone area code 502).",High,enriched
Qilin,1371,40,Kdr Real Estate Services,Real Estate,hxxps://www.kdrrealestateservices.com/,"Nov 17, 2025",171139,86.00 GB,86,hxxp://ijzn3sicrcy7guixkzjkib4ukbiilwc3xhnmby4mcbccnsd7j2rekvqd[.]onion/site/blog?uuid=dd9f5e85-7e7a-410a-a875-273eeeaca761,hxxp://ijzn3sicrcy7guixkzjkib4ukbiilwc3xhnmby4mcbccnsd7j2rekvqd[.]onion/?page=40,United States,official_website,"Contact address explicitly states: KDR Real Estate 2500 Grenoble Road, Richmond, Virginia 23294, and text mentions operations and projects across Virginia, US constitutional law references (Bauman v. Ross), and US telephone numbers.",High,enriched
Qilin,1369,40,FREEDL GROUP s.r.l.,Grocery Retail,hxxps://freedl.it/,"Nov 15, 2025",0,100.00 GB,100,hxxp://ijzn3sicrcy7guixkzjkib4ukbiilwc3xhnmby4mcbccnsd7j2rekvqd[.]onion/site/blog?uuid=004a0ad5-f83d-4f57-af7a-211fc7415397,hxxp://ijzn3sicrcy7guixkzjkib4ukbiilwc3xhnmby4mcbccnsd7j2rekvqd[.]onion/?page=40,Italy,domain_tld,Company URL uses the country-code domain suffix .it; verify against headquarters evidence.,Medium,tld_inferred
Qilin,1368,40,SES Société Energies Services,"Energy, Utilities & Waste",hxxps://www.ses-energies-services.fr/,"Nov 15, 2025",0,250.00 GB,250,hxxp://ijzn3sicrcy7guixkzjkib4ukbiilwc3xhnmby4mcbccnsd7j2rekvqd[.]onion/site/blog?uuid=c8c64625-9370-4bd7-93bd-be71309bc7aa,hxxp://ijzn3sicrcy7guixkzjkib4ukbiilwc3xhnmby4mcbccnsd7j2rekvqd[.]onion/?page=40,France,domain_tld,Company URL uses the country-code domain suffix .fr; verify against headquarters evidence.,Medium,tld_inferred
Qilin,1366,40,Sol Trading,Grocery Retail,hxxps://soltradingusa.com/,"Nov 14, 2025",63838,310.00 GB,310,hxxp://ijzn3sicrcy7guixkzjkib4ukbiilwc3xhnmby4mcbccnsd7j2rekvqd[.]onion/site/blog?uuid=7e63ef46-fce0-4581-9b35-971c8da2d833,hxxp://ijzn3sicrcy7guixkzjkib4ukbiilwc3xhnmby4mcbccnsd7j2rekvqd[.]onion/?page=40,United States,official_website,"The company URL is soltradingusa.com, which explicitly includes the country identifier 'usa' indicating the United States.",Medium,enriched
Qilin,1361,40,"Fundidora de Cananea, S.A",Business Services,hxxp://www.fucasa.com,"Nov 13, 2025",44805,68.00 GB,68,hxxp://ijzn3sicrcy7guixkzjkib4ukbiilwc3xhnmby4mcbccnsd7j2rekvqd[.]onion/site/blog?uuid=97cd9755-f927-4244-a262-fd550e3fba5c,hxxp://ijzn3sicrcy7guixkzjkib4ukbiilwc3xhnmby4mcbccnsd7j2rekvqd[.]onion/?page=40,Mexico,official_website,"The company name is Fundidora de Cananea, S.A. de C.V. and the website text explicitly lists the address: 'Fundidora de Cananea, S.A. de C.V. Colonia Industrial S/N, Cananea, Sonora, 84620 México' and mentions 'más de 55 años de experiencia en la república mexicana'.",High,enriched
Qilin,1360,40,Doha British School,Education,hxxps://www.dohabritishschool.com/,"Nov 13, 2025",218991,481.00 GB,481,hxxp://ijzn3sicrcy7guixkzjkib4ukbiilwc3xhnmby4mcbccnsd7j2rekvqd[.]onion/site/blog?uuid=05a88a62-c2ae-4896-be3c-9a2ada392c4f,hxxp://ijzn3sicrcy7guixkzjkib4ukbiilwc3xhnmby4mcbccnsd7j2rekvqd[.]onion/?page=40,Qatar,official_website,"Doha British Schools are one of the world’s leading British International Schools in Qatar, with a reputation for outstanding academic excellence since 1997.",High,enriched
Qilin,1358,40,Cornerstone Staffing Solutions,Business Services,hxxps://www.cornerstone-staffing.com/,"Nov 13, 2025",,,,hxxp://ijzn3sicrcy7guixkzjkib4ukbiilwc3xhnmby4mcbccnsd7j2rekvqd[.]onion/site/blog?uuid=86eafe4e-9c56-4042-82f7-728d2c16884c,hxxp://ijzn3sicrcy7guixkzjkib4ukbiilwc3xhnmby4mcbccnsd7j2rekvqd[.]onion/?page=40,United States,official_website,"Our Headquarters 5820 Stoneridge Mall Road, Suite 205 Pleasanton, CA 94588",High,enriched
Qilin,1356,40,Brian-Kyles Construction,Commercial & Residential Construction,hxxps://www.briankyles.com/,"Nov 11, 2025",,,,hxxp://ijzn3sicrcy7guixkzjkib4ukbiilwc3xhnmby4mcbccnsd7j2rekvqd[.]onion/site/blog?uuid=c93ced41-1827-4bb5-9ecb-bac05d56bdd2,hxxp://ijzn3sicrcy7guixkzjkib4ukbiilwc3xhnmby4mcbccnsd7j2rekvqd[.]onion/?page=40,United States,official_website,"Serving Cleveland, Ohio and Indianapolis, Indiana; Lorain and Cuyahoga County; northeast Ohio",High,enriched
Qilin,1353,40,Dublin Medical Center,0,hxxps://www.dublinmedicalcenter.com/,"Nov 9, 2025",0,300.00 GB,300,hxxp://ijzn3sicrcy7guixkzjkib4ukbiilwc3xhnmby4mcbccnsd7j2rekvqd[.]onion/site/blog?uuid=748b46ea-c36d-4cc0-9527-b7ab216dd668,hxxp://ijzn3sicrcy7guixkzjkib4ukbiilwc3xhnmby4mcbccnsd7j2rekvqd[.]onion/?page=40,Unknown,unknown,"The provided evidence only contains the company name 'Dublin Medical Center' and its URL. Per the instructions, a country cannot be inferred from the company name or domain alone, and no official website metadata or address evidence was supplied.",Unknown,unknown
Qilin,1352,41,Gullco International,Consumer Services,hxxps://www.gullco.com/,"Nov 9, 2025",90097,200.00 GB,200,hxxp://ijzn3sicrcy7guixkzjkib4ukbiilwc3xhnmby4mcbccnsd7j2rekvqd[.]onion/site/blog?uuid=14f0eae3-6763-4a4d-96fc-2d6844268c35,hxxp://ijzn3sicrcy7guixkzjkib4ukbiilwc3xhnmby4mcbccnsd7j2rekvqd[.]onion/?page=41,Canada,official_website,Website title and metadata explicitly references Canada: 'Welding Automation | Cutting Automation | Gullco International - Canada' and contact phone numbers include 'CAN 905.953.4140'.,High,enriched
Qilin,1350,41,Gadge USA,Manufacturing,hxxps://www.gadgeusa.com/,"Nov 8, 2025",37573,69.00 GB,69,hxxp://ijzn3sicrcy7guixkzjkib4ukbiilwc3xhnmby4mcbccnsd7j2rekvqd[.]onion/site/blog?uuid=4d7fca95-181e-4319-8d00-cdf55d1b652b,hxxp://ijzn3sicrcy7guixkzjkib4ukbiilwc3xhnmby4mcbccnsd7j2rekvqd[.]onion/?page=41,United States,official_website,"The company name is Gadge USA, and the website text references 'nationwide distribution' and a founding year of 1993, combined with the explicit 'USA' branding.",Medium,enriched
Qilin,1347,41,Advanced Delivery Services,Freight & Logistics Services,hxxps://www.advanceddeliveryservices.co.uk/,"Nov 8, 2025",0,600.00 GB,600,hxxp://ijzn3sicrcy7guixkzjkib4ukbiilwc3xhnmby4mcbccnsd7j2rekvqd[.]onion/site/blog?uuid=91785a2e-2e75-4cfb-bfe0-cf2dd09c8586,hxxp://ijzn3sicrcy7guixkzjkib4ukbiilwc3xhnmby4mcbccnsd7j2rekvqd[.]onion/?page=41,United Kingdom,domain_tld,Company URL uses the country-code domain suffix .co.uk; verify against headquarters evidence.,Medium,tld_inferred
Qilin,1344,41,Marine Turbine Technologies,Industrial Machinery & Equipment,hxxps://www.marineturbine.com/,"Nov 7, 2025",27000,28.00 GB,28,hxxp://ijzn3sicrcy7guixkzjkib4ukbiilwc3xhnmby4mcbccnsd7j2rekvqd[.]onion/site/blog?uuid=61c8f3f5-a1b4-46e3-8eed-e6a508f545bf,hxxp://ijzn3sicrcy7guixkzjkib4ukbiilwc3xhnmby4mcbccnsd7j2rekvqd[.]onion/?page=41,United States,official_website,"Marine Turbine Technologies, LLC (MTT)... Franklin, Louisiana",High,enriched
Qilin,1343,41,Shollenberger Januzzi & Wolfe,Law Firms & Legal Services,hxxps://www.sholljanlaw.com/,"Nov 7, 2025",220000,161.00 GB,161,hxxp://ijzn3sicrcy7guixkzjkib4ukbiilwc3xhnmby4mcbccnsd7j2rekvqd[.]onion/site/blog?uuid=295d7391-f359-46ac-a3e8-0ade815d0877,hxxp://ijzn3sicrcy7guixkzjkib4ukbiilwc3xhnmby4mcbccnsd7j2rekvqd[.]onion/?page=41,United States,official_website,"Visible text and metadata show the law firm operates in Harrisburg, PA, and serves Pennsylvania, referencing US locations and contexts such as Harrisburg, Gettysburg, Lancaster, Camp Lejeune water contamination, and Social Security Disability.",High,enriched
Qilin,1342,41,Klae Construction,Commercial & Residential Construction,hxxps://www.klae.com/,"Nov 7, 2025",38395,55.00 GB,55,hxxp://ijzn3sicrcy7guixkzjkib4ukbiilwc3xhnmby4mcbccnsd7j2rekvqd[.]onion/site/blog?uuid=899ba603-2c0b-42a1-a8cb-deb171921d7d,hxxp://ijzn3sicrcy7guixkzjkib4ukbiilwc3xhnmby4mcbccnsd7j2rekvqd[.]onion/?page=41,United States,official_website,"Meta description, title, and website text explicitly state 'New Jersey General Contractors', 'delivering high-quality commercial builds across New Jersey', and mention operations across New Jersey, New York, and Delaware.",High,enriched
Qilin,1340,41,Yaesu,Manufacturing,hxxps://www.yaesu.com/,"Nov 7, 2025",126092,190.00 GB,190,hxxp://ijzn3sicrcy7guixkzjkib4ukbiilwc3xhnmby4mcbccnsd7j2rekvqd[.]onion/site/blog?uuid=deba5f7f-31e2-44af-bc0f-674e8285a26c,hxxp://ijzn3sicrcy7guixkzjkib4ukbiilwc3xhnmby4mcbccnsd7j2rekvqd[.]onion/?page=41,United States,official_website,"Contact address: Yaesu USA 6125 Phyllis Drive Cypress, CA 90630",High,enriched
Qilin,1338,41,Mecaplast,Manufacturing,hxxp://www.mecaplast.ch,"Nov 7, 2025",0,300.00 GB,300,hxxp://ijzn3sicrcy7guixkzjkib4ukbiilwc3xhnmby4mcbccnsd7j2rekvqd[.]onion/site/blog?uuid=a4be1cce-11fa-41cf-adee-bc6a5bc46da0,hxxp://ijzn3sicrcy7guixkzjkib4ukbiilwc3xhnmby4mcbccnsd7j2rekvqd[.]onion/?page=41,Switzerland,domain_tld,Company URL uses the country-code domain suffix .ch; verify against headquarters evidence.,Medium,tld_inferred
Qilin,1337,41,Club Blue Form,Non-Profit & Charitable Organizations,hxxps://www.bgcmt.org/,"Nov 6, 2025",0,90.00 GB,90,hxxp://ijzn3sicrcy7guixkzjkib4ukbiilwc3xhnmby4mcbccnsd7j2rekvqd[.]onion/site/blog?uuid=84d9a9ea-4368-4472-ac52-8eda8d4d9bd5,hxxp://ijzn3sicrcy7guixkzjkib4ukbiilwc3xhnmby4mcbccnsd7j2rekvqd[.]onion/?page=41,United States,official_website,"Address listed on website: 1704 Charlotte Ave. Suite 200 Nashville, TN 37203, referencing Davidson & Williamson Counties, Tennessee, and the TN Department of Education.",High,enriched
Qilin,1334,41,Sai Mai Hospital,Business Services,hxxps://www.saimai.co.th/,"Nov 6, 2025",708378,"1,030.00 GB",1030,hxxp://ijzn3sicrcy7guixkzjkib4ukbiilwc3xhnmby4mcbccnsd7j2rekvqd[.]onion/site/blog?uuid=6bb47199-9106-4452-984b-d006b2bbdfc4,hxxp://ijzn3sicrcy7guixkzjkib4ukbiilwc3xhnmby4mcbccnsd7j2rekvqd[.]onion/?page=41,Thailand,domain_tld,Company URL uses the country-code domain suffix .th; verify against headquarters evidence.,Medium,tld_inferred
Qilin,1330,41,Egyptian Workspace Partners,Accounting Services,hxxps://www.goegyptian.com/,"Nov 6, 2025",104921,67.00 GB,67,hxxp://ijzn3sicrcy7guixkzjkib4ukbiilwc3xhnmby4mcbccnsd7j2rekvqd[.]onion/site/blog?uuid=5b05d31a-cb1d-43fa-bb2e-945ef35ea191,hxxp://ijzn3sicrcy7guixkzjkib4ukbiilwc3xhnmby4mcbccnsd7j2rekvqd[.]onion/?page=41,Unknown,unknown,"No official website text, registry data, or explicit address was provided in the evidence. The company name and domain alone are insufficient to conclusively determine the headquarters or primary registration country.",Unknown,unknown
Qilin,1329,41,Ketel Thorstenson,Accounting Services,hxxps://www.ktllp.com,"Nov 6, 2025",0,957.00 GB,957,hxxp://ijzn3sicrcy7guixkzjkib4ukbiilwc3xhnmby4mcbccnsd7j2rekvqd[.]onion/site/blog?uuid=1fbf91e4-9073-4206-8dfa-3c543d077e14,hxxp://ijzn3sicrcy7guixkzjkib4ukbiilwc3xhnmby4mcbccnsd7j2rekvqd[.]onion/?page=41,United States,official_website,"References to IRS (Internal Revenue Service), Social Security, and CPAs (Certified Public Accountants) clearly indicate operations in the United States.",Medium,enriched
Qilin,1327,41,Ida Crown Jewish Academy,Education,hxxps://www.icja.org/,"Nov 6, 2025",0,172.00 GB,172,hxxp://ijzn3sicrcy7guixkzjkib4ukbiilwc3xhnmby4mcbccnsd7j2rekvqd[.]onion/site/blog?uuid=853ad55a-5859-49d6-a7ad-b0d24a06f67b,hxxp://ijzn3sicrcy7guixkzjkib4ukbiilwc3xhnmby4mcbccnsd7j2rekvqd[.]onion/?page=41,United States,model_inference,"Ida Crown Jewish Academy is a known educational institution in Chicago, Illinois, United States, though explicit physical address details are not fully captured in the raw text snippet, standard knowledge associated with the verified entity places it in the US.",Medium,enriched
Qilin,1326,41,Atlantic City Housing Authority,Government,hxxps://www.atlanticcityha.org/,"Nov 6, 2025",0,68.00 GB,68,hxxp://ijzn3sicrcy7guixkzjkib4ukbiilwc3xhnmby4mcbccnsd7j2rekvqd[.]onion/site/blog?uuid=f6f54372-bbf3-4ed4-887b-c1d88d4d786e,hxxp://ijzn3sicrcy7guixkzjkib4ukbiilwc3xhnmby4mcbccnsd7j2rekvqd[.]onion/?page=41,United States,model_inference,"The company name 'Atlantic City Housing Authority' explicitly references Atlantic City, which is a well-known city in New Jersey, United States.",High,enriched
Qilin,1325,41,Studio Corvo Parma,Business Services,hxxps://studiocorvo.com/,"Nov 6, 2025",75666,42.00 GB,42,hxxp://ijzn3sicrcy7guixkzjkib4ukbiilwc3xhnmby4mcbccnsd7j2rekvqd[.]onion/site/blog?uuid=b4be0757-9736-44d9-a2f6-6f91e628d769,hxxp://ijzn3sicrcy7guixkzjkib4ukbiilwc3xhnmby4mcbccnsd7j2rekvqd[.]onion/?page=41,Italy,official_website,"The official website and contact details list the address as Via G. Pezziol, 6 – 43126 – Parma (PR), Italy, along with Italian tax identifiers (P.I. / C.F.) and Italian phone numbers.",High,enriched
Qilin,1324,41,Toledo School for the Arts,Education,hxxps://ts4arts.org/,"Nov 6, 2025",0,351.00 GB,351,hxxp://ijzn3sicrcy7guixkzjkib4ukbiilwc3xhnmby4mcbccnsd7j2rekvqd[.]onion/site/blog?uuid=414bfac8-832b-4762-abf3-7223e9334bda,hxxp://ijzn3sicrcy7guixkzjkib4ukbiilwc3xhnmby4mcbccnsd7j2rekvqd[.]onion/?page=41,United States,official_website,Toledo School for the Arts is a public community school focused on providing Ohio residents a rigorous academic curriculum and an intense visual and performing arts environment.,High,enriched
Qilin,1323,41,Dataprobe,Manufacturing,hxxps://www.dataprobe.com/,"Nov 6, 2025",,,,hxxp://ijzn3sicrcy7guixkzjkib4ukbiilwc3xhnmby4mcbccnsd7j2rekvqd[.]onion/site/blog?uuid=171270c7-8944-4ab3-9be7-24a50cd9f2be,hxxp://ijzn3sicrcy7guixkzjkib4ukbiilwc3xhnmby4mcbccnsd7j2rekvqd[.]onion/?page=41,United States,official_website,The official website text includes telephone number format 201-934-9944 (US area code 201 for New Jersey) and explicit mention of 'North American Models' alongside currency selector 'United States (USD $)'.,Medium,enriched
Qilin,1322,41,Pims,Advertising & Marketing,hxxps://pimsinc.com/,"Nov 6, 2025",328180,119.00 GB,119,hxxp://ijzn3sicrcy7guixkzjkib4ukbiilwc3xhnmby4mcbccnsd7j2rekvqd[.]onion/site/blog?uuid=063f4b61-9b1d-4616-9620-b2248a5d24ac,hxxp://ijzn3sicrcy7guixkzjkib4ukbiilwc3xhnmby4mcbccnsd7j2rekvqd[.]onion/?page=41,United States,official_website,"PIMS Headquarters 20 West 36th Street, New York, NY 10018 PIMS New Jersey Inc. 19 Vreeland Road Suite 2 Florham Park, NJ 07932",High,enriched
Qilin,1321,41,ATEK Access Technologies,Holding Companies & Conglomerates,hxxps://atekcompanies.com/,"Nov 6, 2025",0,65.00 GB,65,hxxp://ijzn3sicrcy7guixkzjkib4ukbiilwc3xhnmby4mcbccnsd7j2rekvqd[.]onion/site/blog?uuid=0191d85f-d734-44f8-a9a6-2c218de4ec2a,hxxp://ijzn3sicrcy7guixkzjkib4ukbiilwc3xhnmby4mcbccnsd7j2rekvqd[.]onion/?page=41,Unknown,unknown,"The provided text mentions toll-free phone numbers and US-style formatting, but does not explicitly state a headquarters country, registered office, or contact address country.",Unknown,unknown
Qilin,1320,41,Ville de MontLaurier,Government,hxxps://www.villemontlaurier.qc.ca,"Nov 6, 2025",249048,280.00 GB,280,hxxp://ijzn3sicrcy7guixkzjkib4ukbiilwc3xhnmby4mcbccnsd7j2rekvqd[.]onion/site/blog?uuid=ec828210-81ff-49ed-99cf-5bba7638d33d,hxxp://ijzn3sicrcy7guixkzjkib4ukbiilwc3xhnmby4mcbccnsd7j2rekvqd[.]onion/?page=41,Canada,domain_tld,Company URL uses the country-code domain suffix .ca; verify against headquarters evidence.,Medium,tld_inferred
Qilin,1319,42,southernpipe.com,Home Improvement & Hardware Retail,hxxps://www.southernpipe.com/,"Nov 6, 2025",0,230.00 GB,230,hxxp://ijzn3sicrcy7guixkzjkib4ukbiilwc3xhnmby4mcbccnsd7j2rekvqd[.]onion/site/blog?uuid=dc8c2231-1179-4d12-a249-3636906ee862,hxxp://ijzn3sicrcy7guixkzjkib4ukbiilwc3xhnmby4mcbccnsd7j2rekvqd[.]onion/?page=42,Unknown,unknown,"No official website metadata, address, or registration details were provided in the evidence to determine the headquarters or primary registration country.",Unknown,unknown
Qilin,1318,42,Thalheimer Brothers,Business Services,hxxps://www.thalheimerbrothers.com/,"Nov 6, 2025",74945,25.00 GB,25,hxxp://ijzn3sicrcy7guixkzjkib4ukbiilwc3xhnmby4mcbccnsd7j2rekvqd[.]onion/site/blog?uuid=a58b449a-45a2-4af5-980c-aefd514b7c08,hxxp://ijzn3sicrcy7guixkzjkib4ukbiilwc3xhnmby4mcbccnsd7j2rekvqd[.]onion/?page=42,United States,official_website,"Contact address lists: 700 E Godfrey Avenue Philadelphia, PA 19124, along with US phone numbers (215-537-5200) and references to Venture Metals HQ in Dallas, TX.",High,enriched
Qilin,1317,42,Shadow Wood Community Association,Membership Organizations,hxxps://www.swcaonline.com/,"Nov 6, 2025",30489,37.00 GB,37,hxxp://ijzn3sicrcy7guixkzjkib4ukbiilwc3xhnmby4mcbccnsd7j2rekvqd[.]onion/site/blog?uuid=997876c7-f8a3-489c-a856-75b787b90d7b,hxxp://ijzn3sicrcy7guixkzjkib4ukbiilwc3xhnmby4mcbccnsd7j2rekvqd[.]onion/?page=42,United States,official_website,"Contact address lists Estero, FL 34135, and text mentions 'your Florida home'.",High,enriched
Qilin,1315,42,BMG Of Kansas,Industrial Machinery & Equipment,hxxps://www.bmgks.com/,"Nov 6, 2025",490670,192.00 GB,192,hxxp://ijzn3sicrcy7guixkzjkib4ukbiilwc3xhnmby4mcbccnsd7j2rekvqd[.]onion/site/blog?uuid=d3f0f930-eb53-4cf0-9614-b4debc188c33,hxxp://ijzn3sicrcy7guixkzjkib4ukbiilwc3xhnmby4mcbccnsd7j2rekvqd[.]onion/?page=42,United States,official_website,"BMG of Kansas, Inc. is a family-owned and operated contract manufacturer based in Hesston, Kansas. Contact address: 606 Commerce Drive Hesston, KS 67062",High,enriched
Qilin,1314,42,Noble Compaña de Seguros,Insurance,hxxps://www.nobleseguros.com/,"Nov 6, 2025",2764,370.00 GB,370,hxxp://ijzn3sicrcy7guixkzjkib4ukbiilwc3xhnmby4mcbccnsd7j2rekvqd[.]onion/site/blog?uuid=9391c51f-bbde-48d6-912a-5a0d3b1ca59f,hxxp://ijzn3sicrcy7guixkzjkib4ukbiilwc3xhnmby4mcbccnsd7j2rekvqd[.]onion/?page=42,Argentina,official_website,"Mention of 'Superintendencia de Seguros de la Nación', www.argentina.gob.ar/ssn, and registered address: 'Av. Leandro N. Alem 986 Piso 11° (C1001AAR) Buenos Aires'.",High,enriched
Qilin,1313,42,Francehopital,Consumer Services,hxxps://www.francehopital.com/,"Nov 5, 2025",1460383,279.00 GB,279,hxxp://ijzn3sicrcy7guixkzjkib4ukbiilwc3xhnmby4mcbccnsd7j2rekvqd[.]onion/site/blog?uuid=fb2734f8-5796-445a-bb59-fd8a5d3d7926,hxxp://ijzn3sicrcy7guixkzjkib4ukbiilwc3xhnmby4mcbccnsd7j2rekvqd[.]onion/?page=42,France,official_website,French Headquarters Z.I. Ouest – 27 Rue Georges Besse B.P. 50030 67151 ERSTEIN Cedex FRANCE,High,enriched
Qilin,1312,42,"Enessance Holdings Co., Ltd","Electricity, Oil & Gas",hxxps://www.enessance.co.jp/,"Nov 5, 2025",0,12.00 GB,12,hxxp://ijzn3sicrcy7guixkzjkib4ukbiilwc3xhnmby4mcbccnsd7j2rekvqd[.]onion/site/blog?uuid=46e3f56a-f2cb-4cd9-a1d6-e9b4d7a59f6d,hxxp://ijzn3sicrcy7guixkzjkib4ukbiilwc3xhnmby4mcbccnsd7j2rekvqd[.]onion/?page=42,Japan,domain_tld,Company URL uses the country-code domain suffix .co.jp; verify against headquarters evidence.,Medium,tld_inferred
Qilin,1310,42,Durvet,Healthcare Services,hxxps://www.durvet.com/,"Nov 5, 2025",114311,148.00 GB,148,hxxp://ijzn3sicrcy7guixkzjkib4ukbiilwc3xhnmby4mcbccnsd7j2rekvqd[.]onion/site/blog?uuid=5df14ac6-e0e0-41d6-974b-bbb0da6ecbf5,hxxp://ijzn3sicrcy7guixkzjkib4ukbiilwc3xhnmby4mcbccnsd7j2rekvqd[.]onion/?page=42,United States,official_website,"Meta description states: 'Durvet first opened it's doors in 1970 and is located in Blue Springs, MO.'",High,enriched
Qilin,1309,42,RBB Architects,Construction,hxxps://www.rbbinc.com/,"Nov 4, 2025",118704,570.00 GB,570,hxxp://ijzn3sicrcy7guixkzjkib4ukbiilwc3xhnmby4mcbccnsd7j2rekvqd[.]onion/site/blog?uuid=5d28a4e2-2fe8-4640-9adb-f78968f4b421,hxxp://ijzn3sicrcy7guixkzjkib4ukbiilwc3xhnmby4mcbccnsd7j2rekvqd[.]onion/?page=42,Unknown,unknown,"No official website metadata, address, or registration details were provided in the evidence to determine the headquarters or primary registration country.",Unknown,unknown
Qilin,1308,42,Maine Course Hospitality Group,Hospitality,hxxp://mchg.com,"Nov 4, 2025",407838,245.00 GB,245,hxxp://ijzn3sicrcy7guixkzjkib4ukbiilwc3xhnmby4mcbccnsd7j2rekvqd[.]onion/site/blog?uuid=1565b601-fff7-40b0-bf7d-770c7c3de352,hxxp://ijzn3sicrcy7guixkzjkib4ukbiilwc3xhnmby4mcbccnsd7j2rekvqd[.]onion/?page=42,United States,official_website,"Contact address lists: 15 Main Street, Suite 210 / Freeport, Maine 04032",High,enriched
Qilin,1306,42,Mango's Tropical Cafe,Hospitality,hxxps://www.mangos.com/,"Nov 4, 2025",0,250.00 GB,250,hxxp://ijzn3sicrcy7guixkzjkib4ukbiilwc3xhnmby4mcbccnsd7j2rekvqd[.]onion/site/blog?uuid=467456b9-a90b-43f3-a186-8135e127bfc6,hxxp://ijzn3sicrcy7guixkzjkib4ukbiilwc3xhnmby4mcbccnsd7j2rekvqd[.]onion/?page=42,United States,official_website,"Meta description and visible text reference 'Orlando & South Beach', which are well-known locations in Florida, United States.",High,enriched
Qilin,1305,42,Centro de Formación San Nicolás,Education,hxxps://www.cfsannicolas.com/,"Nov 4, 2025",236493,95.00 GB,95,hxxp://ijzn3sicrcy7guixkzjkib4ukbiilwc3xhnmby4mcbccnsd7j2rekvqd[.]onion/site/blog?uuid=ee2ab9c8-8d25-46f6-b0bd-246fdc49313d,hxxp://ijzn3sicrcy7guixkzjkib4ukbiilwc3xhnmby4mcbccnsd7j2rekvqd[.]onion/?page=42,Unknown,unknown,,Unknown,unknown
Qilin,1304,42,Jason Finch & Associates,Law Firms & Legal Services,hxxps://www.jasonfinchlaw.com/,"Nov 3, 2025",0,22.00 GB,22,hxxp://ijzn3sicrcy7guixkzjkib4ukbiilwc3xhnmby4mcbccnsd7j2rekvqd[.]onion/site/blog?uuid=a33cb6ff-e2cc-4d74-8801-1a78bb6f9c0f,hxxp://ijzn3sicrcy7guixkzjkib4ukbiilwc3xhnmby4mcbccnsd7j2rekvqd[.]onion/?page=42,United States,official_website,"We are located in Omaha, NE. Our main office is in Omaha, NE: 212 S 74th St #100, Omaha, NE 68114... Our other office location is in Storm Lake, Iowa: 205 Flindt Dr, Suite 3 Storm Lake, IA 50588",High,enriched
Qilin,1303,42,Deco Dental,Healthcare Services,hxxps://www.decodental.com/,"Nov 2, 2025",0,24.00 GB,24,hxxp://ijzn3sicrcy7guixkzjkib4ukbiilwc3xhnmby4mcbccnsd7j2rekvqd[.]onion/site/blog?uuid=30412835-1e7e-4f36-9bef-86705bca4e5f,hxxp://ijzn3sicrcy7guixkzjkib4ukbiilwc3xhnmby4mcbccnsd7j2rekvqd[.]onion/?page=42,United States,official_website,"The website explicitly lists the address: '1391 Smizer Mill Road #104 • Fenton MO 63026' and mentions serving 'Fenton, Missouri'.",High,enriched
Qilin,1302,42,ANCO,Business Services,hxxps://anco.es/,"Nov 2, 2025",34400,100.00 GB,100,hxxp://ijzn3sicrcy7guixkzjkib4ukbiilwc3xhnmby4mcbccnsd7j2rekvqd[.]onion/site/blog?uuid=5334d23b-f6a3-4b9f-990c-e6d7de5221aa,hxxp://ijzn3sicrcy7guixkzjkib4ukbiilwc3xhnmby4mcbccnsd7j2rekvqd[.]onion/?page=42,Spain,domain_tld,Company URL uses the country-code domain suffix .es; verify against headquarters evidence.,Medium,tld_inferred
Qilin,1301,42,Red Phoenix Construction,Construction,hxxps://www.redphoenixconstruction.com/,"Nov 1, 2025",4303,15.00 GB,15,hxxp://ijzn3sicrcy7guixkzjkib4ukbiilwc3xhnmby4mcbccnsd7j2rekvqd[.]onion/site/blog?uuid=1052dce8-44d1-438a-b326-e439bbb01349,hxxp://ijzn3sicrcy7guixkzjkib4ukbiilwc3xhnmby4mcbccnsd7j2rekvqd[.]onion/?page=42,United States,official_website,"Visible text states the company is located in 'Topsfield, MA' and provides a contact address: '363 Boston Street, Unit 2, Topsfield, MA 01983' (Massachusetts, USA).",High,enriched
Qilin,1300,42,Gun Accessory Supply,Business Services,hxxps://www.gunaccessorysupply.com/,"Oct 31, 2025",,,,hxxp://ijzn3sicrcy7guixkzjkib4ukbiilwc3xhnmby4mcbccnsd7j2rekvqd[.]onion/site/blog?uuid=8fa9f65c-8027-4b19-abfb-ffd39f84c9d4,hxxp://ijzn3sicrcy7guixkzjkib4ukbiilwc3xhnmby4mcbccnsd7j2rekvqd[.]onion/?page=42,Unknown,unknown,,Unknown,unknown
Qilin,1299,42,Disseny Dental,Healthcare Services,hxxps://dissenydental.com,"Oct 30, 2025",3960,5.00 GB,5,hxxp://ijzn3sicrcy7guixkzjkib4ukbiilwc3xhnmby4mcbccnsd7j2rekvqd[.]onion/site/blog?uuid=d194b7d6-d9ca-46b8-bf35-d02cbd4f13d1,hxxp://ijzn3sicrcy7guixkzjkib4ukbiilwc3xhnmby4mcbccnsd7j2rekvqd[.]onion/?page=42,Spain,official_website,"The contact address listed on the official website is 'C/ Enric d'Ossó n.3, local A 43500 Tortosa (Tarragona)', and the text mentions Tortosa and Tarragona, which are locations in Spain.",High,enriched
Qilin,1296,42,FA Servers,Consumer Electronics & Computers Retail,hxxp://www.faserver.ca,"Oct 30, 2025",22340,10.00 GB,10,hxxp://ijzn3sicrcy7guixkzjkib4ukbiilwc3xhnmby4mcbccnsd7j2rekvqd[.]onion/site/blog?uuid=422ec053-9de4-44c9-9f6d-779151d260fc,hxxp://ijzn3sicrcy7guixkzjkib4ukbiilwc3xhnmby4mcbccnsd7j2rekvqd[.]onion/?page=42,Canada,domain_tld,Company URL uses the country-code domain suffix .ca; verify against headquarters evidence.,Medium,tld_inferred
Qilin,1294,42,Magicline,Commercial & Residential Construction,hxxps://www.magicline.com/,"Oct 30, 2025",,,,hxxp://ijzn3sicrcy7guixkzjkib4ukbiilwc3xhnmby4mcbccnsd7j2rekvqd[.]onion/site/blog?uuid=3564aebc-faf8-49b9-814e-1984fd55b707,hxxp://ijzn3sicrcy7guixkzjkib4ukbiilwc3xhnmby4mcbccnsd7j2rekvqd[.]onion/?page=42,Unknown,unknown,,Unknown,unknown
Qilin,1292,43,Price & Ramey Insurance,Insurance,hxxps://www.priceramey.com/,"Oct 29, 2025",254378,132.00 GB,132,hxxp://ijzn3sicrcy7guixkzjkib4ukbiilwc3xhnmby4mcbccnsd7j2rekvqd[.]onion/site/blog?uuid=820deceb-4de5-42fa-ad45-5bf26fb66859,hxxp://ijzn3sicrcy7guixkzjkib4ukbiilwc3xhnmby4mcbccnsd7j2rekvqd[.]onion/?page=43,United States,official_website,"Corporate Office and Regional Branches listed in Kingsport, TN, Johnson City, TN, Bristol, TN, Morristown, TN, Tazewell, TN (Tennessee, USA).",High,enriched
Qilin,1291,43,Malibu Boats Australia,Manufacturing,hxxps://www.malibuboats.com.au/,"Oct 29, 2025",148538,160.00 GB,160,hxxp://ijzn3sicrcy7guixkzjkib4ukbiilwc3xhnmby4mcbccnsd7j2rekvqd[.]onion/site/blog?uuid=359c448e-6adf-41a4-a015-80cf67a6440c,hxxp://ijzn3sicrcy7guixkzjkib4ukbiilwc3xhnmby4mcbccnsd7j2rekvqd[.]onion/?page=43,Australia,domain_tld,Company URL uses the country-code domain suffix .com.au; verify against headquarters evidence.,Medium,tld_inferred
Qilin,1289,43,Altimedia,Broadcasting,hxxps://www.altimedia.com/,"Oct 29, 2025",0,70.00 GB,70,hxxp://ijzn3sicrcy7guixkzjkib4ukbiilwc3xhnmby4mcbccnsd7j2rekvqd[.]onion/site/blog?uuid=00c23434-053a-4592-9628-6d6b0ec7c8f4,hxxp://ijzn3sicrcy7guixkzjkib4ukbiilwc3xhnmby4mcbccnsd7j2rekvqd[.]onion/?page=43,Unknown,unknown,No official website metadata or other reliable textual evidence was supplied to determine the headquarters or primary registration country.,Unknown,unknown
Qilin,1287,43,alissco.com,Accounting Services,hxxp://alissco.com/,"Oct 29, 2025",0,423.00 GB,423,hxxp://ijzn3sicrcy7guixkzjkib4ukbiilwc3xhnmby4mcbccnsd7j2rekvqd[.]onion/site/blog?uuid=63ae3706-250a-4084-b2f9-8b611820ed93,hxxp://ijzn3sicrcy7guixkzjkib4ukbiilwc3xhnmby4mcbccnsd7j2rekvqd[.]onion/?page=43,Unknown,unknown,,Unknown,unknown
Qilin,1286,43,chirhochiropractic.com,0,hxxps://www.chirhochiropractic.com/,"Oct 29, 2025",0,70.00 GB,70,hxxp://ijzn3sicrcy7guixkzjkib4ukbiilwc3xhnmby4mcbccnsd7j2rekvqd[.]onion/site/blog?uuid=bcabb48c-481b-47c8-80d1-2412b77e220e,hxxp://ijzn3sicrcy7guixkzjkib4ukbiilwc3xhnmby4mcbccnsd7j2rekvqd[.]onion/?page=43,United States,official_website,"The website text mentions 'Morganfield's Clinic for Functional Medicine and Chiropractic Care' and a US telephone area code (270-389-9696, corresponding to Kentucky, United States).",High,enriched
Qilin,1285,43,"Kaufman County, Texas",Government,hxxps://kaufmancounty.net/,"Oct 29, 2025",,,,hxxp://ijzn3sicrcy7guixkzjkib4ukbiilwc3xhnmby4mcbccnsd7j2rekvqd[.]onion/site/blog?uuid=80d92a68-694e-479f-8413-7a10818f40fe,hxxp://ijzn3sicrcy7guixkzjkib4ukbiilwc3xhnmby4mcbccnsd7j2rekvqd[.]onion/?page=43,United States,official_website,"Kaufman County, Texas; Kaufman County Justice Center (Main Courthouse) 1902 E. US Highway 175 Kaufman, TX 75142; US Census Bureau",High,enriched
Qilin,1284,43,upea.com,Civil Engineering Construction,hxxps://www.upea.com/,"Oct 29, 2025",0,534.00 GB,534,hxxp://ijzn3sicrcy7guixkzjkib4ukbiilwc3xhnmby4mcbccnsd7j2rekvqd[.]onion/site/blog?uuid=d3e3466b-f69e-4827-ab55-afe86962f8d2,hxxp://ijzn3sicrcy7guixkzjkib4ukbiilwc3xhnmby4mcbccnsd7j2rekvqd[.]onion/?page=43,United States,official_website,"The company operates in Houghton, MI, Iron Mountain, MI, Ishpeming, MI, Marinette, WI, and Sault Ste. Marie, MI, serving the Upper Peninsula and Northern Wisconsin, and mentions Upper Michigan.",High,enriched
Qilin,1283,43,renrns.com,Consumer Electronics & Computers Retail,hxxps://renrns.com/,"Oct 29, 2025",0,100.00 GB,100,hxxp://ijzn3sicrcy7guixkzjkib4ukbiilwc3xhnmby4mcbccnsd7j2rekvqd[.]onion/site/blog?uuid=69ad87b8-ff29-47f3-b7e8-34684d2d2e32,hxxp://ijzn3sicrcy7guixkzjkib4ukbiilwc3xhnmby4mcbccnsd7j2rekvqd[.]onion/?page=43,Canada,official_website,"Headquarters ... 425 Legget Dr, Kanata, ON K2K 2W2",High,enriched
Qilin,1281,43,Truro Cannabis,Grocery Retail,hxxp://www.trurocannabis.ca,"Oct 29, 2025",0,160.00 GB,160,hxxp://ijzn3sicrcy7guixkzjkib4ukbiilwc3xhnmby4mcbccnsd7j2rekvqd[.]onion/site/blog?uuid=1a3c205a-5e8f-451d-8f81-bcfa432250bf,hxxp://ijzn3sicrcy7guixkzjkib4ukbiilwc3xhnmby4mcbccnsd7j2rekvqd[.]onion/?page=43,Canada,domain_tld,Company URL uses the country-code domain suffix .ca; verify against headquarters evidence.,Medium,tld_inferred
Qilin,1280,43,Super Value,Hospitality,hxxps://www.supervalue.jp/,"Oct 29, 2025",,,,hxxp://ijzn3sicrcy7guixkzjkib4ukbiilwc3xhnmby4mcbccnsd7j2rekvqd[.]onion/site/blog?uuid=63727177-a039-40d5-a0e6-19ade2574808,hxxp://ijzn3sicrcy7guixkzjkib4ukbiilwc3xhnmby4mcbccnsd7j2rekvqd[.]onion/?page=43,Japan,domain_tld,Company URL uses the country-code domain suffix .jp; verify against headquarters evidence.,Medium,tld_inferred
Qilin,1279,43,Tanya Creations,Business Services,hxxps://www.tanyacreations.com/,"Oct 29, 2025",31968,37.00 GB,37,hxxp://ijzn3sicrcy7guixkzjkib4ukbiilwc3xhnmby4mcbccnsd7j2rekvqd[.]onion/site/blog?uuid=07138e3b-6c56-4817-8099-9dccb2d91fa5,hxxp://ijzn3sicrcy7guixkzjkib4ukbiilwc3xhnmby4mcbccnsd7j2rekvqd[.]onion/?page=43,United States,official_website,"Tanya Creations 25 Sharpe Drive Cranston, Rhode Island 02920",High,enriched
Qilin,1278,43,Southern Specialty & Supply,Civil Engineering Construction,hxxps://www.southernspecialtysupply.com,"Oct 29, 2025",12976,8.00 GB,8,hxxp://ijzn3sicrcy7guixkzjkib4ukbiilwc3xhnmby4mcbccnsd7j2rekvqd[.]onion/site/blog?uuid=e40df567-75ee-4807-95de-68ff490994c1,hxxp://ijzn3sicrcy7guixkzjkib4ukbiilwc3xhnmby4mcbccnsd7j2rekvqd[.]onion/?page=43,United States,official_website,"Our office is located at 212 Magnolia St., Houma, LA 70360... United States",High,enriched
Qilin,1277,43,Ndi Engineering,Civil Engineering Construction,hxxps://ndieng.com/,"Oct 29, 2025",0,298.00 GB,298,hxxp://ijzn3sicrcy7guixkzjkib4ukbiilwc3xhnmby4mcbccnsd7j2rekvqd[.]onion/site/blog?uuid=09c8a25a-08d3-4ab6-a88f-3faa59e07dd7,hxxp://ijzn3sicrcy7guixkzjkib4ukbiilwc3xhnmby4mcbccnsd7j2rekvqd[.]onion/?page=43,United States,official_website,"Headquarters address listed as 100 Grove Road, P.O. Box 518, Thorofare, NJ 08086, along with offices in New Jersey, Pennsylvania, and Virginia, and references to supporting the Department of Defense and Department of State.",High,enriched
Qilin,1276,43,reesegroupinc.com,Food & Beverage,hxxps://reesegroupinc.com/,"Oct 29, 2025",7951,19.00 GB,19,hxxp://ijzn3sicrcy7guixkzjkib4ukbiilwc3xhnmby4mcbccnsd7j2rekvqd[.]onion/site/blog?uuid=ebc9e8cb-b3e4-4b1a-8ebf-4039c1fbc11f,hxxp://ijzn3sicrcy7guixkzjkib4ukbiilwc3xhnmby4mcbccnsd7j2rekvqd[.]onion/?page=43,United States,official_website,"Contact Address 2820 Bransford Ave Nashville, TN 37204; United States; Nashville, Tennessee",High,enriched
Qilin,1275,43,Fairfield City Council,Government,hxxp://fairfieldcity.nsw.gov.au,"Oct 29, 2025",149893,180.00 GB,180,hxxp://ijzn3sicrcy7guixkzjkib4ukbiilwc3xhnmby4mcbccnsd7j2rekvqd[.]onion/site/blog?uuid=6c896ee2-5e0e-4e04-8996-ac213d54c12d,hxxp://ijzn3sicrcy7guixkzjkib4ukbiilwc3xhnmby4mcbccnsd7j2rekvqd[.]onion/?page=43,Australia,domain_tld,Company URL uses the country-code domain suffix .au; verify against headquarters evidence.,Medium,tld_inferred
Qilin,1274,43,"Lorber, Greenfield & Polito, LLP",Law Firms & Legal Services,hxxps://www.lorberlaw.com/,"Oct 28, 2025",56584,162.00 GB,162,hxxp://ijzn3sicrcy7guixkzjkib4ukbiilwc3xhnmby4mcbccnsd7j2rekvqd[.]onion/site/blog?uuid=c3b8c3c5-b9ae-451d-920b-d90c5f4354f8,hxxp://ijzn3sicrcy7guixkzjkib4ukbiilwc3xhnmby4mcbccnsd7j2rekvqd[.]onion/?page=43,United States,official_website,"The webpage text mentions representing entities across the Western United States, being founded in San Diego, having offices in San Diego and San Francisco, and references recognition in America.",High,enriched
Qilin,1272,43,Microbix Biosystems,Manufacturing,hxxps://www.microbix.com/,"Oct 28, 2025",468459,"1,140.00 GB",1140,hxxp://ijzn3sicrcy7guixkzjkib4ukbiilwc3xhnmby4mcbccnsd7j2rekvqd[.]onion/site/blog?uuid=eebe0d72-fb5b-49d3-b5ce-4895bbe44de8,hxxp://ijzn3sicrcy7guixkzjkib4ukbiilwc3xhnmby4mcbccnsd7j2rekvqd[.]onion/?page=43,Canada,official_website,"Mention of DxTM Viral Transport Medium as an IVD medical device only available for sale in Canada, combined with company name 'Microbix Biosystems Inc.'",Medium,enriched
Qilin,1271,43,Productive Tool Products,Commercial & Residential Construction,hxxps://www.ptpsystems.com/,"Oct 28, 2025",0,9.00 GB,9,hxxp://ijzn3sicrcy7guixkzjkib4ukbiilwc3xhnmby4mcbccnsd7j2rekvqd[.]onion/site/blog?uuid=cd7c550c-b306-415e-9a86-5a16a4740088,hxxp://ijzn3sicrcy7guixkzjkib4ukbiilwc3xhnmby4mcbccnsd7j2rekvqd[.]onion/?page=43,Unknown,unknown,"No official website metadata, address, or registration details were provided in the supplied evidence.",Unknown,unknown
Qilin,1269,43,Double Oak Construction,"Electricity, Oil & Gas",hxxps://www.doubleoakinc.com/,"Oct 27, 2025",26471,80.00 GB,80,hxxp://ijzn3sicrcy7guixkzjkib4ukbiilwc3xhnmby4mcbccnsd7j2rekvqd[.]onion/site/blog?uuid=603db284-2c5e-49cb-8651-471cb93dbff1,hxxp://ijzn3sicrcy7guixkzjkib4ukbiilwc3xhnmby4mcbccnsd7j2rekvqd[.]onion/?page=43,United States,official_website,"The webpage text mentions services in the Greater Houston Area, San Antonio, and Austin, along with US telephone area codes (281 and 210), identifying the location as Texas, United States.",High,enriched
Qilin,1262,43,COTTAGE,0,hxxps://www.cottagehospital.org/,"Oct 27, 2025",400000,435.00 GB,435,hxxp://ijzn3sicrcy7guixkzjkib4ukbiilwc3xhnmby4mcbccnsd7j2rekvqd[.]onion/site/blog?uuid=25e313b0-c0bb-4478-be94-e1cbce34df7c,hxxp://ijzn3sicrcy7guixkzjkib4ukbiilwc3xhnmby4mcbccnsd7j2rekvqd[.]onion/?page=43,Unknown,unknown,"The provided text contains only a company name ('COTTAGE') and a URL ('hxxps://www.cottagehospital.org/'). There is no explicit headquarters, registered-office, contact-address, or official registry evidence in the supplied data to determine the country conclusively.",Unknown,unknown
Qilin,1260,44,Valley Eye Associates,0,hxxps://www.valleyeye.com/,"Oct 26, 2025",180515,139.00 GB,139,hxxp://ijzn3sicrcy7guixkzjkib4ukbiilwc3xhnmby4mcbccnsd7j2rekvqd[.]onion/site/blog?uuid=307b9733-972a-47c9-a8ad-6e798d26d1b7,hxxp://ijzn3sicrcy7guixkzjkib4ukbiilwc3xhnmby4mcbccnsd7j2rekvqd[.]onion/?page=44,United States,official_website,"The website metadata and visible text explicitly mention locations in Wisconsin (Green Bay, Appleton, Oshkosh, Fox Valley) and refer to FDA-authorized treatment, indicating operations in the United States.",High,enriched
Qilin,1258,44,Gandía Palace Hotel,Hospitality,hxxps://www.gandiapalace.com/,"Oct 26, 2025",68075,39.00 GB,39,hxxp://ijzn3sicrcy7guixkzjkib4ukbiilwc3xhnmby4mcbccnsd7j2rekvqd[.]onion/site/blog?uuid=799441b4-0702-4803-8752-b74d05875357,hxxp://ijzn3sicrcy7guixkzjkib4ukbiilwc3xhnmby4mcbccnsd7j2rekvqd[.]onion/?page=44,Unknown,unknown,"None of the supplied evidence includes explicit headquarters, registered-office, or contact-address information to determine the company's registration country.",Unknown,unknown
Qilin,1254,44,South Alabama Regional Planning Commission,Accounting Services,hxxps://www.sarpc.org/,"Oct 26, 2025",0,0.00 KB,0,hxxp://ijzn3sicrcy7guixkzjkib4ukbiilwc3xhnmby4mcbccnsd7j2rekvqd[.]onion/site/blog?uuid=aa3cde2c-dddc-4cc8-af18-cf725652fdc8,hxxp://ijzn3sicrcy7guixkzjkib4ukbiilwc3xhnmby4mcbccnsd7j2rekvqd[.]onion/?page=44,United States,official_website,"Contact address lists: 110 Beauregard Street Suite 207 Mobile, AL 36602, and references to Southwestern Alabama and Mobile, Baldwin, and Escambia counties.",High,enriched
Qilin,1253,44,Warrnambool Bus Lines,Accounting Services,hxxps://www.warbus.com.au/,"Oct 25, 2025",50317,41.00 GB,41,hxxp://ijzn3sicrcy7guixkzjkib4ukbiilwc3xhnmby4mcbccnsd7j2rekvqd[.]onion/site/blog?uuid=5ae2f93f-2f0d-4050-b792-fffa19cd2ffa,hxxp://ijzn3sicrcy7guixkzjkib4ukbiilwc3xhnmby4mcbccnsd7j2rekvqd[.]onion/?page=44,Australia,domain_tld,Company URL uses the country-code domain suffix .com.au; verify against headquarters evidence.,Medium,tld_inferred
Qilin,1252,44,Essential Cabinetry Group,Accounting Services,hxxps://www.essentialcabinetrygroup.com/,"Oct 25, 2025",115344,250.00 GB,250,hxxp://ijzn3sicrcy7guixkzjkib4ukbiilwc3xhnmby4mcbccnsd7j2rekvqd[.]onion/site/blog?uuid=056b1740-8e7b-4fc2-a8fd-89a822f29c07,hxxp://ijzn3sicrcy7guixkzjkib4ukbiilwc3xhnmby4mcbccnsd7j2rekvqd[.]onion/?page=44,Unknown,unknown,"None of the supplied evidence explicitly mentions the headquarters, registered office, contact address, or primary registration country.",Unknown,unknown
Qilin,1251,44,Omrin,Non-Profit & Charitable Organizations,hxxps://www.omrin.nl/,"Oct 25, 2025",0,"1,100.00 GB",1100,hxxp://ijzn3sicrcy7guixkzjkib4ukbiilwc3xhnmby4mcbccnsd7j2rekvqd[.]onion/site/blog?uuid=801b0d0f-5979-4868-abb8-3d16dba1756d,hxxp://ijzn3sicrcy7guixkzjkib4ukbiilwc3xhnmby4mcbccnsd7j2rekvqd[.]onion/?page=44,Netherlands,domain_tld,Company URL uses the country-code domain suffix .nl; verify against headquarters evidence.,Medium,tld_inferred
Qilin,1247,44,Malgor,Grocery Retail,hxxp://malgorpr.com,"Oct 24, 2025",101983,50.00 GB,50,hxxp://ijzn3sicrcy7guixkzjkib4ukbiilwc3xhnmby4mcbccnsd7j2rekvqd[.]onion/site/blog?uuid=94359f30-723d-4063-901f-982abde90f1e,hxxp://ijzn3sicrcy7guixkzjkib4ukbiilwc3xhnmby4mcbccnsd7j2rekvqd[.]onion/?page=44,Puerto Rico,official_website,"Malgor & Co., Inc. comenzó su historia el 1 de julio de 1926 en San Juan... centro de distribución en Cataño... Carr. 5 km 3.5 Cataño, Puerto Rico",High,enriched
Qilin,1246,44,Grupo Promasa,Building Materials,hxxp://promasa.hn,"Oct 24, 2025",34780,30.00 GB,30,hxxp://ijzn3sicrcy7guixkzjkib4ukbiilwc3xhnmby4mcbccnsd7j2rekvqd[.]onion/site/blog?uuid=5247019b-8810-413f-89b7-5eea587ecf16,hxxp://ijzn3sicrcy7guixkzjkib4ukbiilwc3xhnmby4mcbccnsd7j2rekvqd[.]onion/?page=44,Honduras,official_website,The official website title and content explicitly state 'Promasa Honduras' and use the country code top-level domain '.hn' corresponding to Honduras.,High,enriched
Qilin,1245,44,Doha British School,Accounting Services,hxxp:// www.dohabritishschool.com,"Oct 24, 2025",218992,481.00 GB,481,hxxp://ijzn3sicrcy7guixkzjkib4ukbiilwc3xhnmby4mcbccnsd7j2rekvqd[.]onion/site/blog?uuid=9cac1757-c2f7-4ede-b30a-727277248558,hxxp://ijzn3sicrcy7guixkzjkib4ukbiilwc3xhnmby4mcbccnsd7j2rekvqd[.]onion/?page=44,Unknown,unknown,"The provided text only contains the company name, sector, and URL. There is no official headquarters address, registration country, or reliable company profile evidence in the text.",Unknown,unknown
Qilin,1243,44,SIGN Fracture Care International,Accounting Services,hxxp://www.signfracturecare.org,"Oct 23, 2025",55466,124.00 GB,124,hxxp://ijzn3sicrcy7guixkzjkib4ukbiilwc3xhnmby4mcbccnsd7j2rekvqd[.]onion/site/blog?uuid=0b0c2690-6588-49dd-8ef1-77231c4187de,hxxp://ijzn3sicrcy7guixkzjkib4ukbiilwc3xhnmby4mcbccnsd7j2rekvqd[.]onion/?page=44,United States,official_website,"SIGN Fracture Care, 451 Hills St, Ste B, Richland, WA 99354",High,enriched
Qilin,1242,44,Winholt Equipment Group,Accounting Services,hxxp://www.winholt.com,"Oct 23, 2025",25092,57.00 GB,57,hxxp://ijzn3sicrcy7guixkzjkib4ukbiilwc3xhnmby4mcbccnsd7j2rekvqd[.]onion/site/blog?uuid=9f6de434-157a-4aa8-85d6-7e19a25b2c6c,hxxp://ijzn3sicrcy7guixkzjkib4ukbiilwc3xhnmby4mcbccnsd7j2rekvqd[.]onion/?page=44,United States,official_website,"Headquartered in Woodbury, NY, with manufacturing facilities in Pennsylvania, Texas, and California",High,enriched
Qilin,1241,44,Kudela & Weinheimer,Accounting Services,hxxp://www.kwtexas.com,"Oct 23, 2025",227326,808.00 GB,808,hxxp://ijzn3sicrcy7guixkzjkib4ukbiilwc3xhnmby4mcbccnsd7j2rekvqd[.]onion/site/blog?uuid=f1027fef-497d-4b1d-87c1-7f8d8e2f2d35,hxxp://ijzn3sicrcy7guixkzjkib4ukbiilwc3xhnmby4mcbccnsd7j2rekvqd[.]onion/?page=44,United States,official_website,"Offices located in Austin, Houston, Indianapolis, and San Antonio; addresses provided with TX and IN state abbreviations and US telephone numbers (e.g., Houston, HQ 6925 Portwest Dr, Suite 100 Houston, TX 77024).",High,enriched
Qilin,1240,44,IREM companies,Membership Organizations,hxxps://www.irem.org/,"Oct 23, 2025",17667,"1,830.00 GB",1830,hxxp://ijzn3sicrcy7guixkzjkib4ukbiilwc3xhnmby4mcbccnsd7j2rekvqd[.]onion/site/blog?uuid=b0fdae30-55f1-4248-8e50-acbdf0461fad,hxxp://ijzn3sicrcy7guixkzjkib4ukbiilwc3xhnmby4mcbccnsd7j2rekvqd[.]onion/?page=44,Unknown,unknown,"The provided text mentions terms like 'Capitol Hill' which often implies the United States, but lacks explicit address, registration, or headquarters country data in the visible text to definitively confirm the primary registration country.",Unknown,unknown
Qilin,1238,44,Gericke AG,Industrial Machinery & Equipment,hxxps://www.gerickegroup.com,"Oct 23, 2025",147723,300.00 GB,300,hxxp://ijzn3sicrcy7guixkzjkib4ukbiilwc3xhnmby4mcbccnsd7j2rekvqd[.]onion/site/blog?uuid=a2f0b84a-8d2e-4dfa-9cf6-1eb22c7cc39c,hxxp://ijzn3sicrcy7guixkzjkib4ukbiilwc3xhnmby4mcbccnsd7j2rekvqd[.]onion/?page=44,Unknown,unknown,"The provided webpage text mentions 'Gericke AG' and various international languages/regions (DE, FR, CN, ES, PT, NL, IT, EN-US, TH, ID) but does not explicitly state the specific country of headquarters or registration within the visible text.",Unknown,unknown
Qilin,1237,44,Clayco Electric,Accounting Services,hxxp://www.claycoelectric.com,"Oct 22, 2025",15440,31.00 GB,31,hxxp://ijzn3sicrcy7guixkzjkib4ukbiilwc3xhnmby4mcbccnsd7j2rekvqd[.]onion/site/blog?uuid=696171a4-3986-4c69-ae81-bf2fa09f0339,hxxp://ijzn3sicrcy7guixkzjkib4ukbiilwc3xhnmby4mcbccnsd7j2rekvqd[.]onion/?page=44,United States,official_website,"Headquarted in North Kansas City, MO since 1955; Contact: 319 East 11th Avenue North Kansas City, MO 64116",High,enriched
Qilin,1224,44,More Than Gourmet,Food & Beverage,hxxp://www.morethangourmet.com,"Oct 22, 2025",345407,126.00 GB,126,hxxp://ijzn3sicrcy7guixkzjkib4ukbiilwc3xhnmby4mcbccnsd7j2rekvqd[.]onion/site/blog?uuid=81743365-2771-40b6-afd2-2c86361a0dc8,hxxp://ijzn3sicrcy7guixkzjkib4ukbiilwc3xhnmby4mcbccnsd7j2rekvqd[.]onion/?page=44,United States,official_website,"Akron, OH Home of the More Than Gourmet® brand, our Akron facility produces stocks, broths, and sauce concentrates...",High,enriched
Qilin,1223,44,Magna Hospitality Group,Real Estate,hxxp://www.magnahospitality.com,"Oct 22, 2025",363190,385.00 GB,385,hxxp://ijzn3sicrcy7guixkzjkib4ukbiilwc3xhnmby4mcbccnsd7j2rekvqd[.]onion/site/blog?uuid=65690307-27ab-43e6-96ab-67f7254c02cf,hxxp://ijzn3sicrcy7guixkzjkib4ukbiilwc3xhnmby4mcbccnsd7j2rekvqd[.]onion/?page=44,United States,official_website,"The website mentions operations starting on the East Coast and growing into a nationally recognized company managing more than 19,300 guest rooms 'across the country' (referring to the United States, given typical context for such phrasing and references to standard U.S. hotel brands like Marriott, Hilton, Hyatt, etc.), but lacks an explicit physical address.",Low,enriched
Qilin,1218,44,Applied Technology Resources,Accounting Services,hxxp://www.appliedtechres.com,"Oct 22, 2025",0,195.00 GB,195,hxxp://ijzn3sicrcy7guixkzjkib4ukbiilwc3xhnmby4mcbccnsd7j2rekvqd[.]onion/site/blog?uuid=bbba1d8e-7bb7-4265-b021-dda328e777dc,hxxp://ijzn3sicrcy7guixkzjkib4ukbiilwc3xhnmby4mcbccnsd7j2rekvqd[.]onion/?page=44,Unknown,unknown,"No official website text, registry data, or contact address was provided in the evidence to determine the headquarters or primary registration country.",Unknown,unknown
Qilin,1216,44,GURBAG,Banking,hxxp://www.gurbag.com,"Oct 21, 2025",100000,140.00 GB,140,hxxp://ijzn3sicrcy7guixkzjkib4ukbiilwc3xhnmby4mcbccnsd7j2rekvqd[.]onion/site/blog?uuid=d73eff61-9b55-4167-bca1-df31b8922250,hxxp://ijzn3sicrcy7guixkzjkib4ukbiilwc3xhnmby4mcbccnsd7j2rekvqd[.]onion/?page=44,Turkey,official_website,"Meta description states: 'GÜRBAĞ GRUP Türkiye’nin önde gelen sağlam yapılı...' and text references multiple projects in Turkey (e.g., Ankara - Türkiye, Şanlıurfa - Türkiye, T.C. Sağlık Bakanlığı Samsun Şehir Hastanesi).",High,enriched
Qilin,1215,44,Gainesville Regional Airport,Accounting Services,hxxp://www.flygainesville.com,"Oct 19, 2025",191372,205.00 GB,205,hxxp://ijzn3sicrcy7guixkzjkib4ukbiilwc3xhnmby4mcbccnsd7j2rekvqd[.]onion/site/blog?uuid=b8cd05d6-6e62-4825-b075-c3546859ab88,hxxp://ijzn3sicrcy7guixkzjkib4ukbiilwc3xhnmby4mcbccnsd7j2rekvqd[.]onion/?page=44,United States,official_website,"References to Gainesville, FL, Alachua, FL, and the Gainesville-Alachua County Regional Airport Authority in the official website text indicate the airport is located in Florida, United States.",High,enriched
Qilin,1202,45,Stowaway Storage,Accounting Services,hxxps://www.stowawaystoragect.com/,"Oct 19, 2025",33962,104.00 GB,104,hxxp://ijzn3sicrcy7guixkzjkib4ukbiilwc3xhnmby4mcbccnsd7j2rekvqd[.]onion/site/blog?uuid=6f27a276-4f0f-4e3d-94fb-c43568bbc9dc,hxxp://ijzn3sicrcy7guixkzjkib4ukbiilwc3xhnmby4mcbccnsd7j2rekvqd[.]onion/?page=45,United States,official_website,"The visible text mentions locations in North Haven, Connecticut, gives an address at 128 Quinnipiac Ave. North Haven, CT 06473, and references the Connecticut area.",High,enriched
Qilin,1187,45,Integrasoft,Software,hxxp://www.integrasoft.com,"Oct 19, 2025",108274,21.00 GB,21,hxxp://ijzn3sicrcy7guixkzjkib4ukbiilwc3xhnmby4mcbccnsd7j2rekvqd[.]onion/site/blog?uuid=30f9c08c-cadb-4647-b29b-fa90a9a5b0da,hxxp://ijzn3sicrcy7guixkzjkib4ukbiilwc3xhnmby4mcbccnsd7j2rekvqd[.]onion/?page=45,Unknown,unknown,,Unknown,unknown
Qilin,1186,45,Long Island Weight Loss Institute,Accounting Services,hxxp://www.liwli.com,"Oct 19, 2025",52713,13.00 GB,13,hxxp://ijzn3sicrcy7guixkzjkib4ukbiilwc3xhnmby4mcbccnsd7j2rekvqd[.]onion/site/blog?uuid=9f76de2a-502b-4670-a94a-d5c296994226,hxxp://ijzn3sicrcy7guixkzjkib4ukbiilwc3xhnmby4mcbccnsd7j2rekvqd[.]onion/?page=45,United States,official_website,"The webpage text references multiple locations in Long Island (East Meadow, Amityville, Smithtown, Port Jefferson Station) and states that the institute has been helping Long Island since 2001, explicitly placing it in the United States.",High,enriched
Qilin,1184,45,Packaging Concepts + Design,Business Services,hxxps://spgpackaging.com/,"Oct 16, 2025",95800,56.00 GB,56,hxxp://ijzn3sicrcy7guixkzjkib4ukbiilwc3xhnmby4mcbccnsd7j2rekvqd[.]onion/site/blog?uuid=cbfe46b9-9d77-486a-ae3d-fa5e5ada44e0,hxxp://ijzn3sicrcy7guixkzjkib4ukbiilwc3xhnmby4mcbccnsd7j2rekvqd[.]onion/?page=45,United States,official_website,"With more than 50 design engineers and 30+ in-house manufacturing facilities throughout the United States, Mexico and Canada, SPG is delivering innovative, sustainable packaging solutions throughout North America",Medium,enriched
Qilin,1183,45,Rex Md,0,hxxps://rexmd.com/,"Oct 16, 2025",53839,44.00 GB,44,hxxp://ijzn3sicrcy7guixkzjkib4ukbiilwc3xhnmby4mcbccnsd7j2rekvqd[.]onion/site/blog?uuid=876c516d-5404-4062-9fef-a9283eacaf63,hxxp://ijzn3sicrcy7guixkzjkib4ukbiilwc3xhnmby4mcbccnsd7j2rekvqd[.]onion/?page=45,United States,official_website,"References to EST time zone, U.S. Licensed Providers, and FDA-Approved Medications strongly point to the United States.",Medium,enriched
Qilin,1181,45,stmg.org,Accounting Services,hxxps://stmg.org/,"Oct 16, 2025",,,,hxxp://ijzn3sicrcy7guixkzjkib4ukbiilwc3xhnmby4mcbccnsd7j2rekvqd[.]onion/site/blog?uuid=2623982a-42e9-41d5-b7d1-bfbfaf32da1b,hxxp://ijzn3sicrcy7guixkzjkib4ukbiilwc3xhnmby4mcbccnsd7j2rekvqd[.]onion/?page=45,Unknown,unknown,"No official website text, registry data, or contact address was provided in the evidence to determine the headquarters or primary registration country.",Unknown,unknown
Qilin,1180,45,arizonafireplaces.com,Accounting Services,hxxps://arizonafireplaces.com/,"Oct 16, 2025",0,332.00 GB,332,hxxp://ijzn3sicrcy7guixkzjkib4ukbiilwc3xhnmby4mcbccnsd7j2rekvqd[.]onion/site/blog?uuid=cf6dfaf8-f176-459c-9ab9-87a30061c481,hxxp://ijzn3sicrcy7guixkzjkib4ukbiilwc3xhnmby4mcbccnsd7j2rekvqd[.]onion/?page=45,United States,official_website,"Addresses listed on the website in Phoenix, AZ (e.g., 20835 N. 25th Place, Phoenix, AZ 85050; 3435 E. Atlanta Ave, Phoenix, AZ 85040) and references to Phoenix AZ.",High,enriched
Qilin,1178,45,Halifax County Public Schools,Education,hxxps://halifax.k12.va.us/,"Oct 16, 2025",,,,hxxp://ijzn3sicrcy7guixkzjkib4ukbiilwc3xhnmby4mcbccnsd7j2rekvqd[.]onion/site/blog?uuid=75ab8007-0433-4179-86b0-71c0d1fe61f9,hxxp://ijzn3sicrcy7guixkzjkib4ukbiilwc3xhnmby4mcbccnsd7j2rekvqd[.]onion/?page=45,United States,domain_tld,Company URL uses the country-code domain suffix .us; verify against headquarters evidence.,Medium,tld_inferred
Qilin,1176,45,Appalachian Community Federal Credit Union,Banking,hxxps://www.myacfcu.org/,"Oct 16, 2025",76443,75.00 GB,75,hxxp://ijzn3sicrcy7guixkzjkib4ukbiilwc3xhnmby4mcbccnsd7j2rekvqd[.]onion/site/blog?uuid=a7c4373e-3fdf-4fef-8df8-3c46d509fa82,hxxp://ijzn3sicrcy7guixkzjkib4ukbiilwc3xhnmby4mcbccnsd7j2rekvqd[.]onion/?page=45,Unknown,unknown,"The provided evidence only contains the company name, sector, and URL. There is no explicit headquarters, contact address, or official registry information supplied to determine the country conclusively without violating the rule against inferring from the company name or .com domain alone.",Unknown,unknown
Qilin,1175,45,Standard Sales Company,Grocery Retail,hxxps://www.standardsalescompanylp.com/,"Oct 16, 2025",0,530.00 GB,530,hxxp://ijzn3sicrcy7guixkzjkib4ukbiilwc3xhnmby4mcbccnsd7j2rekvqd[.]onion/site/blog?uuid=90d09d06-89f4-4e1d-8018-fdf6e00716cb,hxxp://ijzn3sicrcy7guixkzjkib4ukbiilwc3xhnmby4mcbccnsd7j2rekvqd[.]onion/?page=45,United States,official_website,"Corporate office address listed as 4800 East 42nd Street, Suite 400, Odessa, Texas 79762, and operations across Texas, Mississippi, and Kentucky.",High,enriched
Qilin,1174,45,GS Long,Home Improvement & Hardware Retail,hxxps://www.gslong.com/,"Oct 16, 2025",45864,41.00 GB,41,hxxp://ijzn3sicrcy7guixkzjkib4ukbiilwc3xhnmby4mcbccnsd7j2rekvqd[.]onion/site/blog?uuid=32262464-f300-44f9-a4fc-9811459e464f,hxxp://ijzn3sicrcy7guixkzjkib4ukbiilwc3xhnmby4mcbccnsd7j2rekvqd[.]onion/?page=45,United States,official_website,"Company Headquarters: 2517 Old Town Road Union Gap, WA 98903; Yakima, Washington; United States references (US phone numbers, WA state abbreviation).",High,enriched
Qilin,1173,45,bmcinnovation.com,Advertising & Marketing,hxxps://bmcinnovation.com/,"Oct 16, 2025",0,0.00 KB,0,hxxp://ijzn3sicrcy7guixkzjkib4ukbiilwc3xhnmby4mcbccnsd7j2rekvqd[.]onion/site/blog?uuid=1ffc8a28-9098-4882-9257-d567baf64044,hxxp://ijzn3sicrcy7guixkzjkib4ukbiilwc3xhnmby4mcbccnsd7j2rekvqd[.]onion/?page=45,Unknown,unknown,,Unknown,unknown
Qilin,1172,45,bagnoles.nl,Banking,hxxps://bagnoles.nl/en/,"Oct 16, 2025",158247,60.00 GB,60,hxxp://ijzn3sicrcy7guixkzjkib4ukbiilwc3xhnmby4mcbccnsd7j2rekvqd[.]onion/site/blog?uuid=78d669de-28b7-4c68-80e7-5a1d76c6e48d,hxxp://ijzn3sicrcy7guixkzjkib4ukbiilwc3xhnmby4mcbccnsd7j2rekvqd[.]onion/?page=45,Netherlands,domain_tld,Company URL uses the country-code domain suffix .nl; verify against headquarters evidence.,Medium,tld_inferred
Qilin,1171,45,vericore.com,Finance,hxxps://vericore.com/,"Oct 16, 2025",121053,55.00 GB,55,hxxp://ijzn3sicrcy7guixkzjkib4ukbiilwc3xhnmby4mcbccnsd7j2rekvqd[.]onion/site/blog?uuid=c1be9c1d-87f4-4068-971c-8829ab5fff86,hxxp://ijzn3sicrcy7guixkzjkib4ukbiilwc3xhnmby4mcbccnsd7j2rekvqd[.]onion/?page=45,United States,official_website,"Contact Information: 10115 Kincey Ave., Suite 100 Huntersville, NC 28078",High,enriched
Qilin,1170,45,Dalton Pharma Services,Manufacturing,hxxps://www.dalton.com/,"Oct 16, 2025",0,230.00 GB,230,hxxp://ijzn3sicrcy7guixkzjkib4ukbiilwc3xhnmby4mcbccnsd7j2rekvqd[.]onion/site/blog?uuid=2e7f7cfe-262a-4f72-bead-8688dbcb4e17,hxxp://ijzn3sicrcy7guixkzjkib4ukbiilwc3xhnmby4mcbccnsd7j2rekvqd[.]onion/?page=45,Canada,official_website,"The official website and visible text explicitly reference Health Canada approval and locations in Toronto, Canada, including statements such as 'Dalton Pharma Services Expands Aseptic Powder Fill-Finish Capacity with RoboFil™ system in Toronto TORONTO, Canada'.",High,enriched
Qilin,1169,45,Montship,Business Services,hxxps://www.montship.ca/,"Oct 16, 2025",0,227.00 GB,227,hxxp://ijzn3sicrcy7guixkzjkib4ukbiilwc3xhnmby4mcbccnsd7j2rekvqd[.]onion/site/blog?uuid=05d7dfb4-7646-4362-9af7-ae2a94fb2958,hxxp://ijzn3sicrcy7guixkzjkib4ukbiilwc3xhnmby4mcbccnsd7j2rekvqd[.]onion/?page=45,Canada,domain_tld,Company URL uses the country-code domain suffix .ca; verify against headquarters evidence.,Medium,tld_inferred
Qilin,1168,45,pandarose.ca,Advertising & Marketing,hxxps://pandarose.ca/,"Oct 16, 2025",275437,78.00 GB,78,hxxp://ijzn3sicrcy7guixkzjkib4ukbiilwc3xhnmby4mcbccnsd7j2rekvqd[.]onion/site/blog?uuid=7d232326-dd47-4ccb-9413-1210c187c509,hxxp://ijzn3sicrcy7guixkzjkib4ukbiilwc3xhnmby4mcbccnsd7j2rekvqd[.]onion/?page=45,Canada,domain_tld,Company URL uses the country-code domain suffix .ca; verify against headquarters evidence.,Medium,tld_inferred
Qilin,1167,45,Beta Dyne,Consumer Electronics & Computers Retail,hxxp://betadynepower.com,"Oct 16, 2025",45980,68.00 GB,68,hxxp://ijzn3sicrcy7guixkzjkib4ukbiilwc3xhnmby4mcbccnsd7j2rekvqd[.]onion/site/blog?uuid=262b4fd1-1d5f-4ab3-8761-ec37c84cb635,hxxp://ijzn3sicrcy7guixkzjkib4ukbiilwc3xhnmby4mcbccnsd7j2rekvqd[.]onion/?page=45,United States,official_website,"The official website text explicitly states 'Beta Dyne, Inc., with our home office located in Bridgewater, MA' and the page title references 'Bridgewater, MA'.",High,enriched
Qilin,1166,45,Sprague & Jackson,Accounting Services,hxxp://www.sprjac.com,"Oct 15, 2025",43189,49.00 GB,49,hxxp://ijzn3sicrcy7guixkzjkib4ukbiilwc3xhnmby4mcbccnsd7j2rekvqd[.]onion/site/blog?uuid=d9ca962c-1697-4c09-971b-fb41f3e2dc5d,hxxp://ijzn3sicrcy7guixkzjkib4ukbiilwc3xhnmby4mcbccnsd7j2rekvqd[.]onion/?page=45,United States,official_website,"Location listed as 121 East Seneca Street, 7th Floor Ithaca, NY 14850",High,enriched
Qilin,1165,45,Middlesex Appraisal Associates,Real Estate,hxxp://middlesexappraisal.com,"Oct 15, 2025",15379,24.00 GB,24,hxxp://ijzn3sicrcy7guixkzjkib4ukbiilwc3xhnmby4mcbccnsd7j2rekvqd[.]onion/site/blog?uuid=c76c1874-cb2f-451d-a2db-acb141739a60,hxxp://ijzn3sicrcy7guixkzjkib4ukbiilwc3xhnmby4mcbccnsd7j2rekvqd[.]onion/?page=45,United States,official_website,"Explicit references to operating in Massachusetts and specific Massachusetts counties (Middlesex, Essex, Suffolk, Norfolk, Worcester and Plymouth), plus US area codes and phone numbers.",High,enriched
Qilin,1164,46,Bengal Industries,Freight & Logistics Services,hxxp://www.bengaltransport.com,"Oct 15, 2025",256722,250.00 GB,250,hxxp://ijzn3sicrcy7guixkzjkib4ukbiilwc3xhnmby4mcbccnsd7j2rekvqd[.]onion/site/blog?uuid=e1c07855-baac-4f35-bf8b-a75034b419f3,hxxp://ijzn3sicrcy7guixkzjkib4ukbiilwc3xhnmby4mcbccnsd7j2rekvqd[.]onion/?page=46,United States,official_website,"HEADQUARTERS: 37156 E Hwy 30 Geismar, LA 70734",High,enriched
Qilin,1163,46,Rasi Laboratories,Drug Stores & Pharmacies,hxxp://rasilabs.com,"Oct 15, 2025",0,250.00 GB,250,hxxp://ijzn3sicrcy7guixkzjkib4ukbiilwc3xhnmby4mcbccnsd7j2rekvqd[.]onion/site/blog?uuid=0839f987-5d93-4a16-a33a-3bfe8479abeb,hxxp://ijzn3sicrcy7guixkzjkib4ukbiilwc3xhnmby4mcbccnsd7j2rekvqd[.]onion/?page=46,United States,official_website,"Meta description and footer/contact text explicitly state headquarters/facility address in Cranbury, New Jersey, USA (320 Half Acre Road, Cranbury, New Jersey 08512).",High,enriched
Qilin,1162,46,Richmond Behavioral Health Authority,0,hxxp://www.rbha.org,"Oct 15, 2025",393244,192.00 GB,192,hxxp://ijzn3sicrcy7guixkzjkib4ukbiilwc3xhnmby4mcbccnsd7j2rekvqd[.]onion/site/blog?uuid=e5beb2fd-b440-4634-8290-75f1771a415a,hxxp://ijzn3sicrcy7guixkzjkib4ukbiilwc3xhnmby4mcbccnsd7j2rekvqd[.]onion/?page=46,United States,official_website,"The visible text mentions 'City of Richmond', 'central Virginia region', and 'lives of Virginians', alongside the company name Richmond Behavioral Health Authority, explicitly placing the organization in Virginia, United States.",High,enriched
Qilin,1161,46,Buanderie Blanchelle,Business Services,hxxp://www.blanchelle.net,"Oct 15, 2025",70800,15.00 GB,15,hxxp://ijzn3sicrcy7guixkzjkib4ukbiilwc3xhnmby4mcbccnsd7j2rekvqd[.]onion/site/blog?uuid=1c626f84-13d9-4321-b271-6b61181e6e62,hxxp://ijzn3sicrcy7guixkzjkib4ukbiilwc3xhnmby4mcbccnsd7j2rekvqd[.]onion/?page=46,Canada,official_website,"1101, rue Louis-Blériot Mascouche (Québec) Canada J7K 3C1 and 825, avenue Montrichard Saint-Jean-sur-Richelieu Québec Canada J2X 5K8",High,enriched
Qilin,1160,46,WebCut Converting,Business Services,hxxp:// www.webcutconverting.com,"Oct 15, 2025",38371,11.00 GB,11,hxxp://ijzn3sicrcy7guixkzjkib4ukbiilwc3xhnmby4mcbccnsd7j2rekvqd[.]onion/site/blog?uuid=f565a098-5ed6-4655-bc55-8c0ea61487f7,hxxp://ijzn3sicrcy7guixkzjkib4ukbiilwc3xhnmby4mcbccnsd7j2rekvqd[.]onion/?page=46,Unknown,unknown,"No official website text, address, registration data, or other explicit location evidence was supplied.",Unknown,unknown
Qilin,1158,46,Agencia Tributaria,Accounting Services,hxxp://sede.agenciatributaria.gob.es,"Oct 15, 2025",238799,60.00 GB,60,hxxp://ijzn3sicrcy7guixkzjkib4ukbiilwc3xhnmby4mcbccnsd7j2rekvqd[.]onion/site/blog?uuid=a538d222-a043-46b6-ac15-93de026ed469,hxxp://ijzn3sicrcy7guixkzjkib4ukbiilwc3xhnmby4mcbccnsd7j2rekvqd[.]onion/?page=46,Spain,domain_tld,Company URL uses the country-code domain suffix .es; verify against headquarters evidence.,Medium,tld_inferred
Qilin,1156,46,Centurion Family Office Services LLC,Accounting Services,hxxps://centurionfos.com/,"Oct 15, 2025",23505,21.00 GB,21,hxxp://ijzn3sicrcy7guixkzjkib4ukbiilwc3xhnmby4mcbccnsd7j2rekvqd[.]onion/site/blog?uuid=54a988f8-7653-4650-9bdf-90ef0532c772,hxxp://ijzn3sicrcy7guixkzjkib4ukbiilwc3xhnmby4mcbccnsd7j2rekvqd[.]onion/?page=46,Unknown,unknown,,Unknown,unknown
Qilin,1151,46,Wheale Law Firm,Law Firms & Legal Services,hxxp://www.whealelaw.com/,"Oct 15, 2025",91864,424.00 GB,424,hxxp://ijzn3sicrcy7guixkzjkib4ukbiilwc3xhnmby4mcbccnsd7j2rekvqd[.]onion/site/blog?uuid=ba7f5d00-b8a9-45c3-ac5b-2dfabd5255ea,hxxp://ijzn3sicrcy7guixkzjkib4ukbiilwc3xhnmby4mcbccnsd7j2rekvqd[.]onion/?page=46,United States,official_website,"The website text repeatedly mentions 'Georgia Injury Victim Attorney', 'Personal Injury Attorney Georgia', and references 'Georgia's statutes' for wrongful death claims, clearly establishing operations and jurisdiction in the state of Georgia, USA.",High,enriched
Qilin,1140,46,Charles River Properties,Real Estate,hxxps://charlesriver.properties/,"Oct 14, 2025",11388,13.00 GB,13,hxxp://ijzn3sicrcy7guixkzjkib4ukbiilwc3xhnmby4mcbccnsd7j2rekvqd[.]onion/site/blog?uuid=8c0b60a6-4520-480a-b0e1-5098d7550f98,hxxp://ijzn3sicrcy7guixkzjkib4ukbiilwc3xhnmby4mcbccnsd7j2rekvqd[.]onion/?page=46,United States,official_website,"The website text explicitly references Greater Boston real estate, Waltham, Lexington, Winchester, and US phone numbers (781-899-5300), indicating operations and headquarters in the United States.",High,enriched
Qilin,1139,46,Suarez & Menendez,Finance,hxxp://www.suarez-menendez.com,"Oct 14, 2025",347634,158.00 GB,158,hxxp://ijzn3sicrcy7guixkzjkib4ukbiilwc3xhnmby4mcbccnsd7j2rekvqd[.]onion/site/blog?uuid=79b1fc4d-56f5-4b40-9fcc-6995150e0922,hxxp://ijzn3sicrcy7guixkzjkib4ukbiilwc3xhnmby4mcbccnsd7j2rekvqd[.]onion/?page=46,Argentina,official_website,"The official website metadata and text explicitly mention 'Argentina' multiple times (e.g., 'Argentina Argentina', 'Moore Suárez & Menéndez... en el año 1994 se unió...', and the footer location indicator 'Argentina').",High,enriched
Qilin,1138,46,All Truck Transportation,Accounting Services,hxxp://www.alltruck.com,"Oct 14, 2025",587296,261.00 GB,261,hxxp://ijzn3sicrcy7guixkzjkib4ukbiilwc3xhnmby4mcbccnsd7j2rekvqd[.]onion/site/blog?uuid=d33b3950-8335-4efa-aab8-5753000f6395,hxxp://ijzn3sicrcy7guixkzjkib4ukbiilwc3xhnmby4mcbccnsd7j2rekvqd[.]onion/?page=46,Unknown,unknown,No official website metadata or textual evidence was provided to determine the company's headquarters or primary registration country.,Unknown,unknown
Qilin,1137,46,New Jersey Property-Liability Insurance Guaranty Association,Insurance,hxxp://www.njguaranty.org,"Oct 14, 2025",13197,244.00 GB,244,hxxp://ijzn3sicrcy7guixkzjkib4ukbiilwc3xhnmby4mcbccnsd7j2rekvqd[.]onion/site/blog?uuid=56439085-b439-4510-afd5-9ae7ac6ec534,hxxp://ijzn3sicrcy7guixkzjkib4ukbiilwc3xhnmby4mcbccnsd7j2rekvqd[.]onion/?page=46,United States,official_website,"The website content explicitly references the State of New Jersey, the New Jersey Department of Banking & Insurance located in Trenton, New Jersey, and a New Jersey telephone area code.",High,enriched
Qilin,1097,46,HMP Global,Accounting Services,hxxps://www.hmpglobal.com/,"Oct 14, 2025",,,,hxxp://ijzn3sicrcy7guixkzjkib4ukbiilwc3xhnmby4mcbccnsd7j2rekvqd[.]onion/site/blog?uuid=2f3c2860-773a-4b87-9eba-ae28ef76a26c,hxxp://ijzn3sicrcy7guixkzjkib4ukbiilwc3xhnmby4mcbccnsd7j2rekvqd[.]onion/?page=46,Unknown,unknown,"The provided webpage text only contains an error message ('Client Challenge') and does not supply any explicit headquarters, registered-office, contact-address, or company-profile evidence to determine the target company's country.",Unknown,unknown
Qilin,1087,46,DV Hardwoods,Home Improvement & Hardware Retail,hxxp://www.boisdv.ca,"Oct 14, 2025",10685,83.00 GB,83,hxxp://ijzn3sicrcy7guixkzjkib4ukbiilwc3xhnmby4mcbccnsd7j2rekvqd[.]onion/site/blog?uuid=8b320b18-6ddf-46f8-857f-9d64acc64417,hxxp://ijzn3sicrcy7guixkzjkib4ukbiilwc3xhnmby4mcbccnsd7j2rekvqd[.]onion/?page=46,Canada,domain_tld,Company URL uses the country-code domain suffix .ca; verify against headquarters evidence.,Medium,tld_inferred
Qilin,1086,46,Force Marketing,Advertising & Marketing,hxxp://www.forcemktg.com,"Oct 14, 2025",114590,210.00 GB,210,hxxp://ijzn3sicrcy7guixkzjkib4ukbiilwc3xhnmby4mcbccnsd7j2rekvqd[.]onion/site/blog?uuid=e39df26d-083a-4798-b8c0-9a1d78e267cb,hxxp://ijzn3sicrcy7guixkzjkib4ukbiilwc3xhnmby4mcbccnsd7j2rekvqd[.]onion/?page=46,United States,official_website,"Contact address explicitly lists '3098 Piedmont Rd NE, 4th Floor, Atlanta, Ga. 30305', indicating the United States.",High,enriched
Qilin,1085,46,M&E Global Group,Furniture,hxxp://www.megroupinc.com,"Oct 14, 2025",113768,98.00 GB,98,hxxp://ijzn3sicrcy7guixkzjkib4ukbiilwc3xhnmby4mcbccnsd7j2rekvqd[.]onion/site/blog?uuid=05bb5845-4f06-4a89-b216-4086646d6a26,hxxp://ijzn3sicrcy7guixkzjkib4ukbiilwc3xhnmby4mcbccnsd7j2rekvqd[.]onion/?page=46,United States,official_website,"Contact Us address shows: 1828 Mound Rd. Rockdale, IL 60436, and phone number area code (815) corresponds to Illinois, United States.",High,enriched
Qilin,1083,46,Bank3,Banking,hxxp://www.bank3.com,"Oct 13, 2025",71358,149.00 GB,149,hxxp://ijzn3sicrcy7guixkzjkib4ukbiilwc3xhnmby4mcbccnsd7j2rekvqd[.]onion/site/blog?uuid=651b6bef-e8f6-48ec-99db-bd29c0801fa6,hxxp://ijzn3sicrcy7guixkzjkib4ukbiilwc3xhnmby4mcbccnsd7j2rekvqd[.]onion/?page=46,United States,official_website,"CORPORATE HEADQUATERS 5210 Poplar Avenue, Suite 100 Memphis, TN 38119; locations in Tennessee and Mississippi (TN, MS); Member FDIC",High,enriched
Qilin,1082,46,"BHI Co., Ltd.",Manufacturing,hxxp:// www.bhi.co.kr,"Oct 13, 2025",326211,706.00 GB,706,hxxp://ijzn3sicrcy7guixkzjkib4ukbiilwc3xhnmby4mcbccnsd7j2rekvqd[.]onion/site/blog?uuid=a3a03931-a97a-4ca3-a54c-bb6791bcf341,hxxp://ijzn3sicrcy7guixkzjkib4ukbiilwc3xhnmby4mcbccnsd7j2rekvqd[.]onion/?page=46,South Korea,domain_tld,Company URL uses the country-code domain suffix .co.kr; verify against headquarters evidence.,Medium,tld_inferred
Qilin,1081,46,San Bernard Electric Cooperative,Accounting Services,hxxp://www.sbec.org,"Oct 13, 2025",313185,290.00 GB,290,hxxp://ijzn3sicrcy7guixkzjkib4ukbiilwc3xhnmby4mcbccnsd7j2rekvqd[.]onion/site/blog?uuid=03db3ef2-530a-4dbf-abd1-bad7df1e0aaf,hxxp://ijzn3sicrcy7guixkzjkib4ukbiilwc3xhnmby4mcbccnsd7j2rekvqd[.]onion/?page=46,United States,official_website,"The webpage text mentions Austin and Colorado Counties, Bellville offices on West Main Street, Texas Co-Op Power Magazine, and a U.S. telephone area code (979), indicating operations in Texas, United States.",High,enriched
Qilin,1080,46,Imperial Glazing Concepts,Commercial & Residential Construction,hxxp://imperialgc.com,"Oct 13, 2025",27383,118.00 GB,118,hxxp://ijzn3sicrcy7guixkzjkib4ukbiilwc3xhnmby4mcbccnsd7j2rekvqd[.]onion/site/blog?uuid=50191ede-08be-4317-804d-5e6cd01c9b22,hxxp://ijzn3sicrcy7guixkzjkib4ukbiilwc3xhnmby4mcbccnsd7j2rekvqd[.]onion/?page=46,United States,official_website,"The official website metadata and visible text explicitly state that the company serves 'Northeast Ohio and Western Pennsylvania', indicating it is located in the United States.",High,enriched
Qilin,1079,47,SourceOne Corporation,"Energy, Utilities & Waste",hxxp:// www.sourceonecorp.com,"Oct 13, 2025",346406,528.00 GB,528,hxxp://ijzn3sicrcy7guixkzjkib4ukbiilwc3xhnmby4mcbccnsd7j2rekvqd[.]onion/site/blog?uuid=9e0b728b-1048-4e9f-9cfa-6d7a23327f06,hxxp://ijzn3sicrcy7guixkzjkib4ukbiilwc3xhnmby4mcbccnsd7j2rekvqd[.]onion/?page=47,Unknown,unknown,No text or metadata was collected from the official website or registry to determine the headquarters or primary registration country.,Unknown,unknown
Qilin,1078,47,hautsdefrance.fr,Banking,hxxps://www.hautsdefrance.fr/,"Oct 13, 2025",0,"1,100.00 GB",1100,hxxp://ijzn3sicrcy7guixkzjkib4ukbiilwc3xhnmby4mcbccnsd7j2rekvqd[.]onion/site/blog?uuid=1141dc73-6517-4245-8ea7-0a988b3c0611,hxxp://ijzn3sicrcy7guixkzjkib4ukbiilwc3xhnmby4mcbccnsd7j2rekvqd[.]onion/?page=47,France,domain_tld,Company URL uses the country-code domain suffix .fr; verify against headquarters evidence.,Medium,tld_inferred
Qilin,1077,47,Frisquet,Building Materials,hxxp://www.frisquet.com,"Oct 12, 2025",21055,13.00 GB,13,hxxp://ijzn3sicrcy7guixkzjkib4ukbiilwc3xhnmby4mcbccnsd7j2rekvqd[.]onion/site/blog?uuid=478ec313-2337-4292-b35f-7bd76b065c75,hxxp://ijzn3sicrcy7guixkzjkib4ukbiilwc3xhnmby4mcbccnsd7j2rekvqd[.]onion/?page=47,France,official_website,"Explicit statements in official website text such as '100% Made in France', 'Fabricant 100 % français de chaudières à gaz haut de gamme', 'FRISQUET S.A. le seul industriel aujourd’hui à capitaux 100 % français', and '90 ans de technologies françaises'.",High,enriched
Qilin,1076,47,Dynamic Precision Sverige,"Electricity, Oil & Gas",hxxp://www.dpnorge.no,"Oct 12, 2025",17272,49.00 GB,49,hxxp://ijzn3sicrcy7guixkzjkib4ukbiilwc3xhnmby4mcbccnsd7j2rekvqd[.]onion/site/blog?uuid=d5a6abba-c69b-47ca-82bf-bfe682bfa48d,hxxp://ijzn3sicrcy7guixkzjkib4ukbiilwc3xhnmby4mcbccnsd7j2rekvqd[.]onion/?page=47,Norway,domain_tld,Company URL uses the country-code domain suffix .no; verify against headquarters evidence.,Medium,tld_inferred
Qilin,1075,47,Valtorta,Industrial Machinery & Equipment,hxxp://valtortagru.com,"Oct 12, 2025",46940,83.00 GB,83,hxxp://ijzn3sicrcy7guixkzjkib4ukbiilwc3xhnmby4mcbccnsd7j2rekvqd[.]onion/site/blog?uuid=763b5238-f39b-4efa-a9ac-169b8c6b4172,hxxp://ijzn3sicrcy7guixkzjkib4ukbiilwc3xhnmby4mcbccnsd7j2rekvqd[.]onion/?page=47,Italy,official_website,"The official website text explicitly states headquarters and address information in Italy: 'con sede a Macherio (MB) , è un punto di riferimento in Italia' and 'Sede Via Fratelli Cervi, 31 - 20846 Macherio (MB) - Italia', along with Italian company registration details (VALTORTA - RAISING S.R.L. - P.IVA 02864510967).",High,enriched
Qilin,1073,47,Team Schierl Companies,Holding Companies & Conglomerates,hxxp://www.teamschierl.com,"Oct 12, 2025",253137,631.00 GB,631,hxxp://ijzn3sicrcy7guixkzjkib4ukbiilwc3xhnmby4mcbccnsd7j2rekvqd[.]onion/site/blog?uuid=6d955e3f-7810-4d79-8ca1-852aed7acde2,hxxp://ijzn3sicrcy7guixkzjkib4ukbiilwc3xhnmby4mcbccnsd7j2rekvqd[.]onion/?page=47,United States,official_website,"The Team Schierl Companies Corporate Office is located in the historic heart of Stevens Point, Wisconsin... 2201 Madison St., Stevens Point, WI 54481",High,enriched
Qilin,1070,47,Atarfil,Consumer Services,hxxps://www.atarfil.com/,"Oct 11, 2025",0,500.00 GB,500,hxxp://ijzn3sicrcy7guixkzjkib4ukbiilwc3xhnmby4mcbccnsd7j2rekvqd[.]onion/site/blog?uuid=1969a051-624d-4621-b8c5-ec7a49c732ab,hxxp://ijzn3sicrcy7guixkzjkib4ukbiilwc3xhnmby4mcbccnsd7j2rekvqd[.]onion/?page=47,Spain,official_website,"ATARFIL EUROPA Granada, Espa",High,enriched
Qilin,1067,47,Karnes Electric Cooperative,"Electricity, Oil & Gas",hxxp://www.karnesec.org,"Oct 10, 2025",270645,337.00 GB,337,hxxp://ijzn3sicrcy7guixkzjkib4ukbiilwc3xhnmby4mcbccnsd7j2rekvqd[.]onion/site/blog?uuid=018f306b-4bb5-4e11-98d7-a082e0ad30b1,hxxp://ijzn3sicrcy7guixkzjkib4ukbiilwc3xhnmby4mcbccnsd7j2rekvqd[.]onion/?page=47,United States,official_website,"Our Headquarters are located in Karnes City, Texas, and our Member Service Center is located in Pleasanton, Texas. Karnes City Headquarters 1800 N US Hwy 181 Karnes City, Texas 78118",High,enriched
Qilin,1065,47,Artan Holding,Accounting Services,hxxp://artanholding.com,"Oct 10, 2025",1303,41.00 GB,41,hxxp://ijzn3sicrcy7guixkzjkib4ukbiilwc3xhnmby4mcbccnsd7j2rekvqd[.]onion/site/blog?uuid=7934c37b-99b8-4905-8466-4773d3c5a94d,hxxp://ijzn3sicrcy7guixkzjkib4ukbiilwc3xhnmby4mcbccnsd7j2rekvqd[.]onion/?page=47,Qatar,official_website,Artan Holding is a Qatari family-owned holding company with a diverse portfolio... operating primarily in Qatar. Phone: (+974) 4403 8666,High,enriched
Qilin,1063,47,Midsun Group,"Energy, Utilities & Waste",hxxp://www.midsungroup.com,"Oct 9, 2025",58589,198.00 GB,198,hxxp://ijzn3sicrcy7guixkzjkib4ukbiilwc3xhnmby4mcbccnsd7j2rekvqd[.]onion/site/blog?uuid=f0226845-2882-4abc-9e25-e502bc47dfd3,hxxp://ijzn3sicrcy7guixkzjkib4ukbiilwc3xhnmby4mcbccnsd7j2rekvqd[.]onion/?page=47,United States,official_website,"The website provides a U.S. telephone number format (860-378-0100), where 860 is an area code located in Connecticut, United States.",Medium,enriched
Qilin,1062,47,Bay West,"Energy, Utilities & Waste",hxxp://www.baywest.com,"Oct 9, 2025",15678,107.00 GB,107,hxxp://ijzn3sicrcy7guixkzjkib4ukbiilwc3xhnmby4mcbccnsd7j2rekvqd[.]onion/site/blog?uuid=7ae5b93c-06b6-454a-a9e7-fe3cea2a5755,hxxp://ijzn3sicrcy7guixkzjkib4ukbiilwc3xhnmby4mcbccnsd7j2rekvqd[.]onion/?page=47,United States,official_website,"Headquartered in St. Paul, Minnesota",High,enriched
Qilin,1061,47,MBS Secure,Business Services,hxxp://www.ntiva.com,"Oct 9, 2025",54233,171.00 GB,171,hxxp://ijzn3sicrcy7guixkzjkib4ukbiilwc3xhnmby4mcbccnsd7j2rekvqd[.]onion/site/blog?uuid=49d48409-4dc6-41c1-9030-6c2fb14f7eff,hxxp://ijzn3sicrcy7guixkzjkib4ukbiilwc3xhnmby4mcbccnsd7j2rekvqd[.]onion/?page=47,United States,official_website,"Meta description states: 'Ntiva provides managed IT services, IT consulting and solutions, cybersecurity, and cloud services 24/7 to organizations throughout the United States.'",High,enriched
Qilin,1060,47,ePayData,Banking,hxxp://www.epaydata.com,"Oct 9, 2025",33579,37.00 GB,37,hxxp://ijzn3sicrcy7guixkzjkib4ukbiilwc3xhnmby4mcbccnsd7j2rekvqd[.]onion/site/blog?uuid=7d2280ed-2805-488d-bbfa-a760de2a9911,hxxp://ijzn3sicrcy7guixkzjkib4ukbiilwc3xhnmby4mcbccnsd7j2rekvqd[.]onion/?page=47,United States,official_website,"ePay Data Inc. is a registered ISO/MSP of Merrick Bank, South Jordan, UT",High,enriched
Qilin,1059,47,www.datamaxx.com,Software,hxxp://www.datamaxx.com,"Oct 8, 2025",1333468,616.00 GB,616,hxxp://ijzn3sicrcy7guixkzjkib4ukbiilwc3xhnmby4mcbccnsd7j2rekvqd[.]onion/site/blog?uuid=4f2edc0f-9267-404f-b7af-eedf21463087,hxxp://ijzn3sicrcy7guixkzjkib4ukbiilwc3xhnmby4mcbccnsd7j2rekvqd[.]onion/?page=47,United States,official_website,"Datamaxx is a privately held, Florida-certified and woman-owned enterprise serving over 70 percent of the law enforcement communications market with more than 750,000 end users in North America, Canada, Guam and Puerto Rico.",High,enriched
Qilin,1058,47,Spectra Logic+DATA,Accounting Services,hxxp://www.spectralogic.com,"Oct 8, 2025",0,"1,730.00 GB",1730,hxxp://ijzn3sicrcy7guixkzjkib4ukbiilwc3xhnmby4mcbccnsd7j2rekvqd[.]onion/site/blog?uuid=2df12fe8-ac3a-497f-b9c6-dc60689e6423,hxxp://ijzn3sicrcy7guixkzjkib4ukbiilwc3xhnmby4mcbccnsd7j2rekvqd[.]onion/?page=47,Unknown,unknown,"The provided text mentions the Texas Advanced Computing Center and refers to US-centric context (like Federal & Defense Agencies), but it lacks an explicit headquarters, registered office, or contact address confirming the exact registration country, especially given the discrepancy with the sector listed as 'Accounting Services' vs. the data storage website content.",Unknown,unknown
Qilin,1057,47,cameronhodges.com,Law Firms & Legal Services,hxxp://www.cameronhodges.com,"Oct 7, 2025",77930,163.00 GB,163,hxxp://ijzn3sicrcy7guixkzjkib4ukbiilwc3xhnmby4mcbccnsd7j2rekvqd[.]onion/site/blog?uuid=71720b05-7efb-40f1-bca9-59b164929af3,hxxp://ijzn3sicrcy7guixkzjkib4ukbiilwc3xhnmby4mcbccnsd7j2rekvqd[.]onion/?page=47,United States,official_website,"The website text explicitly references offices in Orlando and Ocala, Florida, mentions 'Your Florida Insurance Defense Attorneys', and provides US phone numbers and addresses (e.g., Orlando, Florida, 32819; Ocala, FL 34471).",High,enriched
Qilin,1056,47,Massachusetts Bay Community College,Education,hxxp://www.massbay.edu,"Oct 7, 2025",97000,56.00 GB,56,hxxp://ijzn3sicrcy7guixkzjkib4ukbiilwc3xhnmby4mcbccnsd7j2rekvqd[.]onion/site/blog?uuid=37188ba3-1ebf-458f-9da8-15053fd9fb5d,hxxp://ijzn3sicrcy7guixkzjkib4ukbiilwc3xhnmby4mcbccnsd7j2rekvqd[.]onion/?page=47,United States,official_website,"References to Massachusetts, MetroWest, Massachusetts Residents, and FAFSA in the official website text explicitly establish the organization's location in the United States.",High,enriched
Qilin,1055,47,"Asahi Group Holdings, Ltd.",Food & Beverage,hxxp://www.asahigroup-holdings.com,"Oct 7, 2025",9323,27.00 GB,27,hxxp://ijzn3sicrcy7guixkzjkib4ukbiilwc3xhnmby4mcbccnsd7j2rekvqd[.]onion/site/blog?uuid=cd6d5240-f1d9-42e6-ae5e-57b1cb765e8b,hxxp://ijzn3sicrcy7guixkzjkib4ukbiilwc3xhnmby4mcbccnsd7j2rekvqd[.]onion/?page=47,Japan,official_website,"アサヒグループホールディングス株式会社 (Asahi Group Holdings, Ltd.) uses Japanese language exclusively, references Japanese locations such as 千葉豪雨, 熊本地震, 大阪万博, and mentions company headquarters/buildings in Japanese (アサヒグループ本社ビル).",High,enriched
Qilin,1054,47,Property Tax Consultants,Accounting Services,hxxp://www.propertytaxconsulting.com,"Oct 7, 2025",0,"1,200.00 GB",1200,hxxp://ijzn3sicrcy7guixkzjkib4ukbiilwc3xhnmby4mcbccnsd7j2rekvqd[.]onion/site/blog?uuid=d3ebb994-2363-49d5-abbf-4b9829b58652,hxxp://ijzn3sicrcy7guixkzjkib4ukbiilwc3xhnmby4mcbccnsd7j2rekvqd[.]onion/?page=47,United States,official_website,"The company address is listed as 3600 St. Hwy. 6 South, Suite 102, College Station, Texas 77845, and the website references operations across Texas (e.g., Bryan-College Station, Waco, Texas City, Houston, Dallas, San Antonio).",High,enriched
Qilin,1053,47,Clifford Paper Inc,Construction,hxxp://www.cliffordpaper.com/,"Oct 6, 2025",80896,34.00 GB,34,hxxp://ijzn3sicrcy7guixkzjkib4ukbiilwc3xhnmby4mcbccnsd7j2rekvqd[.]onion/site/blog?uuid=98829b44-a52b-472c-82a5-1feab2767ac8,hxxp://ijzn3sicrcy7guixkzjkib4ukbiilwc3xhnmby4mcbccnsd7j2rekvqd[.]onion/?page=47,United States,official_website,"Waterview Plaza 2001 Route 46 Suite 402 Parsippany, NJ 07054",High,enriched
Qilin,1052,48,Uvalde Consolidated Independent School District,Education,hxxp://www.ucisd.net,"Oct 6, 2025",8975,4.00 GB,4,hxxp://ijzn3sicrcy7guixkzjkib4ukbiilwc3xhnmby4mcbccnsd7j2rekvqd[.]onion/site/blog?uuid=8ea59149-9e5e-43b0-8d8b-f0a3f602ec73,hxxp://ijzn3sicrcy7guixkzjkib4ukbiilwc3xhnmby4mcbccnsd7j2rekvqd[.]onion/?page=48,United States,official_website,"Contact Us address: 1000 N Getty St Uvalde, Texas 78801",High,enriched
Qilin,1051,48,Landmark Management,Accounting Services,hxxp://www.landmarkmgtinc.com,"Oct 6, 2025",8741,29.00 GB,29,hxxp://ijzn3sicrcy7guixkzjkib4ukbiilwc3xhnmby4mcbccnsd7j2rekvqd[.]onion/site/blog?uuid=15fde1bd-0968-41fd-8e05-044612a3d551,hxxp://ijzn3sicrcy7guixkzjkib4ukbiilwc3xhnmby4mcbccnsd7j2rekvqd[.]onion/?page=48,Unknown,unknown,"The provided webpage text refers to a property management knowledge base ('The Property Desk') and does not contain explicit headquarters, registered-office, or contact-address evidence for 'Landmark Management'.",Unknown,unknown
Qilin,1050,48,bms.bsd-ri.net,Accounting Services,hxxp://bms.bsd-ri.net,"Oct 6, 2025",165524,43.00 GB,43,hxxp://ijzn3sicrcy7guixkzjkib4ukbiilwc3xhnmby4mcbccnsd7j2rekvqd[.]onion/site/blog?uuid=b9d17a87-9108-4a40-b46f-98efb23c289b,hxxp://ijzn3sicrcy7guixkzjkib4ukbiilwc3xhnmby4mcbccnsd7j2rekvqd[.]onion/?page=48,United States,official_website,"Burrillville Middle School - 2220 Broncos Highway - Harrisville, RI 02830",High,enriched
Qilin,1049,48,ville-saintclaude.fr,Government,hxxp://www.ville-saintclaude.fr,"Oct 6, 2025",224645,341.00 GB,341,hxxp://ijzn3sicrcy7guixkzjkib4ukbiilwc3xhnmby4mcbccnsd7j2rekvqd[.]onion/site/blog?uuid=5eae67e3-d296-466d-b11c-41f2cfd5dedb,hxxp://ijzn3sicrcy7guixkzjkib4ukbiilwc3xhnmby4mcbccnsd7j2rekvqd[.]onion/?page=48,France,domain_tld,Company URL uses the country-code domain suffix .fr; verify against headquarters evidence.,Medium,tld_inferred
Qilin,1048,48,Lipapromet,Manufacturing,hxxp://www.lipapromet.hr,"Oct 6, 2025",544299,745.00 GB,745,hxxp://ijzn3sicrcy7guixkzjkib4ukbiilwc3xhnmby4mcbccnsd7j2rekvqd[.]onion/site/blog?uuid=18978bf3-b0b7-44de-91d4-ec1e4ae91007,hxxp://ijzn3sicrcy7guixkzjkib4ukbiilwc3xhnmby4mcbccnsd7j2rekvqd[.]onion/?page=48,Croatia,official_website,Lipapromet d.o.o. Radnička cesta 220a 10000 Zagreb Hrvatska,High,enriched
Qilin,1046,48,Uhl,Business Services,hxxp://uhlcompany.com,"Oct 4, 2025",118993,105.00 GB,105,hxxp://ijzn3sicrcy7guixkzjkib4ukbiilwc3xhnmby4mcbccnsd7j2rekvqd[.]onion/site/blog?uuid=3cc232ee-74a3-4e86-b136-fb5f87884222,hxxp://ijzn3sicrcy7guixkzjkib4ukbiilwc3xhnmby4mcbccnsd7j2rekvqd[.]onion/?page=48,United States,official_website,"Meta description and text mention service areas in Minnesota, Wisconsin, North Dakota, and Upper Michigan, along with specific locations such as Hennepin County, Duluth, MN, and Minneapolis, MN.",High,enriched
Qilin,1045,48,Rihatec.de,Manufacturing,hxxp://Rihatec.de,"Oct 4, 2025",34614,28.00 GB,28,hxxp://ijzn3sicrcy7guixkzjkib4ukbiilwc3xhnmby4mcbccnsd7j2rekvqd[.]onion/site/blog?uuid=eed3b953-582d-48ca-a007-dd96259521e1,hxxp://ijzn3sicrcy7guixkzjkib4ukbiilwc3xhnmby4mcbccnsd7j2rekvqd[.]onion/?page=48,Germany,domain_tld,Company URL uses the country-code domain suffix .de; verify against headquarters evidence.,Medium,tld_inferred
Qilin,1044,48,kecymetals.com,Manufacturing,hxxp://kecymetals.com,"Oct 4, 2025",135976,53.00 GB,53,hxxp://ijzn3sicrcy7guixkzjkib4ukbiilwc3xhnmby4mcbccnsd7j2rekvqd[.]onion/site/blog?uuid=0299e47e-1ea4-4076-95c7-26c642ec3903,hxxp://ijzn3sicrcy7guixkzjkib4ukbiilwc3xhnmby4mcbccnsd7j2rekvqd[.]onion/?page=48,United States,official_website,"Contact address given as: 4111 Munson Highway Hudson, MI 49247, along with US phone number format (517-448-8954) and MI (Michigan) state abbreviation.",High,enriched
Qilin,1043,48,kanzlei-schramm.com,Accounting Services,hxxp://kanzlei-schramm.com,"Oct 4, 2025",82541,38.00 GB,38,hxxp://ijzn3sicrcy7guixkzjkib4ukbiilwc3xhnmby4mcbccnsd7j2rekvqd[.]onion/site/blog?uuid=fb7ccef9-0412-4372-8581-0a14a22927ef,hxxp://ijzn3sicrcy7guixkzjkib4ukbiilwc3xhnmby4mcbccnsd7j2rekvqd[.]onion/?page=48,Germany,official_website,Anschrift Markus Schramm Steuerberater & Rechtsanwalt Kanzlei Günzburg Ichenhauser Str. 36 89312 Günzburg,High,enriched
Qilin,1041,48,McGeorge Architecture Interiors,Construction,hxxp://mcgeorgeai.com,"Oct 4, 2025",72451,145.00 GB,145,hxxp://ijzn3sicrcy7guixkzjkib4ukbiilwc3xhnmby4mcbccnsd7j2rekvqd[.]onion/site/blog?uuid=b675b744-a449-4e84-a93f-df6127af5743,hxxp://ijzn3sicrcy7guixkzjkib4ukbiilwc3xhnmby4mcbccnsd7j2rekvqd[.]onion/?page=48,Unknown,unknown,"No official website metadata, registry information, or explicit address evidence was provided in the input.",Unknown,unknown
Qilin,1040,48,AIP Asset Management,Finance,hxxps://www.aipassetmanagement.com/,"Oct 4, 2025",95633,253.00 GB,253,hxxp://ijzn3sicrcy7guixkzjkib4ukbiilwc3xhnmby4mcbccnsd7j2rekvqd[.]onion/site/blog?uuid=de0d4316-f859-4d18-9bd8-ad2dbec7ed82,hxxp://ijzn3sicrcy7guixkzjkib4ukbiilwc3xhnmby4mcbccnsd7j2rekvqd[.]onion/?page=48,Canada,official_website,"AIP is one of the top performing private debt investors in Canada with a focus on the 200M market cap segment of the North American Market. Toronto-based team of approximately 10 professionals... Toronto, Ontario--(Newsfile Corp. - March 19, 2026) - AIP Asset Management today announced...",High,enriched
Qilin,1039,48,BCR Recouvrement,Banking,hxxps://bcr-recouvrement.com,"Oct 4, 2025",51163,12.00 GB,12,hxxp://ijzn3sicrcy7guixkzjkib4ukbiilwc3xhnmby4mcbccnsd7j2rekvqd[.]onion/site/blog?uuid=7dc45efa-1c6e-489f-a1a6-6cee3598b5d9,hxxp://ijzn3sicrcy7guixkzjkib4ukbiilwc3xhnmby4mcbccnsd7j2rekvqd[.]onion/?page=48,France,official_website,"The webpage text explicitly mentions an address in Lyon, France ('129 Rue Servient 69326 Lyon', 'Lyon, Rhône') and French phone numbers.",High,enriched
Qilin,1035,48,Cooptech.hu,0,hxxps://cooptech.hu/,"Oct 2, 2025",320293,"1,023.00 GB",1023,hxxp://ijzn3sicrcy7guixkzjkib4ukbiilwc3xhnmby4mcbccnsd7j2rekvqd[.]onion/site/blog?uuid=7f7a2f1c-6fa5-4881-9325-6b0f21b646ab,hxxp://ijzn3sicrcy7guixkzjkib4ukbiilwc3xhnmby4mcbccnsd7j2rekvqd[.]onion/?page=48,Hungary,domain_tld,Company URL uses the country-code domain suffix .hu; verify against headquarters evidence.,Medium,tld_inferred
Qilin,1034,48,Saginaw Chippewa Indian Tribe,Government,hxxp://sagchip.org,"Oct 2, 2025",886393,331.00 GB,331,hxxp://ijzn3sicrcy7guixkzjkib4ukbiilwc3xhnmby4mcbccnsd7j2rekvqd[.]onion/site/blog?uuid=15519ea0-e055-4430-ad27-bf2e7263a5cd,hxxp://ijzn3sicrcy7guixkzjkib4ukbiilwc3xhnmby4mcbccnsd7j2rekvqd[.]onion/?page=48,United States,model_inference,"The Saginaw Chippewa Indian Tribe is a federally recognized Native American tribe located in the state of Michigan, United States.",High,enriched
Qilin,1033,48,Corporate Services,Business Services,hxxps://www.basis.software/,"Oct 2, 2025",84358,361.00 GB,361,hxxp://ijzn3sicrcy7guixkzjkib4ukbiilwc3xhnmby4mcbccnsd7j2rekvqd[.]onion/site/blog?uuid=ade1b42d-c599-4cfd-b159-ccc2c0562ede,hxxp://ijzn3sicrcy7guixkzjkib4ukbiilwc3xhnmby4mcbccnsd7j2rekvqd[.]onion/?page=48,United States,official_website,"Contact address lists: 3801 Plaza Tower Drive | Baton Rouge, LA 70816, along with a US telephone area code (225) and copyright indicating Corporate Services, LLC.",High,enriched
Qilin,1025,48,pratthomes.com,Commercial & Residential Construction,hxxps://pratthomes.com/,"Oct 1, 2025",65583,17.00 GB,17,hxxp://ijzn3sicrcy7guixkzjkib4ukbiilwc3xhnmby4mcbccnsd7j2rekvqd[.]onion/site/blog?uuid=720904f5-211e-43d9-812e-f8ae0cea4b5a,hxxp://ijzn3sicrcy7guixkzjkib4ukbiilwc3xhnmby4mcbccnsd7j2rekvqd[.]onion/?page=48,United States,official_website,"The website text explicitly states that Pratt Homes holds the very first builder license ever issued in the state of Minnesota (#BC000001) and builds throughout Minnesota, including the Twin Cities region.",High,enriched
Qilin,1024,48,Auto Bernhard,Business Services,hxxp://www.auto-bernhard.at,"Sep 30, 2025",79882,99.00 GB,99,hxxp://ijzn3sicrcy7guixkzjkib4ukbiilwc3xhnmby4mcbccnsd7j2rekvqd[.]onion/site/blog?uuid=b82972c4-ad89-400c-92b8-6dc22318823c,hxxp://ijzn3sicrcy7guixkzjkib4ukbiilwc3xhnmby4mcbccnsd7j2rekvqd[.]onion/?page=48,Austria,domain_tld,Company URL uses the country-code domain suffix .at; verify against headquarters evidence.,Medium,tld_inferred
Qilin,1023,48,Foremost Asset Management,Accounting Services,hxxp://www.foremostasset.com/,"Sep 30, 2025",55439,234.00 GB,234,hxxp://ijzn3sicrcy7guixkzjkib4ukbiilwc3xhnmby4mcbccnsd7j2rekvqd[.]onion/site/blog?uuid=d4cb6582-0f48-4fd8-b2c7-090ac32d1508,hxxp://ijzn3sicrcy7guixkzjkib4ukbiilwc3xhnmby4mcbccnsd7j2rekvqd[.]onion/?page=48,South Korea,official_website,"Visible text contains the company address: 서울특별시 서초구 서초대로88, 302호(방배동,유니온빌딩) which is in Seoul, South Korea, and mentions Korean regulatory bodies such as 금융위원회 (Financial Services Commission) and 금융감독원 (Financial Supervisory Service).",High,enriched
Qilin,1022,48,Vienneau Insurance,Insurance,hxxps://govienneau.com/,"Sep 30, 2025",130525,84.00 GB,84,hxxp://ijzn3sicrcy7guixkzjkib4ukbiilwc3xhnmby4mcbccnsd7j2rekvqd[.]onion/site/blog?uuid=00679903-083c-4761-a7d4-86a12681aabf,hxxp://ijzn3sicrcy7guixkzjkib4ukbiilwc3xhnmby4mcbccnsd7j2rekvqd[.]onion/?page=48,Canada,official_website,"Offices located in New Brunswick towns such as Shediac, Dieppe, Bouctouche, Saint-Antoine, Moncton, and Sackville, all using area code (506) and offering English and Français language options.",High,enriched
Qilin,1021,48,Petraville Asset Management,Accounting Services,hxxps://petraville.gabia.io,"Sep 30, 2025",20908,53.00 GB,53,hxxp://ijzn3sicrcy7guixkzjkib4ukbiilwc3xhnmby4mcbccnsd7j2rekvqd[.]onion/site/blog?uuid=1e29c12b-c319-445e-93a7-17b1d652a388,hxxp://ijzn3sicrcy7guixkzjkib4ukbiilwc3xhnmby4mcbccnsd7j2rekvqd[.]onion/?page=48,South Korea,official_website,"The website title and visible text '페트라빌자산운용 주식회사' correspond to the Korean corporate designation for Petraville Asset Management (Petraville Asset Management Co., Ltd.), and the URL uses 'gabia.io', a prominent South Korean domain/hosting provider commonly used for Korean corporate sites.",High,enriched
Qilin,1020,49,Mobidic Asset Management,Accounting Services,hxxp://mobydickam.com/,"Sep 30, 2025",29800,39.00 GB,39,hxxp://ijzn3sicrcy7guixkzjkib4ukbiilwc3xhnmby4mcbccnsd7j2rekvqd[.]onion/site/blog?uuid=492de336-158e-4849-abb0-f92e10691df5,hxxp://ijzn3sicrcy7guixkzjkib4ukbiilwc3xhnmby4mcbccnsd7j2rekvqd[.]onion/?page=49,South Korea,official_website,"Visible text contains the company address in Seoul, South Korea: '서울특별시 강남구 선릉로 111길 32, 1층' and references to Korean regulatory bodies such as '금융감독원' (Financial Supervisory Service) and '금융위원회' (Financial Services Commission).",High,enriched
Qilin,1019,49,TRAUM Investment Co.,Accounting Services,hxxp:// hxxp://traumamc.com/,"Sep 30, 2025",55232,37.00 GB,37,hxxp://ijzn3sicrcy7guixkzjkib4ukbiilwc3xhnmby4mcbccnsd7j2rekvqd[.]onion/site/blog?uuid=6290768f-de96-4017-8221-b260dc702688,hxxp://ijzn3sicrcy7guixkzjkib4ukbiilwc3xhnmby4mcbccnsd7j2rekvqd[.]onion/?page=49,Unknown,unknown,,Unknown,unknown
Qilin,1018,49,Mecklenburg County Public Schools,Education,hxxp:// ww.mcpsweb.org,"Sep 29, 2025",382697,305.00 GB,305,hxxp://ijzn3sicrcy7guixkzjkib4ukbiilwc3xhnmby4mcbccnsd7j2rekvqd[.]onion/site/blog?uuid=7d5cd382-96f4-4a0a-9757-a1fc894c5933,hxxp://ijzn3sicrcy7guixkzjkib4ukbiilwc3xhnmby4mcbccnsd7j2rekvqd[.]onion/?page=49,United States,model_inference,"Mecklenburg County Public Schools is a well-known public school district located in Mecklenburg County, Virginia, United States.",High,enriched
Qilin,1015,49,"Development Services Group, Inc.",Business Services,hxxp:// hxxps://dsgonline.com/,"Sep 28, 2025",42014,165.00 GB,165,hxxp://ijzn3sicrcy7guixkzjkib4ukbiilwc3xhnmby4mcbccnsd7j2rekvqd[.]onion/site/blog?uuid=95c3e198-0064-42f8-9d53-1a331f0ccae6,hxxp://ijzn3sicrcy7guixkzjkib4ukbiilwc3xhnmby4mcbccnsd7j2rekvqd[.]onion/?page=49,Unknown,unknown,"No official website metadata, address, or registration details were provided in the evidence to determine the company's headquarters or primary registration country.",Unknown,unknown
Qilin,1014,49,PTR Asset Management,Accounting Services,hxxp://www.ptrfund.com/,"Sep 28, 2025",830819,668.00 GB,668,hxxp://ijzn3sicrcy7guixkzjkib4ukbiilwc3xhnmby4mcbccnsd7j2rekvqd[.]onion/site/blog?uuid=b37b936d-8fb8-4658-bcc4-415496cce029,hxxp://ijzn3sicrcy7guixkzjkib4ukbiilwc3xhnmby4mcbccnsd7j2rekvqd[.]onion/?page=49,South Korea,official_website,"Visible text contains explicit address: 서울 영등포구 국제금융로 10 Three IFC 30층 (Seoul, South Korea) and references Korean financial authorities such as 금융감독원 (Financial Supervisory Service), 금융위원회 (Financial Services Commission), and 금융투자협회 (Korea Financial Investment Association).",High,enriched
Qilin,1013,49,carypeds.com,Accounting Services,hxxps://carypediatriccenter.com/,"Sep 27, 2025",0,130.00 GB,130,hxxp://ijzn3sicrcy7guixkzjkib4ukbiilwc3xhnmby4mcbccnsd7j2rekvqd[.]onion/site/blog?uuid=8e38325a-8d11-45f0-829e-ca9c10789134,hxxp://ijzn3sicrcy7guixkzjkib4ukbiilwc3xhnmby4mcbccnsd7j2rekvqd[.]onion/?page=49,United States,official_website,Providing expert pediatric care to North Carolina’s triangle region since 1976. Cary/Fuquay/Apex Pediatrics has been your best triangle region pediatrician...,High,enriched
Qilin,1012,49,Rectory School,Education,hxxps://www.rectoryschool.org/,"Sep 27, 2025",352229,143.00 GB,143,hxxp://ijzn3sicrcy7guixkzjkib4ukbiilwc3xhnmby4mcbccnsd7j2rekvqd[.]onion/site/blog?uuid=f35ce9af-d5fe-4b15-9248-e9f6bb204176,hxxp://ijzn3sicrcy7guixkzjkib4ukbiilwc3xhnmby4mcbccnsd7j2rekvqd[.]onion/?page=49,United States,official_website,"The website metadata and text explicitly reference 'Pomfret, CT' and 'Connecticut Private Middle School', indicating the institution is located in Connecticut, United States.",High,enriched
Qilin,1010,49,Thomas M Hughes,Law Firms & Legal Services,hxxps://www.thomasmhughes.com/,"Sep 26, 2025",0,59.00 GB,59,hxxp://ijzn3sicrcy7guixkzjkib4ukbiilwc3xhnmby4mcbccnsd7j2rekvqd[.]onion/site/blog?uuid=2aee250e-74aa-4de7-b644-ed7270dadb60,hxxp://ijzn3sicrcy7guixkzjkib4ukbiilwc3xhnmby4mcbccnsd7j2rekvqd[.]onion/?page=49,United States,official_website,"Address listed on the website: 2575 Hamline Avenue N., Suite E Roseville, MN 55113 (Minnesota, US)",High,enriched
Qilin,1008,49,Yooshin Engineering Corporation,Construction,hxxps://yooshin.com/,"Sep 26, 2025",1029579,"3,300.00 GB",3300,hxxp://ijzn3sicrcy7guixkzjkib4ukbiilwc3xhnmby4mcbccnsd7j2rekvqd[.]onion/site/blog?uuid=8cc2a73c-f749-4eee-b4a3-504c8a08e1c4,hxxp://ijzn3sicrcy7guixkzjkib4ukbiilwc3xhnmby4mcbccnsd7j2rekvqd[.]onion/?page=49,South Korea,official_website,"The official website uses the Korean language extensively (e.g., '유신 가치 역사', '채용공고', '국내 해외', '수주소식') and references events and locations in South Korea, such as Songdo Convensia in Incheon ('인천 송도컨벤시아에서 열린 IABSE Congress Incheon 2026').",High,enriched
Qilin,1006,49,Podo Asset Management,Accounting Services,hxxp://podoam.co.kr/,"Sep 25, 2025",24981,17.00 GB,17,hxxp://ijzn3sicrcy7guixkzjkib4ukbiilwc3xhnmby4mcbccnsd7j2rekvqd[.]onion/site/blog?uuid=d2f6e3f8-f7e2-44d7-b4b5-32bf045ad068,hxxp://ijzn3sicrcy7guixkzjkib4ukbiilwc3xhnmby4mcbccnsd7j2rekvqd[.]onion/?page=49,South Korea,domain_tld,Company URL uses the country-code domain suffix .co.kr; verify against headquarters evidence.,Medium,tld_inferred
Qilin,1005,49,XCAssociates,Manufacturing,hxxp://www.xcassociates.com,"Sep 25, 2025",42141,14.00 GB,14,hxxp://ijzn3sicrcy7guixkzjkib4ukbiilwc3xhnmby4mcbccnsd7j2rekvqd[.]onion/site/blog?uuid=0a5ed356-5dce-4fa4-a402-661727e1d604,hxxp://ijzn3sicrcy7guixkzjkib4ukbiilwc3xhnmby4mcbccnsd7j2rekvqd[.]onion/?page=49,United States,official_website,"The text references a U.S. telephone area code ((518), which covers eastern New York state), a U.S. address reference for an event in Chicago, and US-centric context.",High,enriched
Qilin,1004,49,WEST,Advertising & Marketing,hxxps://west-az.com/,"Sep 25, 2025",69218,209.00 GB,209,hxxp://ijzn3sicrcy7guixkzjkib4ukbiilwc3xhnmby4mcbccnsd7j2rekvqd[.]onion/site/blog?uuid=42e8bafd-e492-4bfa-9f46-c782ca1f8e21,hxxp://ijzn3sicrcy7guixkzjkib4ukbiilwc3xhnmby4mcbccnsd7j2rekvqd[.]onion/?page=49,United States,official_website,"The company mentions a phone number with area code 480 (Arizona), a laboratory located in Mesa, AZ, and states that W.E.S.T., Inc. was organized in Anaheim, California and proudly serves the western states.",High,enriched
Qilin,1003,49,HUB ASSET MANAGEMENT Co,Accounting Services,hxxp://www.hubasset.co.kr/,"Sep 25, 2025",115780,387.00 GB,387,hxxp://ijzn3sicrcy7guixkzjkib4ukbiilwc3xhnmby4mcbccnsd7j2rekvqd[.]onion/site/blog?uuid=27a47134-c259-4c32-813c-bbdc193f0db3,hxxp://ijzn3sicrcy7guixkzjkib4ukbiilwc3xhnmby4mcbccnsd7j2rekvqd[.]onion/?page=49,South Korea,domain_tld,Company URL uses the country-code domain suffix .co.kr; verify against headquarters evidence.,Medium,tld_inferred
Qilin,1002,49,Summit Asset Management,Accounting Services,hxxp:// hxxp://summitam.co.kr/,"Sep 25, 2025",3687,3.00 GB,3,hxxp://ijzn3sicrcy7guixkzjkib4ukbiilwc3xhnmby4mcbccnsd7j2rekvqd[.]onion/site/blog?uuid=c5a3a5a7-d139-40ea-8402-05cd7011a5e8,hxxp://ijzn3sicrcy7guixkzjkib4ukbiilwc3xhnmby4mcbccnsd7j2rekvqd[.]onion/?page=49,South Korea,domain_only,"The company URL uses a country-code top-level domain for South Korea (.co.kr), but no official website text or registry metadata was collected to confirm the exact headquarters.",Low,enriched
Qilin,1001,49,Trustar Capital Management Co,Accounting Services,hxxp://www.trustarmgt.com/,"Sep 25, 2025",22915,7.00 GB,7,hxxp://ijzn3sicrcy7guixkzjkib4ukbiilwc3xhnmby4mcbccnsd7j2rekvqd[.]onion/site/blog?uuid=f4766ba8-cb92-4b99-a545-6cc4a924120c,hxxp://ijzn3sicrcy7guixkzjkib4ukbiilwc3xhnmby4mcbccnsd7j2rekvqd[.]onion/?page=49,South Korea,official_website,"Contact Us 찾아오시는 길 ... 서울특별시 강남구 테헤란로 409, 6층(삼성동) Tel: 02-6952-1167 Fax: 070-8228-1167 Copyright© Trustar Capital Management Co., Ltd.",High,enriched
Qilin,1000,49,Lakehaven,"Energy, Utilities & Waste",hxxps://lakehaven.org/,"Sep 25, 2025",155735,105.00 GB,105,hxxp://ijzn3sicrcy7guixkzjkib4ukbiilwc3xhnmby4mcbccnsd7j2rekvqd[.]onion/site/blog?uuid=3d0b7d6c-a07a-4904-aa17-223bb8c40bfe,hxxp://ijzn3sicrcy7guixkzjkib4ukbiilwc3xhnmby4mcbccnsd7j2rekvqd[.]onion/?page=49,United States,official_website,"Lakehaven Headquarters Building 31627A 1st Ave S P.O. Box 4249 Federal Way, WA 98063; official website of the United States government (State of Washington)",High,enriched
Qilin,999,49,Hale Makua Health Services,0,hxxps://www.halemakua.org/,"Sep 25, 2025",378396,175.00 GB,175,hxxp://ijzn3sicrcy7guixkzjkib4ukbiilwc3xhnmby4mcbccnsd7j2rekvqd[.]onion/site/blog?uuid=98b5c7a7-9633-40d6-b617-5d3164d3b01b,hxxp://ijzn3sicrcy7guixkzjkib4ukbiilwc3xhnmby4mcbccnsd7j2rekvqd[.]onion/?page=49,United States,official_website,"The webpage text indicates the company is based in Maui ('Maui based non-profit', 'helping Maui's Elders', 'Tax ID 99-0080460'), which is located in the United States (Hawaii).",High,enriched
Qilin,998,49,Grupo Bocel,Grocery Retail,hxxps://grupobocel.com/,"Sep 25, 2025",25674,6.00 GB,6,hxxp://ijzn3sicrcy7guixkzjkib4ukbiilwc3xhnmby4mcbccnsd7j2rekvqd[.]onion/site/blog?uuid=91f8d30a-640f-4d1a-9eca-8bd866ca5cde,hxxp://ijzn3sicrcy7guixkzjkib4ukbiilwc3xhnmby4mcbccnsd7j2rekvqd[.]onion/?page=49,Dominican Republic,official_website,"The website text explicitly mentions 'INVITA A LA FAMILIA DOMINICANA A COMPARTIR' (invites the Dominican family to share), indicating operations and target audience in the Dominican Republic.",Medium,enriched
Qilin,997,49,sperispa.com,Accounting Services,hxxps://www.sperispa.com/,"Sep 25, 2025",0,690.00 GB,690,hxxp://ijzn3sicrcy7guixkzjkib4ukbiilwc3xhnmby4mcbccnsd7j2rekvqd[.]onion/site/blog?uuid=d5b936cc-f014-49c1-9ed9-1e619d1760c4,hxxp://ijzn3sicrcy7guixkzjkib4ukbiilwc3xhnmby4mcbccnsd7j2rekvqd[.]onion/?page=49,Italy,official_website,"SPERI S.p.A. Lungotevere delle Navi, 19 00196 Rome ... offices ITALY Rome (HQ) ... P.IVA 01980341000 C.F. 08177840587",High,enriched
Qilin,996,49,regalmold.com,Industrial Machinery & Equipment,hxxps://www.regalmold.com/,"Sep 25, 2025",117908,57.00 GB,57,hxxp://ijzn3sicrcy7guixkzjkib4ukbiilwc3xhnmby4mcbccnsd7j2rekvqd[.]onion/site/blog?uuid=c1996fea-4c74-48f2-b0a7-ffcf95fb9844,hxxp://ijzn3sicrcy7guixkzjkib4ukbiilwc3xhnmby4mcbccnsd7j2rekvqd[.]onion/?page=49,United States,official_website,"Contact address lists '1817 Leer Drive, Elkhart, IN 46514', and web design credit is given to 'Goshen Indiana'.",High,enriched
Qilin,995,50,Hawkins Electrical Service L.L.C Information,Accounting Services,hxxps://www.hawkinselectricalservice.com/,"Sep 25, 2025",77756,19.00 GB,19,hxxp://ijzn3sicrcy7guixkzjkib4ukbiilwc3xhnmby4mcbccnsd7j2rekvqd[.]onion/site/blog?uuid=39a66f01-ed52-4da4-9451-9b1bba01687d,hxxp://ijzn3sicrcy7guixkzjkib4ukbiilwc3xhnmby4mcbccnsd7j2rekvqd[.]onion/?page=50,United States,official_website,"The website metadata and text explicitly state locations in Marshalltown, Iowa and Laurel, Iowa, with US state options including Iowa and addresses showing IA 50158 and IA 50141.",High,enriched
Qilin,994,50,smpeurope.com,Industrial Machinery & Equipment,hxxps://www.smpeurope.com/,"Sep 25, 2025",0,232.00 GB,232,hxxp://ijzn3sicrcy7guixkzjkib4ukbiilwc3xhnmby4mcbccnsd7j2rekvqd[.]onion/site/blog?uuid=0c3fd9cb-5136-4f0e-b647-e7b84ba0eea3,hxxp://ijzn3sicrcy7guixkzjkib4ukbiilwc3xhnmby4mcbccnsd7j2rekvqd[.]onion/?page=50,United Kingdom,official_website,Contact address: Unit 5B Little Oak Drive Annesley Nottinghamshire NG15 0DR United Kingdom; Copyright 2025 Intermotor Group Ltd.,High,enriched
Qilin,993,50,Town of Waxhaw,Government,hxxps://www.waxhaw.com/,"Sep 25, 2025",0,619.00 GB,619,hxxp://ijzn3sicrcy7guixkzjkib4ukbiilwc3xhnmby4mcbccnsd7j2rekvqd[.]onion/site/blog?uuid=6c02adb2-312f-44d6-ab84-b7494606e398,hxxp://ijzn3sicrcy7guixkzjkib4ukbiilwc3xhnmby4mcbccnsd7j2rekvqd[.]onion/?page=50,United States,official_website,"The webpage text explicitly lists the address '4218 Waxhaw‑Marvin Rd, Waxhaw, NC 28173' and 'Town of Waxhaw, NC'. NC refers to North Carolina, a state in the United States.",High,enriched
Qilin,992,50,O'Connor Capital Partners,Finance,hxxps://oconnorcp.com/,"Sep 25, 2025",18129,37.00 GB,37,hxxp://ijzn3sicrcy7guixkzjkib4ukbiilwc3xhnmby4mcbccnsd7j2rekvqd[.]onion/site/blog?uuid=be163b4a-ac29-4773-9126-59c7dddba2bd,hxxp://ijzn3sicrcy7guixkzjkib4ukbiilwc3xhnmby4mcbccnsd7j2rekvqd[.]onion/?page=50,United States,official_website,"NEW YORK HEADQUARTERS 535 Madison Avenue, 6th Floor New York, NY 10022",High,enriched
Qilin,991,50,Turf Valley Resort Golf Club,Hospitality,hxxps://www.turfvalley.com/,"Sep 25, 2025",0,222.00 GB,222,hxxp://ijzn3sicrcy7guixkzjkib4ukbiilwc3xhnmby4mcbccnsd7j2rekvqd[.]onion/site/blog?uuid=b6945a91-81e0-4721-a9a6-5a1ef2d0f6ea,hxxp://ijzn3sicrcy7guixkzjkib4ukbiilwc3xhnmby4mcbccnsd7j2rekvqd[.]onion/?page=50,Unknown,unknown,No evidence or webpage text was provided to determine the headquarters or primary registration country of Turf Valley Resort Golf Club.,Unknown,unknown
Qilin,990,50,Hoffman Estates,Government,hxxps://www.heparks.org/,"Sep 25, 2025",59809,53.00 GB,53,hxxp://ijzn3sicrcy7guixkzjkib4ukbiilwc3xhnmby4mcbccnsd7j2rekvqd[.]onion/site/blog?uuid=eaaa7cf0-f690-4441-9b8e-5c865c896d84,hxxp://ijzn3sicrcy7guixkzjkib4ukbiilwc3xhnmby4mcbccnsd7j2rekvqd[.]onion/?page=50,Unknown,unknown,"The provided text contains only the company name and URL, with no explicit headquarters, registered office, contact address, or company profile evidence supplied to determine the country.",Unknown,unknown
Qilin,989,50,First Atlantic Capital,Real Estate,hxxps://firstatlanticcapital.com/,"Sep 25, 2025",68222,49.00 GB,49,hxxp://ijzn3sicrcy7guixkzjkib4ukbiilwc3xhnmby4mcbccnsd7j2rekvqd[.]onion/site/blog?uuid=8c1f903a-294f-4b5f-9cbb-e509251b0db5,hxxp://ijzn3sicrcy7guixkzjkib4ukbiilwc3xhnmby4mcbccnsd7j2rekvqd[.]onion/?page=50,United States,official_website,"The website text mentions investments primarily in residential properties in large metropolitan markets, such as New York City, and references its founding in 1989 by Roberto Buaron.",Medium,enriched
Qilin,988,50,Pangea Travel Store,Hospitality,hxxps://www.pangea.es,"Sep 25, 2025",195469,285.00 GB,285,hxxp://ijzn3sicrcy7guixkzjkib4ukbiilwc3xhnmby4mcbccnsd7j2rekvqd[.]onion/site/blog?uuid=0f9af922-fe58-4e65-ae43-2e6e894b7991,hxxp://ijzn3sicrcy7guixkzjkib4ukbiilwc3xhnmby4mcbccnsd7j2rekvqd[.]onion/?page=50,Spain,domain_tld,Company URL uses the country-code domain suffix .es; verify against headquarters evidence.,Medium,tld_inferred
Qilin,987,50,Officepro,Education,hxxps://officepro.cl/,"Sep 24, 2025",22453,11.00 GB,11,hxxp://ijzn3sicrcy7guixkzjkib4ukbiilwc3xhnmby4mcbccnsd7j2rekvqd[.]onion/site/blog?uuid=67c47c68-11b9-44c3-add9-eda4248d2247,hxxp://ijzn3sicrcy7guixkzjkib4ukbiilwc3xhnmby4mcbccnsd7j2rekvqd[.]onion/?page=50,Chile,domain_tld,Company URL uses the country-code domain suffix .cl; verify against headquarters evidence.,Medium,tld_inferred
Qilin,986,50,MPM Imports,Grocery Retail,hxxp://www.mpmimports.com.cy,"Sep 24, 2025",47463,32.00 GB,32,hxxp://ijzn3sicrcy7guixkzjkib4ukbiilwc3xhnmby4mcbccnsd7j2rekvqd[.]onion/site/blog?uuid=a32a3733-5ce9-4b19-8437-9ac6e5ef3a47,hxxp://ijzn3sicrcy7guixkzjkib4ukbiilwc3xhnmby4mcbccnsd7j2rekvqd[.]onion/?page=50,Cyprus,official_website,Website metadata and text state 'Importing and Distributing various products in Cyprus' and copyright references 'MPM Imports Ltd'.,High,enriched
Qilin,985,50,Sistema Odontológico Privado,Business Services,hxxps://www.sop.com.ar/,"Sep 24, 2025",43487,45.00 GB,45,hxxp://ijzn3sicrcy7guixkzjkib4ukbiilwc3xhnmby4mcbccnsd7j2rekvqd[.]onion/site/blog?uuid=ac29332c-8e97-4ded-ad71-223ddaf70e14,hxxp://ijzn3sicrcy7guixkzjkib4ukbiilwc3xhnmby4mcbccnsd7j2rekvqd[.]onion/?page=50,Argentina,domain_tld,Company URL uses the country-code domain suffix .com.ar; verify against headquarters evidence.,Medium,tld_inferred
Qilin,983,50,Chris Rodriguez Installers,Commercial & Residential Construction,hxxp://www.cr-installers.com,"Sep 23, 2025",60353,41.00 GB,41,hxxp://ijzn3sicrcy7guixkzjkib4ukbiilwc3xhnmby4mcbccnsd7j2rekvqd[.]onion/site/blog?uuid=cb44f357-047c-4bb4-bcbd-ad6dc0ba5744,hxxp://ijzn3sicrcy7guixkzjkib4ukbiilwc3xhnmby4mcbccnsd7j2rekvqd[.]onion/?page=50,United States,official_website,"Contact address lists: 9610 Gunston Cove Road, Suite B2, Lorton, VA 22079 (which includes the US state abbreviation VA for Virginia).",High,enriched
Qilin,982,50,www.meduane-habitat.fr,Real Estate,hxxp://www.meduane-habitat.fr,"Sep 23, 2025",30197,39.00 GB,39,hxxp://ijzn3sicrcy7guixkzjkib4ukbiilwc3xhnmby4mcbccnsd7j2rekvqd[.]onion/site/blog?uuid=229d4142-ca64-4391-9647-7421f41d5dc4,hxxp://ijzn3sicrcy7guixkzjkib4ukbiilwc3xhnmby4mcbccnsd7j2rekvqd[.]onion/?page=50,France,domain_tld,Company URL uses the country-code domain suffix .fr; verify against headquarters evidence.,Medium,tld_inferred
Qilin,981,50,APM Finance,Banking,hxxp://www.apm-finance.de,"Sep 23, 2025",5233,7.00 GB,7,hxxp://ijzn3sicrcy7guixkzjkib4ukbiilwc3xhnmby4mcbccnsd7j2rekvqd[.]onion/site/blog?uuid=e8ba51ba-81ad-450c-8204-745d92cca0c3,hxxp://ijzn3sicrcy7guixkzjkib4ukbiilwc3xhnmby4mcbccnsd7j2rekvqd[.]onion/?page=50,Germany,domain_tld,Company URL uses the country-code domain suffix .de; verify against headquarters evidence.,Medium,tld_inferred
Qilin,978,50,Apex Bulk,Accounting Services,hxxps://www.apexbulk.com/,"Sep 22, 2025",192013,137.00 GB,137,hxxp://ijzn3sicrcy7guixkzjkib4ukbiilwc3xhnmby4mcbccnsd7j2rekvqd[.]onion/site/blog?uuid=954876fd-991a-408e-b50b-f03c24fea3fb,hxxp://ijzn3sicrcy7guixkzjkib4ukbiilwc3xhnmby4mcbccnsd7j2rekvqd[.]onion/?page=50,United States,official_website,"Based in Adelanto, California, Apex has grown from its original single location to 7 full service terminals throughout the western United States.",High,enriched
Qilin,977,50,NFI North,Non-Profit & Charitable Organizations,hxxps://www.nfinorth.com/,"Sep 22, 2025",0,"1,700.00 GB",1700,hxxp://ijzn3sicrcy7guixkzjkib4ukbiilwc3xhnmby4mcbccnsd7j2rekvqd[.]onion/site/blog?uuid=c63b4a09-b710-4297-b8ed-ce1c11b8fa30,hxxp://ijzn3sicrcy7guixkzjkib4ukbiilwc3xhnmby4mcbccnsd7j2rekvqd[.]onion/?page=50,United States,official_website,"The company operates across the states of Maine and New Hampshire, utilizes a US 501(c)(3) tax-exempt status with an EIN, mentions locations such as Lebanon and Newport, NH, Bridgton, Maine, and provides a contact address at 40 Park Lane, Contoocook, NH 03229.",High,enriched
Qilin,974,50,ZEF,Accounting Services,hxxps://www.zef.de/,"Sep 21, 2025",,,,hxxp://ijzn3sicrcy7guixkzjkib4ukbiilwc3xhnmby4mcbccnsd7j2rekvqd[.]onion/site/blog?uuid=5622ace3-5d1e-4ae9-9a25-e5183a09e89d,hxxp://ijzn3sicrcy7guixkzjkib4ukbiilwc3xhnmby4mcbccnsd7j2rekvqd[.]onion/?page=50,Germany,domain_tld,Company URL uses the country-code domain suffix .de; verify against headquarters evidence.,Medium,tld_inferred
Qilin,973,50,Goodcents,Accounting Services,hxxp:// hxxps://customfoodsinc.com/,"Sep 20, 2025",45937,27.00 GB,27,hxxp://ijzn3sicrcy7guixkzjkib4ukbiilwc3xhnmby4mcbccnsd7j2rekvqd[.]onion/site/blog?uuid=9482e048-8aeb-4617-98bf-ce551d9c333c,hxxp://ijzn3sicrcy7guixkzjkib4ukbiilwc3xhnmby4mcbccnsd7j2rekvqd[.]onion/?page=50,Unknown,unknown,The supplied evidence does not contain explicit information regarding the headquarters or registration country of Goodcents (associated with the URL customfoodsinc.com).,Unknown,unknown
Qilin,972,50,NV ELMAR,"Electricity, Oil & Gas",hxxps://www.elmar.aw/,"Sep 20, 2025",635123,975.00 GB,975,hxxp://ijzn3sicrcy7guixkzjkib4ukbiilwc3xhnmby4mcbccnsd7j2rekvqd[.]onion/site/blog?uuid=0fd2d1b4-c708-4522-870d-18e2b2d924e2,hxxp://ijzn3sicrcy7guixkzjkib4ukbiilwc3xhnmby4mcbccnsd7j2rekvqd[.]onion/?page=50,Aruba,domain_only,"The company URL uses the country code top-level domain '.aw', which corresponds to Aruba.",Medium,enriched
Qilin,971,50,cegconstruction.com,Commercial & Residential Construction,hxxps://www.cegconstruction.com,"Sep 20, 2025",106492,66.00 GB,66,hxxp://ijzn3sicrcy7guixkzjkib4ukbiilwc3xhnmby4mcbccnsd7j2rekvqd[.]onion/site/blog?uuid=db4ca62a-ee6d-465a-8561-05c3396fc403,hxxp://ijzn3sicrcy7guixkzjkib4ukbiilwc3xhnmby4mcbccnsd7j2rekvqd[.]onion/?page=50,United States,official_website,"The official website metadata and text explicitly state operations and addresses in locations such as Los Angeles, Orange County, Inland Empire, Southern California, and Pico Rivera, CA 90660, along with a US state contractor license number.",High,enriched
Qilin,970,51,Edelman&Edelman,Law Firms & Legal Services,hxxps://www.edelmanpclaw.com,"Sep 20, 2025",152350,350.00 GB,350,hxxp://ijzn3sicrcy7guixkzjkib4ukbiilwc3xhnmby4mcbccnsd7j2rekvqd[.]onion/site/blog?uuid=67cf145b-253f-45d1-903b-4f4486f3c5f2,hxxp://ijzn3sicrcy7guixkzjkib4ukbiilwc3xhnmby4mcbccnsd7j2rekvqd[.]onion/?page=51,Unknown,unknown,No evidence or webpage text provided to determine the headquarters or primary registration country.,Unknown,unknown
Qilin,966,51,EUM Asset Management,Accounting Services,hxxp://www.eumasset.com/,"Sep 18, 2025",4678,2.00 GB,2,hxxp://ijzn3sicrcy7guixkzjkib4ukbiilwc3xhnmby4mcbccnsd7j2rekvqd[.]onion/site/blog?uuid=e18f9e24-4791-4800-9055-1574e9aa8ba3,hxxp://ijzn3sicrcy7guixkzjkib4ukbiilwc3xhnmby4mcbccnsd7j2rekvqd[.]onion/?page=51,Unknown,unknown,"No official website metadata, registry records, or specific geographic address evidence were provided in the input.",Unknown,unknown
Qilin,965,51,Broad High Asset Management,Accounting Services,hxxps://www.bhasset.co.kr/,"Sep 18, 2025",16260,10.00 GB,10,hxxp://ijzn3sicrcy7guixkzjkib4ukbiilwc3xhnmby4mcbccnsd7j2rekvqd[.]onion/site/blog?uuid=a1125c3d-3c47-48c2-872f-33387c2b7cfe,hxxp://ijzn3sicrcy7guixkzjkib4ukbiilwc3xhnmby4mcbccnsd7j2rekvqd[.]onion/?page=51,South Korea,domain_tld,Company URL uses the country-code domain suffix .co.kr; verify against headquarters evidence.,Medium,tld_inferred
Qilin,964,51,ST Asset Management Co,Accounting Services,hxxp://stasset.co.kr,"Sep 18, 2025",29794,33.00 GB,33,hxxp://ijzn3sicrcy7guixkzjkib4ukbiilwc3xhnmby4mcbccnsd7j2rekvqd[.]onion/site/blog?uuid=390f534f-8392-4e43-811b-8a9316b0338e,hxxp://ijzn3sicrcy7guixkzjkib4ukbiilwc3xhnmby4mcbccnsd7j2rekvqd[.]onion/?page=51,South Korea,domain_tld,Company URL uses the country-code domain suffix .co.kr; verify against headquarters evidence.,Medium,tld_inferred
Qilin,963,51,EOS Asset management,Accounting Services,hxxp://www.eosam.co.kr/,"Sep 18, 2025",21210,38.00 GB,38,hxxp://ijzn3sicrcy7guixkzjkib4ukbiilwc3xhnmby4mcbccnsd7j2rekvqd[.]onion/site/blog?uuid=34ccf46d-1963-4859-bcc1-0ea9b88af332,hxxp://ijzn3sicrcy7guixkzjkib4ukbiilwc3xhnmby4mcbccnsd7j2rekvqd[.]onion/?page=51,South Korea,domain_tld,Company URL uses the country-code domain suffix .co.kr; verify against headquarters evidence.,Medium,tld_inferred
Qilin,962,51,Orum Asset management,Accounting Services,hxxp://orumam.com/kor/main/,"Sep 18, 2025",,,,hxxp://ijzn3sicrcy7guixkzjkib4ukbiilwc3xhnmby4mcbccnsd7j2rekvqd[.]onion/site/blog?uuid=cce45dab-2434-465b-881b-f053b9ff039a,hxxp://ijzn3sicrcy7guixkzjkib4ukbiilwc3xhnmby4mcbccnsd7j2rekvqd[.]onion/?page=51,Unknown,unknown,"No official website metadata, address, or registration details were provided in the evidence. The URL uses a generic .com domain and a /kor/ subdirectory, which is insufficient to conclusively determine the corporate headquarters.",Unknown,unknown
Qilin,961,51,Dblock Asset Management Co,Accounting Services,hxxp://dblocasset.com/,"Sep 18, 2025",21367,71.00 GB,71,hxxp://ijzn3sicrcy7guixkzjkib4ukbiilwc3xhnmby4mcbccnsd7j2rekvqd[.]onion/site/blog?uuid=698c62a0-83ac-4182-9abf-8bc19efc4657,hxxp://ijzn3sicrcy7guixkzjkib4ukbiilwc3xhnmby4mcbccnsd7j2rekvqd[.]onion/?page=51,South Korea,official_website,"Contact Us text includes address: 서울시 강남구 도산대로 518, 4층(청담동, 더모자익 빌딩) (Seoul, South Korea) and references Korean financial authorities such as the Financial Services Commission and Financial Supervisory Service.",High,enriched
Qilin,960,51,SUNIQUE Asset Management Co,Accounting Services,hxxp://suniqueam.co.kr/,"Sep 17, 2025",9774,4.00 GB,4,hxxp://ijzn3sicrcy7guixkzjkib4ukbiilwc3xhnmby4mcbccnsd7j2rekvqd[.]onion/site/blog?uuid=3a62b1c7-a6b8-4a5e-9296-e5b12bec8297,hxxp://ijzn3sicrcy7guixkzjkib4ukbiilwc3xhnmby4mcbccnsd7j2rekvqd[.]onion/?page=51,South Korea,domain_tld,Company URL uses the country-code domain suffix .co.kr; verify against headquarters evidence.,Medium,tld_inferred
Qilin,959,51,Zebra Asset Management Co,Accounting Services,hxxps://zebraasset.com,"Sep 17, 2025",12831,10.00 GB,10,hxxp://ijzn3sicrcy7guixkzjkib4ukbiilwc3xhnmby4mcbccnsd7j2rekvqd[.]onion/site/blog?uuid=0ae9b0dd-c9d8-4db7-a188-247dccaa45e4,hxxp://ijzn3sicrcy7guixkzjkib4ukbiilwc3xhnmby4mcbccnsd7j2rekvqd[.]onion/?page=51,South Korea,official_website,"Visible text from the official website explicitly states the address in Gangnam-gu, Seoul, South Korea (Seoul, 06193 Korea) and provides the company name in Korean and English as Zebra Asset Management Co,. Ltd.",High,enriched
Qilin,958,51,Saebom Asset Management,Accounting Services,hxxp://newspringfund.com/,"Sep 17, 2025",51225,55.00 GB,55,hxxp://ijzn3sicrcy7guixkzjkib4ukbiilwc3xhnmby4mcbccnsd7j2rekvqd[.]onion/site/blog?uuid=f0aac6fb-3d7c-4e5e-bb57-81a0230bb6e0,hxxp://ijzn3sicrcy7guixkzjkib4ukbiilwc3xhnmby4mcbccnsd7j2rekvqd[.]onion/?page=51,South Korea,official_website,"서울특별시 영등포구 은행로 29, 1009호(여의도동,정우빌딩) (Seoul, South Korea address in the contact section)",High,enriched
Qilin,957,51,"Spartanburg County, SC",Government,hxxps://www.spartanburgcounty.org/,"Sep 17, 2025",488711,390.00 GB,390,hxxp://ijzn3sicrcy7guixkzjkib4ukbiilwc3xhnmby4mcbccnsd7j2rekvqd[.]onion/site/blog?uuid=8ee89ba0-803e-4c8e-866d-e6c77bcc654f,hxxp://ijzn3sicrcy7guixkzjkib4ukbiilwc3xhnmby4mcbccnsd7j2rekvqd[.]onion/?page=51,United States,official_website,"Spartanburg County, SC (South Carolina) official website indicating a local U.S. government entity.",High,enriched
Qilin,956,51,Prime Asset Fund,Banking,hxxp://www.primeassetfund.com,"Sep 17, 2025",441845,887.00 GB,887,hxxp://ijzn3sicrcy7guixkzjkib4ukbiilwc3xhnmby4mcbccnsd7j2rekvqd[.]onion/site/blog?uuid=cf3be356-5de9-42e2-b26b-e6ac37e11c0c,hxxp://ijzn3sicrcy7guixkzjkib4ukbiilwc3xhnmby4mcbccnsd7j2rekvqd[.]onion/?page=51,Unknown,unknown,"No official website metadata, address, or registration details were provided in the evidence to determine the country of the company.",Unknown,unknown
Qilin,955,51,BiznessHosting,Business Services,hxxps://www.volico.com/,"Sep 16, 2025",61337,24.00 GB,24,hxxp://ijzn3sicrcy7guixkzjkib4ukbiilwc3xhnmby4mcbccnsd7j2rekvqd[.]onion/site/blog?uuid=e94c3ebe-a290-49df-bb3d-af9cbf796ac4,hxxp://ijzn3sicrcy7guixkzjkib4ukbiilwc3xhnmby4mcbccnsd7j2rekvqd[.]onion/?page=51,United States,official_website,"Visible text mentions locations in Fort Lauderdale, FL and Miami, FL, indicating operations in the United States.",Medium,enriched
Qilin,954,51,Vdyne,Manufacturing,hxxps://www.vdyne.com/,"Sep 16, 2025",39000,278.00 GB,278,hxxp://ijzn3sicrcy7guixkzjkib4ukbiilwc3xhnmby4mcbccnsd7j2rekvqd[.]onion/site/blog?uuid=9f8522e4-4837-402a-8087-f45cc2134c5b,hxxp://ijzn3sicrcy7guixkzjkib4ukbiilwc3xhnmby4mcbccnsd7j2rekvqd[.]onion/?page=51,United States,official_website,"VDyne, Inc. 10900 73rd Avenue North, Suite 116 Maple Grove, MN USA",High,enriched
Qilin,818,51,"Inotiv, Inc",Accounting Services,hxxp://inotiv.com,"Sep 14, 2025",,,,hxxp://ijzn3sicrcy7guixkzjkib4ukbiilwc3xhnmby4mcbccnsd7j2rekvqd[.]onion/site/blog?uuid=1b8b16b7-c7fe-4c1d-8580-e21abf24c147,hxxp://ijzn3sicrcy7guixkzjkib4ukbiilwc3xhnmby4mcbccnsd7j2rekvqd[.]onion/?page=51,Unknown,unknown,"The provided text mentions services and products such as toxicology, research models, and bioanalysis, but does not contain explicit headquarters, registered-office, or contact-address evidence indicating the country of registration or headquarters.",Unknown,unknown
Qilin,953,51,Pollex Asset Management Co.,Accounting Services,hxxp://www.pollexasset.co.kr/,"Sep 14, 2025",12870,5.00 GB,5,hxxp://ijzn3sicrcy7guixkzjkib4ukbiilwc3xhnmby4mcbccnsd7j2rekvqd[.]onion/site/blog?uuid=e133da25-2d89-4df8-ac3c-93dbef66ffa7,hxxp://ijzn3sicrcy7guixkzjkib4ukbiilwc3xhnmby4mcbccnsd7j2rekvqd[.]onion/?page=51,South Korea,domain_tld,Company URL uses the country-code domain suffix .co.kr; verify against headquarters evidence.,Medium,tld_inferred
Qilin,952,51,Awesome Asset Management Co,Accounting Services,hxxp://www.awesomeasset.co.kr/,"Sep 14, 2025",10552,5.00 GB,5,hxxp://ijzn3sicrcy7guixkzjkib4ukbiilwc3xhnmby4mcbccnsd7j2rekvqd[.]onion/site/blog?uuid=32772327-6461-4ad8-b10d-391691190b69,hxxp://ijzn3sicrcy7guixkzjkib4ukbiilwc3xhnmby4mcbccnsd7j2rekvqd[.]onion/?page=51,South Korea,domain_tld,Company URL uses the country-code domain suffix .co.kr; verify against headquarters evidence.,Medium,tld_inferred
Qilin,951,51,Human and Bridge Asset Management,Accounting Services,hxxp://www.hnbasset.com/,"Sep 14, 2025",13466,9.00 GB,9,hxxp://ijzn3sicrcy7guixkzjkib4ukbiilwc3xhnmby4mcbccnsd7j2rekvqd[.]onion/site/blog?uuid=abb95cb5-44d0-4be4-8c0b-a4eaf759765d,hxxp://ijzn3sicrcy7guixkzjkib4ukbiilwc3xhnmby4mcbccnsd7j2rekvqd[.]onion/?page=51,South Korea,official_website,"Contact Us section lists address in Seoul, South Korea: '서울특별시 강남구 봉은사로 543, 5층(삼성동, 두에빌딩)' and Korean regulatory bodies such as '금융감독원' (Financial Supervisory Service) and '금융위원회' (Financial Services Commission).",High,enriched
Qilin,950,51,Klarman Asset Management,Accounting Services,hxxps://www.klarmanasset.com/,"Sep 14, 2025",7843,8.00 GB,8,hxxp://ijzn3sicrcy7guixkzjkib4ukbiilwc3xhnmby4mcbccnsd7j2rekvqd[.]onion/site/blog?uuid=54461e13-94f0-40b8-8fb3-ee664b39c71f,hxxp://ijzn3sicrcy7guixkzjkib4ukbiilwc3xhnmby4mcbccnsd7j2rekvqd[.]onion/?page=51,Unknown,unknown,No official website metadata or registry evidence was provided in the input to determine the headquarters or primary registration country.,Unknown,unknown
Qilin,946,51,Majesty Asset Management Co.,Accounting Services,hxxp://www.majestyasset.co.kr/,"Sep 14, 2025",22594,12.00 GB,12,hxxp://ijzn3sicrcy7guixkzjkib4ukbiilwc3xhnmby4mcbccnsd7j2rekvqd[.]onion/site/blog?uuid=58d68417-f783-4c6c-974a-211cf217c98d,hxxp://ijzn3sicrcy7guixkzjkib4ukbiilwc3xhnmby4mcbccnsd7j2rekvqd[.]onion/?page=51,South Korea,domain_tld,Company URL uses the country-code domain suffix .co.kr; verify against headquarters evidence.,Medium,tld_inferred
Qilin,942,52,Orleans Parish Sheriff's Office,Government,hxxps://www.opso.gov/,"Sep 13, 2025",0,842.00 GB,842,hxxp://ijzn3sicrcy7guixkzjkib4ukbiilwc3xhnmby4mcbccnsd7j2rekvqd[.]onion/site/blog?uuid=a3cbee4e-4b05-4b60-b133-59b79daea5ac,hxxp://ijzn3sicrcy7guixkzjkib4ukbiilwc3xhnmby4mcbccnsd7j2rekvqd[.]onion/?page=52,United States,official_website,"The official website metadata and title explicitly state 'Orleans Parish Sheriff Office, LA', referring to Louisiana, a state in the United States, along with context indicating a local U.S. government sheriff's office.",High,enriched
Qilin,941,52,bio3g.com,Manufacturing,hxxps://www.bio3g.com/,"Sep 13, 2025",206306,100.00 GB,100,hxxp://ijzn3sicrcy7guixkzjkib4ukbiilwc3xhnmby4mcbccnsd7j2rekvqd[.]onion/site/blog?uuid=8d600b16-a5a1-4444-824f-21c8e6fba89a,hxxp://ijzn3sicrcy7guixkzjkib4ukbiilwc3xhnmby4mcbccnsd7j2rekvqd[.]onion/?page=52,France,official_website,"The website text is entirely in French and lists numerous French department numbers associated with its pilot farms (e.g., Ardennes (08), Aveyron (12), Côtes d'Armor (22), etc.), alongside a French telephone number format (02 96 67 41 41).",High,enriched
Qilin,940,52,trchealthcare.com,Accounting Services,hxxps://trchealthcare.com/,"Sep 13, 2025",,,,hxxp://ijzn3sicrcy7guixkzjkib4ukbiilwc3xhnmby4mcbccnsd7j2rekvqd[.]onion/site/blog?uuid=29210024-7616-470e-ae99-aab7843409e5,hxxp://ijzn3sicrcy7guixkzjkib4ukbiilwc3xhnmby4mcbccnsd7j2rekvqd[.]onion/?page=52,United States,official_website,80% Of U.S. Pharmacists Rely on TRC Solutions,Medium,enriched
Qilin,939,52,Volume Transportation,Freight & Logistics Services,hxxps://www.volinc.com/,"Sep 13, 2025",151269,67.00 GB,67,hxxp://ijzn3sicrcy7guixkzjkib4ukbiilwc3xhnmby4mcbccnsd7j2rekvqd[.]onion/site/blog?uuid=52ea8abe-ada0-453b-a827-e44b15b115aa,hxxp://ijzn3sicrcy7guixkzjkib4ukbiilwc3xhnmby4mcbccnsd7j2rekvqd[.]onion/?page=52,United States,official_website,The webpage text explicitly mentions: 'become one of the best trucking companies in the United States.' and refers to the company as 'Volume Transportation Inc.',High,enriched
Qilin,937,52,Ashe,Business Services,hxxps://ashe.com.co/,"Sep 12, 2025",855600,753.00 GB,753,hxxp://ijzn3sicrcy7guixkzjkib4ukbiilwc3xhnmby4mcbccnsd7j2rekvqd[.]onion/site/blog?uuid=483c8084-c30a-439d-9104-04c57594ed75,hxxp://ijzn3sicrcy7guixkzjkib4ukbiilwc3xhnmby4mcbccnsd7j2rekvqd[.]onion/?page=52,Colombia,official_website,"The official website text states that ASHE was founded in the city of Cali in 1946, has agencies in Colombian cities such as Cali, Bogotá, Medellín, Bucaramanga, and Pereira, performs national shipments, and operates as ASHE S.A.S. (a standard Colombian corporate entity designation). The domain extension (.com.co) further aligns with Colombia.",High,enriched
Qilin,936,52,Eagle Excavation,Construction,hxxps://eaglexinc.com/,"Sep 12, 2025",16443,43.00 GB,43,hxxp://ijzn3sicrcy7guixkzjkib4ukbiilwc3xhnmby4mcbccnsd7j2rekvqd[.]onion/site/blog?uuid=5a835dbb-e92c-4cb9-9043-a64db6b6de2c,hxxp://ijzn3sicrcy7guixkzjkib4ukbiilwc3xhnmby4mcbccnsd7j2rekvqd[.]onion/?page=52,Unknown,unknown,"No official website metadata, address, or registry information was provided in the evidence to determine the company's headquarters or registration country.",Unknown,unknown
Qilin,935,52,UT HEALTH Austin,Accounting Services,hxxps://uthealthaustin.org,"Sep 12, 2025",,,,hxxp://ijzn3sicrcy7guixkzjkib4ukbiilwc3xhnmby4mcbccnsd7j2rekvqd[.]onion/site/blog?uuid=36603fe6-4872-4169-8051-42d68143a5b5,hxxp://ijzn3sicrcy7guixkzjkib4ukbiilwc3xhnmby4mcbccnsd7j2rekvqd[.]onion/?page=52,United States,official_website,"References to Dell Medical School, Dell Children’s Medical Center, and clinical partnerships strongly indicate an entity based in the United States (specifically Texas, given the 'UT' naming convention for University of Texas).",High,enriched
Qilin,934,52,EURORDIS,Accounting Services,hxxp://www.eurordis.org,"Sep 12, 2025",,,,hxxp://ijzn3sicrcy7guixkzjkib4ukbiilwc3xhnmby4mcbccnsd7j2rekvqd[.]onion/site/blog?uuid=80fcc90e-18e7-40a7-b1d4-f3c0519cd14d,hxxp://ijzn3sicrcy7guixkzjkib4ukbiilwc3xhnmby4mcbccnsd7j2rekvqd[.]onion/?page=52,Unknown,unknown,"The provided text mentions 'EURORDIS-Rare Diseases Europe' and activities related to Europe, but does not contain an explicit headquarters address, registered-office country, contact-address, or official company-profile registry confirming a specific registration country.",Unknown,unknown
Qilin,933,52,PQCNC Hospitals,Accounting Services,hxxp://www.pqcnc.org,"Sep 12, 2025",,,,hxxp://ijzn3sicrcy7guixkzjkib4ukbiilwc3xhnmby4mcbccnsd7j2rekvqd[.]onion/site/blog?uuid=624d080d-bd19-4ef8-80f7-e8e6ccd4c583,hxxp://ijzn3sicrcy7guixkzjkib4ukbiilwc3xhnmby4mcbccnsd7j2rekvqd[.]onion/?page=52,United States,official_website,"The website text explicitly references the Perinatal Quality Collaborative of North Carolina (PQCNC), making North Carolina the best place to give birth, and mentions that perinatal mental health conditions are the most common complication in the United States.",High,enriched
Qilin,931,52,denali-industrial.com,Accounting Services,hxxps://www.denali-industrial.com/,"Sep 12, 2025",,,,hxxp://ijzn3sicrcy7guixkzjkib4ukbiilwc3xhnmby4mcbccnsd7j2rekvqd[.]onion/site/blog?uuid=481827e1-d7eb-4440-a4d0-3862d53e29e3,hxxp://ijzn3sicrcy7guixkzjkib4ukbiilwc3xhnmby4mcbccnsd7j2rekvqd[.]onion/?page=52,United States,official_website,"Addresses listed in Fairbanks, AK and Anchorage, AK with explicit references to Alaska ('Alaska's Premier Supplier', 'State of Alaska').",High,enriched
Qilin,927,52,Spectra Logic,Accounting Services,hxxp://www.spectralogic.com,"Sep 10, 2025",,,,hxxp://ijzn3sicrcy7guixkzjkib4ukbiilwc3xhnmby4mcbccnsd7j2rekvqd[.]onion/site/blog?uuid=00fba80a-6848-49b8-be51-88315c1d8ba6,hxxp://ijzn3sicrcy7guixkzjkib4ukbiilwc3xhnmby4mcbccnsd7j2rekvqd[.]onion/?page=52,Unknown,unknown,"The provided webpage text and metadata mention product lines, industries served, and awards, but do not contain explicit information regarding the company's headquarters, registered office, or contact address country.",Unknown,unknown
Qilin,925,52,port-orange.org,Accounting Services,hxxps://www.port-orange.org/,"Sep 9, 2025",,,,hxxp://ijzn3sicrcy7guixkzjkib4ukbiilwc3xhnmby4mcbccnsd7j2rekvqd[.]onion/site/blog?uuid=8fed3c77-84d5-4465-926a-f4fb2de97213,hxxp://ijzn3sicrcy7guixkzjkib4ukbiilwc3xhnmby4mcbccnsd7j2rekvqd[.]onion/?page=52,United States,official_website,"Contact Us: 1000 City Center Circle, Port Orange, FL 32129, and references to Florida (FL) and the Florida Division of Emergency Management.",High,enriched
Qilin,924,52,Wouters France,Accounting Services,hxxps://www.bloomberg.com/profile/company/7478956Z:FP,"Sep 9, 2025",,,,hxxp://ijzn3sicrcy7guixkzjkib4ukbiilwc3xhnmby4mcbccnsd7j2rekvqd[.]onion/site/blog?uuid=b1fe1c78-6a7e-456d-b0f6-8db6a2425ab9,hxxp://ijzn3sicrcy7guixkzjkib4ukbiilwc3xhnmby4mcbccnsd7j2rekvqd[.]onion/?page=52,France,trusted_company_profile,"The company name is 'Wouters France' and the Bloomberg profile URL includes the suffix ':FP', which corresponds to Euronext Paris / France, supported by the country identifier in the company name.",High,enriched
Qilin,920,52,Plan B Die Fachanwaltskanzlei,Accounting Services,hxxps://plan-b-rechtsanwälte.de/,"Sep 8, 2025",,,,hxxp://ijzn3sicrcy7guixkzjkib4ukbiilwc3xhnmby4mcbccnsd7j2rekvqd[.]onion/site/blog?uuid=53e2a0e2-9b54-405b-95a5-dfa35f8aaaaa,hxxp://ijzn3sicrcy7guixkzjkib4ukbiilwc3xhnmby4mcbccnsd7j2rekvqd[.]onion/?page=52,Germany,domain_tld,Company URL uses the country-code domain suffix .de; verify against headquarters evidence.,Medium,tld_inferred
Qilin,917,52,runaces.com,Accounting Services,hxxps://runaces.com/,"Sep 7, 2025",,,,hxxp://ijzn3sicrcy7guixkzjkib4ukbiilwc3xhnmby4mcbccnsd7j2rekvqd[.]onion/site/blog?uuid=8ae3dc5e-be57-44d9-bbd8-427afd2fb2f9,hxxp://ijzn3sicrcy7guixkzjkib4ukbiilwc3xhnmby4mcbccnsd7j2rekvqd[.]onion/?page=52,Unknown,unknown,"No official website metadata or text was collected, and the company URL 'runaces.com' alone is insufficient to determine the headquarters or registration country.",Unknown,unknown
Qilin,916,52,Newcastle Communications,Accounting Services,hxxps://nccomm.com/,"Sep 6, 2025",,,,hxxp://ijzn3sicrcy7guixkzjkib4ukbiilwc3xhnmby4mcbccnsd7j2rekvqd[.]onion/site/blog?uuid=715a5bfd-072c-479f-ac1e-f4def19032c2,hxxp://ijzn3sicrcy7guixkzjkib4ukbiilwc3xhnmby4mcbccnsd7j2rekvqd[.]onion/?page=52,United States,official_website,"Contact address lists: 999 S Oyster Bay Rd, Ste 111 Bethpage, NY 11714 and phone number (212) 780-9680.",High,enriched
Qilin,915,52,Mechatronics,Accounting Services,hxxps://www.mechatronics.com/,"Sep 6, 2025",,,,hxxp://ijzn3sicrcy7guixkzjkib4ukbiilwc3xhnmby4mcbccnsd7j2rekvqd[.]onion/site/blog?uuid=b51971ad-90a7-4fba-93a3-db8d7aa23173,hxxp://ijzn3sicrcy7guixkzjkib4ukbiilwc3xhnmby4mcbccnsd7j2rekvqd[.]onion/?page=52,United States,official_website,"Contact address: 8152 304th Ave. SE PO Box 5012 Preston, WA 98050, United States (along with US phone format and sales network listing United States).",High,enriched
Qilin,914,52,optometrics.com,Accounting Services,hxxps://www.optometrics.com/,"Sep 6, 2025",,,,hxxp://ijzn3sicrcy7guixkzjkib4ukbiilwc3xhnmby4mcbccnsd7j2rekvqd[.]onion/site/blog?uuid=b18f3798-1773-4989-a45d-264f9d5500e3,hxxp://ijzn3sicrcy7guixkzjkib4ukbiilwc3xhnmby4mcbccnsd7j2rekvqd[.]onion/?page=52,Unknown,unknown,,Unknown,unknown
Qilin,913,52,BKV Group,Furniture,hxxps://bkvgroup.com/,"Sep 5, 2025",217632,378.00 GB,378,hxxp://ijzn3sicrcy7guixkzjkib4ukbiilwc3xhnmby4mcbccnsd7j2rekvqd[.]onion/site/blog?uuid=16b42a8b-479b-425b-9f8d-ba5cf5cc918e,hxxp://ijzn3sicrcy7guixkzjkib4ukbiilwc3xhnmby4mcbccnsd7j2rekvqd[.]onion/?page=52,United States,official_website,"Visible text lists multiple U.S. locations such as Philadelphia, PA; Chanhassen, MN; Bloomington, IN; Richmond, VA; Andrews, TX; Saint Paul, MN; Alexandria, VA; Chicago, IL; Buffalo, MN; and Washington, DC, alongside references to nationwide offices.",High,enriched
Qilin,911,52,follet-rivoire-avocats.com,Accounting Services,hxxp://www.follet-rivoire-avocats.com,"Sep 4, 2025",,,,hxxp://ijzn3sicrcy7guixkzjkib4ukbiilwc3xhnmby4mcbccnsd7j2rekvqd[.]onion/site/blog?uuid=53e72b8e-a6a0-4d14-8a06-924ab5cc1dbf,hxxp://ijzn3sicrcy7guixkzjkib4ukbiilwc3xhnmby4mcbccnsd7j2rekvqd[.]onion/?page=52,France,official_website,"The text mentions office locations in French cities (Romans-sur-Isère, Valence, Livron) with French postal codes and telephone numbers, and the firm name indicates a French law firm ('Cabinet d'avocats').",High,enriched
Qilin,903,53,NPIAV,Accounting Services,hxxp://www.npiav.com,"Sep 3, 2025",93800,148.00 GB,148,hxxp://ijzn3sicrcy7guixkzjkib4ukbiilwc3xhnmby4mcbccnsd7j2rekvqd[.]onion/site/blog?uuid=e7df521a-be51-4460-af74-583bddb24446,hxxp://ijzn3sicrcy7guixkzjkib4ukbiilwc3xhnmby4mcbccnsd7j2rekvqd[.]onion/?page=53,United States,official_website,"Contact address lists: 8600 Sweet Valley Drive Cleveland, OH 44125, explicitly mentioning Cleveland Ohio.",High,enriched
Qilin,902,53,elche.es,Accounting Services,hxxps://www.elche.es/,"Sep 3, 2025",0,823.00 GB,823,hxxp://ijzn3sicrcy7guixkzjkib4ukbiilwc3xhnmby4mcbccnsd7j2rekvqd[.]onion/site/blog?uuid=092c91c9-f460-4473-9450-73f9f0165fe1,hxxp://ijzn3sicrcy7guixkzjkib4ukbiilwc3xhnmby4mcbccnsd7j2rekvqd[.]onion/?page=53,Spain,domain_tld,Company URL uses the country-code domain suffix .es; verify against headquarters evidence.,Medium,tld_inferred
Qilin,901,53,blytheco.com,Business Services,hxxps://blytheco.com/,"Sep 3, 2025",0,324.00 GB,324,hxxp://ijzn3sicrcy7guixkzjkib4ukbiilwc3xhnmby4mcbccnsd7j2rekvqd[.]onion/site/blog?uuid=635b989a-ec8a-41fc-b90f-e500f6da08fd,hxxp://ijzn3sicrcy7guixkzjkib4ukbiilwc3xhnmby4mcbccnsd7j2rekvqd[.]onion/?page=53,Unknown,unknown,"The provided text mentions products and client names associated with the United States (such as White Oak Pastures, Eagle Rock Distributing Company, etc.) and uses English, but it lacks an explicit headquarters address, country of registration, or explicit country statement in the text.",Unknown,unknown
Qilin,898,53,Osaki Medical,,hxxps://www.osakimedical.co.jp/,"Sep 2, 2025",,,,hxxp://ijzn3sicrcy7guixkzjkib4ukbiilwc3xhnmby4mcbccnsd7j2rekvqd[.]onion/site/blog?uuid=cf160cbf-12e9-4d72-be25-a5dc6860fec0,hxxp://ijzn3sicrcy7guixkzjkib4ukbiilwc3xhnmby4mcbccnsd7j2rekvqd[.]onion/?page=53,Japan,domain_tld,Company URL uses the country-code domain suffix .co.jp; verify against headquarters evidence.,Medium,tld_inferred
Qilin,897,53,PathoQuest-Biotechnology Research,Accounting Services,hxxps://pathoquest.com/,"Sep 1, 2025",171577,147.00 GB,147,hxxp://ijzn3sicrcy7guixkzjkib4ukbiilwc3xhnmby4mcbccnsd7j2rekvqd[.]onion/site/blog?uuid=d5eab76f-db22-48d3-8105-8869713de153,hxxp://ijzn3sicrcy7guixkzjkib4ukbiilwc3xhnmby4mcbccnsd7j2rekvqd[.]onion/?page=53,France,official_website,PathoQuest offers a team of NGS Quality Control (QC) testing experts based in France and the U.S.,Medium,enriched
Qilin,895,53,Tecnología Especializada Asociada de México,Accounting Services,hxxps://www.teamnet.com.mx/,"Aug 30, 2025",,,,hxxp://ijzn3sicrcy7guixkzjkib4ukbiilwc3xhnmby4mcbccnsd7j2rekvqd[.]onion/site/blog?uuid=6cce96f5-bbbe-4b18-8d33-2af964dca080,hxxp://ijzn3sicrcy7guixkzjkib4ukbiilwc3xhnmby4mcbccnsd7j2rekvqd[.]onion/?page=53,Mexico,domain_tld,Company URL uses the country-code domain suffix .com.mx; verify against headquarters evidence.,Medium,tld_inferred
Qilin,894,53,ESIC_TR,Accounting Services,hxxps://www.esic.edu/,"Aug 30, 2025",,,,hxxp://ijzn3sicrcy7guixkzjkib4ukbiilwc3xhnmby4mcbccnsd7j2rekvqd[.]onion/site/blog?uuid=27c2b0e6-d401-4259-bb10-ff1abf9a7a69,hxxp://ijzn3sicrcy7guixkzjkib4ukbiilwc3xhnmby4mcbccnsd7j2rekvqd[.]onion/?page=53,Unknown,unknown,,Unknown,unknown
Qilin,892,53,atlanta neighborhood charter school,Education,hxxps://atlncs.org,"Aug 29, 2025",137000,0.00 KB,0,hxxp://ijzn3sicrcy7guixkzjkib4ukbiilwc3xhnmby4mcbccnsd7j2rekvqd[.]onion/site/blog?uuid=3790a8c7-55f0-4d8e-ac64-ea711f9f32a9,hxxp://ijzn3sicrcy7guixkzjkib4ukbiilwc3xhnmby4mcbccnsd7j2rekvqd[.]onion/?page=53,United States,model_inference,"The company name 'Atlanta Neighborhood Charter School' explicitly references Atlanta, a major city in the United States, and operates under a U.S.-centric educational framework.",Medium,enriched
Qilin,890,53,ogdenpubs.com,Accounting Services,hxxps://www.ogdenpubs.com/,"Aug 28, 2025",,,,hxxp://ijzn3sicrcy7guixkzjkib4ukbiilwc3xhnmby4mcbccnsd7j2rekvqd[.]onion/site/blog?uuid=faa643ed-90b5-450c-a402-46895a74f03d,hxxp://ijzn3sicrcy7guixkzjkib4ukbiilwc3xhnmby4mcbccnsd7j2rekvqd[.]onion/?page=53,Unknown,unknown,,Unknown,unknown
Qilin,889,53,ibew1547.org,Accounting Services,hxxps://www.ibew1547.org/,"Aug 28, 2025",208172,101.00 GB,101,hxxp://ijzn3sicrcy7guixkzjkib4ukbiilwc3xhnmby4mcbccnsd7j2rekvqd[.]onion/site/blog?uuid=f534988c-f7e4-4a92-8f9e-a3d43bb4de62,hxxp://ijzn3sicrcy7guixkzjkib4ukbiilwc3xhnmby4mcbccnsd7j2rekvqd[.]onion/?page=53,United States,official_website,"IBEW Local 1547 was chartered in Alaska on October 1, 1946, assuming the jurisdiction of IBEW work in Alaska from Local 46 in Seattle",High,enriched
Qilin,888,53,allphaselandscape.net,Accounting Services,hxxps://allphaselandscape.net/,"Aug 28, 2025",135000,280.00 GB,280,hxxp://ijzn3sicrcy7guixkzjkib4ukbiilwc3xhnmby4mcbccnsd7j2rekvqd[.]onion/site/blog?uuid=8e0fa4c7-5cf5-44ea-a90f-6cb097278200,hxxp://ijzn3sicrcy7guixkzjkib4ukbiilwc3xhnmby4mcbccnsd7j2rekvqd[.]onion/?page=53,United States,official_website,SERVING COLORADO OVER 35 YEARS,High,enriched
Qilin,887,53,Ekmanian Tax & Accounting,Accounting Services,hxxps://www.ekmaniancpa.com/,"Aug 28, 2025",,,,hxxp://ijzn3sicrcy7guixkzjkib4ukbiilwc3xhnmby4mcbccnsd7j2rekvqd[.]onion/site/blog?uuid=7bb50d17-820b-42d2-b493-e04d9a2d78ef,hxxp://ijzn3sicrcy7guixkzjkib4ukbiilwc3xhnmby4mcbccnsd7j2rekvqd[.]onion/?page=53,Unknown,unknown,"No official website metadata, text, or explicit address/registration evidence was provided in the input.",Unknown,unknown
Qilin,885,53,camaradealmeria.com,Accounting Services,hxxps://www.camara.es/,"Aug 27, 2025",138450,771.00 GB,771,hxxp://ijzn3sicrcy7guixkzjkib4ukbiilwc3xhnmby4mcbccnsd7j2rekvqd[.]onion/site/blog?uuid=d0f0b55b-7e5c-4c00-ac6f-70c0787a9a67,hxxp://ijzn3sicrcy7guixkzjkib4ukbiilwc3xhnmby4mcbccnsd7j2rekvqd[.]onion/?page=53,Spain,domain_tld,Company URL uses the country-code domain suffix .es; verify against headquarters evidence.,Medium,tld_inferred
Qilin,881,53,brebeuf.org,Accounting Services,hxxp://brebeuf.org,"Aug 26, 2025",,,,hxxp://ijzn3sicrcy7guixkzjkib4ukbiilwc3xhnmby4mcbccnsd7j2rekvqd[.]onion/site/blog?uuid=b9d3c056-9871-4218-b0ff-573ca991689c,hxxp://ijzn3sicrcy7guixkzjkib4ukbiilwc3xhnmby4mcbccnsd7j2rekvqd[.]onion/?page=53,United States,official_website,"References to Indiana (e.g., 'only Catholic, Jesuit school in Indiana', 'Indiana Tax Credit Scholarship Program') in the official website text indicate the organization is located in the United States.",High,enriched
Qilin,879,53,www.nuggetent.com,Accounting Services,hxxp:// hxxps://www.nuggetent.com/,"Aug 25, 2025",,,,hxxp://ijzn3sicrcy7guixkzjkib4ukbiilwc3xhnmby4mcbccnsd7j2rekvqd[.]onion/site/blog?uuid=535522d9-6045-48dc-b16d-f0ecf2f55a26,hxxp://ijzn3sicrcy7guixkzjkib4ukbiilwc3xhnmby4mcbccnsd7j2rekvqd[.]onion/?page=53,Unknown,unknown,No official website metadata or company profile text was provided to determine the headquarters or primary registration country.,Unknown,unknown
Qilin,878,53,hydrometrics.com,Accounting Services,hxxps://www.hydrometrics.com/,"Aug 25, 2025",,,,hxxp://ijzn3sicrcy7guixkzjkib4ukbiilwc3xhnmby4mcbccnsd7j2rekvqd[.]onion/site/blog?uuid=ea4eb66e-5fdb-4184-b001-62ed59033890,hxxp://ijzn3sicrcy7guixkzjkib4ukbiilwc3xhnmby4mcbccnsd7j2rekvqd[.]onion/?page=53,United States,official_website,"Hydrometrics, Inc. is a Montana-based environmental engineering firm... Corporate HQ 3020 Bozeman Avenue, Helena, MT 59601",High,enriched
Qilin,875,53,nrlassoc.com,Accounting Services,hxxps://nrlassoc.com/,"Aug 25, 2025",,,,hxxp://ijzn3sicrcy7guixkzjkib4ukbiilwc3xhnmby4mcbccnsd7j2rekvqd[.]onion/site/blog?uuid=8bde7411-38de-483d-a4c8-adfbf40c5dce,hxxp://ijzn3sicrcy7guixkzjkib4ukbiilwc3xhnmby4mcbccnsd7j2rekvqd[.]onion/?page=53,United States,official_website,Mention of Congressman Andy Harris and a US phone number/context indicating operations within the United States.,Medium,enriched
Qilin,874,53,www.ecodemolizionisrl.com,Accounting Services,hxxps://www.ecodemolizionisrl.com/,"Aug 22, 2025",,,,hxxp://ijzn3sicrcy7guixkzjkib4ukbiilwc3xhnmby4mcbccnsd7j2rekvqd[.]onion/site/blog?uuid=aba0c562-104e-438e-bac9-252e7dcb3852,hxxp://ijzn3sicrcy7guixkzjkib4ukbiilwc3xhnmby4mcbccnsd7j2rekvqd[.]onion/?page=53,Italy,official_website,"The official website text provides contact and address information indicating locations in Rimini and Santarcangelo di Romagna, Italy, along with an Italian phone number prefix (+39) and Italian terms such as 'sede legale e operativa: via turchetta 85/f rimini'.",High,enriched
Qilin,871,53,naturefresh.ca,Accounting Services,hxxps://naturefreshfarms.com/,"Aug 21, 2025",,,,hxxp://ijzn3sicrcy7guixkzjkib4ukbiilwc3xhnmby4mcbccnsd7j2rekvqd[.]onion/site/blog?uuid=21e8f189-f52d-4a81-98f7-4fa8be357706,hxxp://ijzn3sicrcy7guixkzjkib4ukbiilwc3xhnmby4mcbccnsd7j2rekvqd[.]onion/?page=53,Canada,official_website,Mention of 'Canadian Supply Chain – Forced Labour Report' in the website footer and the domain extension .ca strongly indicate a Canadian registration/presence.,Medium,enriched
Qilin,870,53,www.gillette-ac.com,Accounting Services,hxxps://gillette-ac.com/,"Aug 21, 2025",,,,hxxp://ijzn3sicrcy7guixkzjkib4ukbiilwc3xhnmby4mcbccnsd7j2rekvqd[.]onion/site/blog?uuid=62a53a17-6c50-46e8-8986-9b489aa145c7,hxxp://ijzn3sicrcy7guixkzjkib4ukbiilwc3xhnmby4mcbccnsd7j2rekvqd[.]onion/?page=53,United States,official_website,"Gillette Air Conditioning Company Address: 1215 San Francisco San Antonio, TX 78201",High,enriched
Qilin,869,54,Spohn + Burkhardt GmbH & Co KG,Business Services,hxxps://www.spobu.com/,"Aug 21, 2025",675000,610.00 GB,610,hxxp://ijzn3sicrcy7guixkzjkib4ukbiilwc3xhnmby4mcbccnsd7j2rekvqd[.]onion/site/blog?uuid=cfbf30d9-fe57-4a11-8180-f0829d9b6e3d,hxxp://ijzn3sicrcy7guixkzjkib4ukbiilwc3xhnmby4mcbccnsd7j2rekvqd[.]onion/?page=54,Germany,official_website,"Headquarters Spohn + Burkhardt GmbH + Co. KG Mauergasse 5 89143 Blaubeuren, Germany",High,enriched
Qilin,868,54,Fullerton Surgical Center (FSC),Accounting Services,hxxps://fullerton-surgical.com/,"Aug 20, 2025",,,,hxxp://ijzn3sicrcy7guixkzjkib4ukbiilwc3xhnmby4mcbccnsd7j2rekvqd[.]onion/site/blog?uuid=b4abcb3e-6078-44b3-8541-bb57b16e6229,hxxp://ijzn3sicrcy7guixkzjkib4ukbiilwc3xhnmby4mcbccnsd7j2rekvqd[.]onion/?page=54,United States,official_website,Over 20 of Southern California’s most talented surgeons have chosen the Fullerton Surgery Center as their home.,High,enriched
Qilin,867,54,Nissan CBI,Accounting Services,hxxps://www.nissan-global.com,"Aug 20, 2025",405882,"4,037.00 GB",4037,hxxp://ijzn3sicrcy7guixkzjkib4ukbiilwc3xhnmby4mcbccnsd7j2rekvqd[.]onion/site/blog?uuid=e316e49e-2933-45b3-8394-2491888d2ae7,hxxp://ijzn3sicrcy7guixkzjkib4ukbiilwc3xhnmby4mcbccnsd7j2rekvqd[.]onion/?page=54,Japan,official_website,"Copyright©Nissan Motor Co., Ltd. All Rights Reserved, Major Facilities in Japan, Nissan Motor Corporation Global Website",High,enriched
Qilin,862,54,IDS Ingegneria Dei Sistemi SpA,Accounting Services,hxxps://www.idscorporation.com/,"Aug 20, 2025",0,161.00 GB,161,hxxp://ijzn3sicrcy7guixkzjkib4ukbiilwc3xhnmby4mcbccnsd7j2rekvqd[.]onion/site/blog?uuid=0018439c-04aa-49a5-8480-61c1439c8d8d,hxxp://ijzn3sicrcy7guixkzjkib4ukbiilwc3xhnmby4mcbccnsd7j2rekvqd[.]onion/?page=54,Italy,official_website,"Address Via Enrica Calabresi, 24, Montacchiello, Pisa (Italy) and Via E. Calabresi, 24 – Loc. Montacchiello, 56121 Pisa – Italy C.F. 00672210507 – P. IVA IT 00672210507",High,enriched
Qilin,861,54,Garner Trucking,Freight & Logistics Services,hxxps://www.garnertrucking.com/,"Aug 20, 2025",115727,26.00 GB,26,hxxp://ijzn3sicrcy7guixkzjkib4ukbiilwc3xhnmby4mcbccnsd7j2rekvqd[.]onion/site/blog?uuid=cde20bb0-1f3b-4624-ab84-295431a16ce1,hxxp://ijzn3sicrcy7guixkzjkib4ukbiilwc3xhnmby4mcbccnsd7j2rekvqd[.]onion/?page=54,United States,official_website,"Meta description and contact address indicate location in Findlay, OH (Ohio, U.S.), and mentions service across the U.S.",High,enriched
Qilin,860,54,ihrser.wpcomstaging.com,Accounting Services,hxxps://ihrser.wpcomstaging.com/,"Aug 20, 2025",158927,59.00 GB,59,hxxp://ijzn3sicrcy7guixkzjkib4ukbiilwc3xhnmby4mcbccnsd7j2rekvqd[.]onion/site/blog?uuid=5c6d2289-da90-4f31-9c8d-e12ab5c97b22,hxxp://ijzn3sicrcy7guixkzjkib4ukbiilwc3xhnmby4mcbccnsd7j2rekvqd[.]onion/?page=54,United States,official_website,"We provide foster care, adoption services, and community living in Luzerne County, Pennsylvania... organized in 1975 under the laws of the Commonwealth of Pennsylvania... 250 Pierce Street, Suite 301 Kingston, PA 18704",High,enriched
Qilin,859,54,Monson High School,Education,hxxps://www.monsonschools.com/,"Aug 20, 2025",364896,104.00 GB,104,hxxp://ijzn3sicrcy7guixkzjkib4ukbiilwc3xhnmby4mcbccnsd7j2rekvqd[.]onion/site/blog?uuid=4174ed6f-0718-4bb2-b060-80a7060f5fb1,hxxp://ijzn3sicrcy7guixkzjkib4ukbiilwc3xhnmby4mcbccnsd7j2rekvqd[.]onion/?page=54,United States,official_website,"References to American-specific educational terms and assessments such as MCAS (Massachusetts Comprehensive Assessment System), along with town and school names standard to Monson, Massachusetts, establish the location.",High,enriched
Qilin,858,54,NetFusion Consulting,Business Services,hxxps://www.netfusionconsulting.com/,"Aug 20, 2025",34942,14.00 GB,14,hxxp://ijzn3sicrcy7guixkzjkib4ukbiilwc3xhnmby4mcbccnsd7j2rekvqd[.]onion/site/blog?uuid=669e30a7-7ef2-4094-b9d6-af2aa9f09734,hxxp://ijzn3sicrcy7guixkzjkib4ukbiilwc3xhnmby4mcbccnsd7j2rekvqd[.]onion/?page=54,United States,official_website,"NetFusion Consulting, Inc. | IT Consulting & Integration for Dental Professionals | California's largest Medical/Dental IT Integration Company. Locations in Central Valley, San Jose, Fresno and Sacramento.",High,enriched
Qilin,857,54,Incosa,"Energy, Utilities & Waste",hxxps://insoca.es/,"Aug 20, 2025",0,648.00 GB,648,hxxp://ijzn3sicrcy7guixkzjkib4ukbiilwc3xhnmby4mcbccnsd7j2rekvqd[.]onion/site/blog?uuid=5c9eb925-84bd-4bbe-b963-c7d916d85244,hxxp://ijzn3sicrcy7guixkzjkib4ukbiilwc3xhnmby4mcbccnsd7j2rekvqd[.]onion/?page=54,Spain,domain_tld,Company URL uses the country-code domain suffix .es; verify against headquarters evidence.,Medium,tld_inferred
Qilin,856,54,HERKER INDUSTRIES,Industrial Machinery & Equipment,hxxps://herker.com/,"Aug 20, 2025",87421,72.00 GB,72,hxxp://ijzn3sicrcy7guixkzjkib4ukbiilwc3xhnmby4mcbccnsd7j2rekvqd[.]onion/site/blog?uuid=cec57c44-d176-4361-945f-18c370e9745a,hxxp://ijzn3sicrcy7guixkzjkib4ukbiilwc3xhnmby4mcbccnsd7j2rekvqd[.]onion/?page=54,United States,official_website,"HERKER INDUSTRIES INC N57 W13760, Menomonee Falls, WI 53051",High,enriched
Qilin,854,54,Haaker Equipment,Business Services,hxxps://haaker.com/,"Aug 20, 2025",0,352.00 GB,352,hxxp://ijzn3sicrcy7guixkzjkib4ukbiilwc3xhnmby4mcbccnsd7j2rekvqd[.]onion/site/blog?uuid=8d49fde1-2971-4c06-9621-24a43b6891c6,hxxp://ijzn3sicrcy7guixkzjkib4ukbiilwc3xhnmby4mcbccnsd7j2rekvqd[.]onion/?page=54,Unknown,unknown,"No official website text, registry data, or contact address was provided in the evidence.",Unknown,unknown
Qilin,853,54,Lee & Associates Irvine,Real Estate,hxxps://lee-irvine.com/,"Aug 20, 2025",0,523.00 GB,523,hxxp://ijzn3sicrcy7guixkzjkib4ukbiilwc3xhnmby4mcbccnsd7j2rekvqd[.]onion/site/blog?uuid=1e91176c-e903-4a55-a15e-27cded7b4e84,hxxp://ijzn3sicrcy7guixkzjkib4ukbiilwc3xhnmby4mcbccnsd7j2rekvqd[.]onion/?page=54,United States,official_website,"The company address is listed as '9838 Research Dr Irvine, CA 92618, USA' and references California and Irvine extensively throughout the text.",High,enriched
Qilin,852,54,Logis-Tech,Manufacturing,hxxps://www.logis-tech.com/,"Aug 20, 2025",25833,12.00 GB,12,hxxp://ijzn3sicrcy7guixkzjkib4ukbiilwc3xhnmby4mcbccnsd7j2rekvqd[.]onion/site/blog?uuid=c39bbc44-a066-46ad-8124-cacb82d90b79,hxxp://ijzn3sicrcy7guixkzjkib4ukbiilwc3xhnmby4mcbccnsd7j2rekvqd[.]onion/?page=54,Unknown,unknown,"The provided text contains references to military solutions, SBIR policy directives, and a toll-free phone number (800-974-9771), but there is no explicit mention of a headquarters address, registered office, country name, or other conclusive registration evidence in the supplied text.",Unknown,unknown
Qilin,850,54,Adult & Pediatric Dermatology,Home Improvement & Hardware Retail,hxxps://www.apderm.com/,"Aug 20, 2025",478431,113.00 GB,113,hxxp://ijzn3sicrcy7guixkzjkib4ukbiilwc3xhnmby4mcbccnsd7j2rekvqd[.]onion/site/blog?uuid=535182c8-303b-4298-a6e1-f2dfa6ccf81d,hxxp://ijzn3sicrcy7guixkzjkib4ukbiilwc3xhnmby4mcbccnsd7j2rekvqd[.]onion/?page=54,United States,official_website,"The website text lists locations and brands heavily associated with US-specific entities (e.g., Boston Center for Plastic Surgery, Mystic Valley Dermatology, Pioneer Valley Dermatology, Worcester Plastic Surgery), and US insurance references, indicating operations within the United States.",Medium,enriched
Qilin,848,54,Medosweet Farms,Grocery Retail,hxxps://medosweet.com/,"Aug 20, 2025",233278,119.00 GB,119,hxxp://ijzn3sicrcy7guixkzjkib4ukbiilwc3xhnmby4mcbccnsd7j2rekvqd[.]onion/site/blog?uuid=30ac8522-482d-408e-b5e4-71a45036a674,hxxp://ijzn3sicrcy7guixkzjkib4ukbiilwc3xhnmby4mcbccnsd7j2rekvqd[.]onion/?page=54,United States,official_website,"The official website text provides explicit addresses in Kent, WA (Washington) and Portland, OR (Oregon), and mentions servicing the Pacific Northwest and the Canadian border to Eugene, Oregon.",High,enriched
Qilin,847,54,AMSA,Accounting Services,hxxps://amsainc.com/,"Aug 20, 2025",202346,76.00 GB,76,hxxp://ijzn3sicrcy7guixkzjkib4ukbiilwc3xhnmby4mcbccnsd7j2rekvqd[.]onion/site/blog?uuid=d579c4d2-8ae8-4746-a334-75074add6ddd,hxxp://ijzn3sicrcy7guixkzjkib4ukbiilwc3xhnmby4mcbccnsd7j2rekvqd[.]onion/?page=54,United States,official_website,"4714 S. Garfield Road Auburn, MI USA 48611",High,enriched
Qilin,846,54,seabridge.eu+efico.com,,hxxps://www.seabridge.eu/,"Aug 19, 2025",,,,hxxp://ijzn3sicrcy7guixkzjkib4ukbiilwc3xhnmby4mcbccnsd7j2rekvqd[.]onion/site/blog?uuid=613b05c6-a311-4f52-81b7-a5bdf6447b92,hxxp://ijzn3sicrcy7guixkzjkib4ukbiilwc3xhnmby4mcbccnsd7j2rekvqd[.]onion/?page=54,Belgium,official_website,"Seabridge NV Koffieweg 10 8380 Zeebrugge, Belgium",High,enriched
Qilin,844,54,www.canionsrl.com,Accounting Services,hxxp://canionsrl.com/,"Aug 18, 2025",,,,hxxp://ijzn3sicrcy7guixkzjkib4ukbiilwc3xhnmby4mcbccnsd7j2rekvqd[.]onion/site/blog?uuid=d4e8dcea-79ff-4160-b57d-217bf5011780,hxxp://ijzn3sicrcy7guixkzjkib4ukbiilwc3xhnmby4mcbccnsd7j2rekvqd[.]onion/?page=54,Argentina,official_website,"C.P (B1646AUT) – Beruti 928, San Fernando, Buenos Aires, Argentina.",High,enriched
Qilin,841,54,ARTAN,Accounting Services,hxxps://www.artanholding.com/,"Aug 18, 2025",456259,620.00 GB,620,hxxp://ijzn3sicrcy7guixkzjkib4ukbiilwc3xhnmby4mcbccnsd7j2rekvqd[.]onion/site/blog?uuid=308ddce0-352b-48de-a639-b39cda911fc9,hxxp://ijzn3sicrcy7guixkzjkib4ukbiilwc3xhnmby4mcbccnsd7j2rekvqd[.]onion/?page=54,Qatar,official_website,"Artan Holding is a Qatari family-owned holding company with a diverse portfolio of leading businesses in the Education, Real Estate, and Industrial sectors operating primarily in Qatar.",High,enriched
Qilin,838,54,Wyong Rugby League Club,Hospitality,hxxps://wyongleagues.com.au/,"Aug 17, 2025",87076,91.00 GB,91,hxxp://ijzn3sicrcy7guixkzjkib4ukbiilwc3xhnmby4mcbccnsd7j2rekvqd[.]onion/site/blog?uuid=a77b4f24-64bd-4fd3-b81b-340a85770cd4,hxxp://ijzn3sicrcy7guixkzjkib4ukbiilwc3xhnmby4mcbccnsd7j2rekvqd[.]onion/?page=54,Australia,domain_tld,Company URL uses the country-code domain suffix .com.au; verify against headquarters evidence.,Medium,tld_inferred
Qilin,836,55,Xperthair,Accounting Services,hxxps://www.xpertpro.ie/,"Aug 16, 2025",,,,hxxp://ijzn3sicrcy7guixkzjkib4ukbiilwc3xhnmby4mcbccnsd7j2rekvqd[.]onion/site/blog?uuid=4ae648d1-fe04-4146-9903-52f93b335c68,hxxp://ijzn3sicrcy7guixkzjkib4ukbiilwc3xhnmby4mcbccnsd7j2rekvqd[.]onion/?page=55,Ireland,domain_tld,Company URL uses the country-code domain suffix .ie; verify against headquarters evidence.,Medium,tld_inferred
Qilin,835,55,Ethical Packaging Solutions,Business Services,hxxps://ethicalpackaging.co.uk/,"Aug 15, 2025",177898,135.00 GB,135,hxxp://ijzn3sicrcy7guixkzjkib4ukbiilwc3xhnmby4mcbccnsd7j2rekvqd[.]onion/site/blog?uuid=a89604bb-3c3d-47eb-8863-2dbeb09d7f95,hxxp://ijzn3sicrcy7guixkzjkib4ukbiilwc3xhnmby4mcbccnsd7j2rekvqd[.]onion/?page=55,United Kingdom,domain_tld,Company URL uses the country-code domain suffix .co.uk; verify against headquarters evidence.,Medium,tld_inferred
Qilin,829,55,Adult & Pediatric Dermatology,Hospitality,hxxps://www.apderm.com/,"Aug 13, 2025",478431,113.00 GB,113,hxxp://ijzn3sicrcy7guixkzjkib4ukbiilwc3xhnmby4mcbccnsd7j2rekvqd[.]onion/site/blog?uuid=26e3277c-6ea3-4080-86ca-3132b41b6f58,hxxp://ijzn3sicrcy7guixkzjkib4ukbiilwc3xhnmby4mcbccnsd7j2rekvqd[.]onion/?page=55,United States,official_website,"The website text references multiple locations such as Boston, Mystic Valley, Pioneer Valley, Worcester, and phone numbers with US area codes (978), along with brands like Boston Center for Plastic Surgery, strongly indicating operations in the United States. However, the text lacks an explicit headquarters address, so confidence is moderate.",Medium,enriched
Qilin,828,55,The Paul Wilkinson Law Firm,Accounting Services,hxxps://callpaul.com/,"Aug 13, 2025",1580000,"1,800.00 GB",1800,hxxp://ijzn3sicrcy7guixkzjkib4ukbiilwc3xhnmby4mcbccnsd7j2rekvqd[.]onion/site/blog?uuid=3aa1faff-8324-4cc9-8d58-d076c55ee1c9,hxxp://ijzn3sicrcy7guixkzjkib4ukbiilwc3xhnmby4mcbccnsd7j2rekvqd[.]onion/?page=55,United States,official_website,"The webpage text explicitly mentions 'Denver Personal Injury Lawyer', locations in Colorado (Arvada, Aurora, Broomfield, Centennial, Denver, etc.), and refers to itself as 'The Colorado Personal Injury Attorney'.",High,enriched
Qilin,827,55,Flavor & Fragrance Specialties,Business Services,hxxps://ffs.com/,"Aug 13, 2025",124899,133.00 GB,133,hxxp://ijzn3sicrcy7guixkzjkib4ukbiilwc3xhnmby4mcbccnsd7j2rekvqd[.]onion/site/blog?uuid=3d92e711-32f3-49ca-8eb5-2840f8c101af,hxxp://ijzn3sicrcy7guixkzjkib4ukbiilwc3xhnmby4mcbccnsd7j2rekvqd[.]onion/?page=55,United States,official_website,Flavor & Fragrance Specialties is now a Lucta brand focusing on flavors for coffee & specialty beverages. Our dedicated teams in the U.S. will continue to provide unparalleled marketplace insights and tailored flavor and fragrance solutions to our valued partners.,High,enriched
Qilin,826,55,Uganda Electricity Transmission Company Limited,"Electricity, Oil & Gas",hxxps://uetcl.go.ug/,"Aug 12, 2025",31089,62.00 GB,62,hxxp://ijzn3sicrcy7guixkzjkib4ukbiilwc3xhnmby4mcbccnsd7j2rekvqd[.]onion/site/blog?uuid=348f4aa9-dd12-4ed5-aaa2-56cd914a8cfc,hxxp://ijzn3sicrcy7guixkzjkib4ukbiilwc3xhnmby4mcbccnsd7j2rekvqd[.]onion/?page=55,Uganda,official_website,"Contact address: Plot No.10, Hannington Rd, P.O Box 7625, Kampala, Uganda; Company name: Uganda Electricity Transmission Company Limited",High,enriched
Qilin,824,55,VENTURE Credit Union,Banking,hxxp://www.venturecreditunion.com,"Aug 12, 2025",19902,50.00 GB,50,hxxp://ijzn3sicrcy7guixkzjkib4ukbiilwc3xhnmby4mcbccnsd7j2rekvqd[.]onion/site/blog?uuid=0a9a0879-04cc-4573-be87-7ee497b7f4a0,hxxp://ijzn3sicrcy7guixkzjkib4ukbiilwc3xhnmby4mcbccnsd7j2rekvqd[.]onion/?page=55,Unknown,unknown,"The supplied webpage text and metadata do not contain explicit headquarters, registration country, contact address, or country-specific clues beyond currency references (TTD) which are not conclusive by themselves.",Unknown,unknown
Qilin,821,55,SYNCADD Systems,Business Services,hxxps://syncadd.com/,"Aug 12, 2025",48668,19.00 GB,19,hxxp://ijzn3sicrcy7guixkzjkib4ukbiilwc3xhnmby4mcbccnsd7j2rekvqd[.]onion/site/blog?uuid=21d75af4-9f50-4992-a1f7-c462ceb8abcb,hxxp://ijzn3sicrcy7guixkzjkib4ukbiilwc3xhnmby4mcbccnsd7j2rekvqd[.]onion/?page=55,United States,official_website,"Corporate Headquarters: 677 Ala Moana Blvd. Suite 901 Honolulu, Hawaii 96813; references to US Army, WOSB, CAGE Code, and Washington D.C. Office.",High,enriched
Qilin,820,55,Northern Construction Service,Construction,hxxps://www.northernconstruction.com/,"Aug 12, 2025",0,160.00 GB,160,hxxp://ijzn3sicrcy7guixkzjkib4ukbiilwc3xhnmby4mcbccnsd7j2rekvqd[.]onion/site/blog?uuid=4ba39790-b920-417b-927b-a745c948f172,hxxp://ijzn3sicrcy7guixkzjkib4ukbiilwc3xhnmby4mcbccnsd7j2rekvqd[.]onion/?page=55,United States,official_website,"The website lists corporate office locations including 'WORCESTER Office 1520 Park Street Palmer, MA 01069' and 'BOSTON Office 144 North Road Sudb...' along with projects and offices in U.S. states such as Massachusetts (MA), Maine (ME), Connecticut (CT), Rhode Island (RI), Maryland (MD), Pennsylvania (PA), New York (NY), and Delaware (DE), and explicitly mentions working with MassDOT (Massachusetts Department of Transportation).",High,enriched
Qilin,817,55,burmann.de,Accounting Services,hxxps://www.burmann.de/,"Aug 11, 2025",92157,132.00 GB,132,hxxp://ijzn3sicrcy7guixkzjkib4ukbiilwc3xhnmby4mcbccnsd7j2rekvqd[.]onion/site/blog?uuid=48c24fd6-9a2d-4048-9f2e-0de02f8048dc,hxxp://ijzn3sicrcy7guixkzjkib4ukbiilwc3xhnmby4mcbccnsd7j2rekvqd[.]onion/?page=55,Germany,domain_tld,Company URL uses the country-code domain suffix .de; verify against headquarters evidence.,Medium,tld_inferred
Qilin,816,55,liabergamo.it,Education,hxxp://www.liabergamo.it,"Aug 11, 2025",10788,14.00 GB,14,hxxp://ijzn3sicrcy7guixkzjkib4ukbiilwc3xhnmby4mcbccnsd7j2rekvqd[.]onion/site/blog?uuid=8bc8c415-a067-46d4-9a90-538d8f726b0c,hxxp://ijzn3sicrcy7guixkzjkib4ukbiilwc3xhnmby4mcbccnsd7j2rekvqd[.]onion/?page=55,Italy,domain_tld,Company URL uses the country-code domain suffix .it; verify against headquarters evidence.,Medium,tld_inferred
Qilin,813,55,Capital Trade,Law Firms & Legal Services,hxxps://www.captrade.com/,"Aug 10, 2025",0,614.00 GB,614,hxxp://ijzn3sicrcy7guixkzjkib4ukbiilwc3xhnmby4mcbccnsd7j2rekvqd[.]onion/site/blog?uuid=0eff06ec-de85-4f5a-a207-e181666c2eca,hxxp://ijzn3sicrcy7guixkzjkib4ukbiilwc3xhnmby4mcbccnsd7j2rekvqd[.]onion/?page=55,United States,official_website,"Capital Trade, Incorporated, headquartered in Washington, D.C., is a leading provider of international trade consulting... 1634 Eye (I) St. NW Suite 600 Washington, DC 20006",High,enriched
Qilin,812,55,L-Pimenta (etdeletronics),Accounting Services,hxxp://-,"Aug 10, 2025",14649,23.00 GB,23,hxxp://ijzn3sicrcy7guixkzjkib4ukbiilwc3xhnmby4mcbccnsd7j2rekvqd[.]onion/site/blog?uuid=1adabc88-ee83-48d3-aff2-7e5a62dcdbec,hxxp://ijzn3sicrcy7guixkzjkib4ukbiilwc3xhnmby4mcbccnsd7j2rekvqd[.]onion/?page=55,Unknown,unknown,"No official website, registration address, or reliable contextual evidence was provided to determine the company's headquarters or registration country.",Unknown,unknown
Qilin,811,55,agrofair,Grocery Retail,hxxps://www.agrofair.nl/,"Aug 10, 2025",212802,310.00 GB,310,hxxp://ijzn3sicrcy7guixkzjkib4ukbiilwc3xhnmby4mcbccnsd7j2rekvqd[.]onion/site/blog?uuid=ffab0bd7-88d1-4d0a-938d-4578df556093,hxxp://ijzn3sicrcy7guixkzjkib4ukbiilwc3xhnmby4mcbccnsd7j2rekvqd[.]onion/?page=55,Netherlands,domain_tld,Company URL uses the country-code domain suffix .nl; verify against headquarters evidence.,Medium,tld_inferred
Qilin,810,55,formacompany,Accounting Services,hxxps://www.formacompany.com/,"Aug 8, 2025",29317,37.00 GB,37,hxxp://ijzn3sicrcy7guixkzjkib4ukbiilwc3xhnmby4mcbccnsd7j2rekvqd[.]onion/site/blog?uuid=f0464ade-39fa-463f-911b-b6bbb69144b8,hxxp://ijzn3sicrcy7guixkzjkib4ukbiilwc3xhnmby4mcbccnsd7j2rekvqd[.]onion/?page=55,United Kingdom,official_website,"The website provides a UK telephone number (+44 1372 750800), lists company restoration 'both in the UK and overseas', and displays pricing in British Pounds (£).",Medium,enriched
Qilin,809,55,JTEKT,Accounting Services,hxxps://www.jtekt.eu/,"Aug 8, 2025",80672,79.00 GB,79,hxxp://ijzn3sicrcy7guixkzjkib4ukbiilwc3xhnmby4mcbccnsd7j2rekvqd[.]onion/site/blog?uuid=48d5e7eb-6639-41df-916c-42fa04c2b65e,hxxp://ijzn3sicrcy7guixkzjkib4ukbiilwc3xhnmby4mcbccnsd7j2rekvqd[.]onion/?page=55,Unknown,unknown,"The provided text indicates 'JTEKT European Operations' with multiple locations across Europe, but does not specify a single headquarters or primary registration country for the organization.",Unknown,unknown
Qilin,751,55,Metricon Homes,Real Estate,hxxps://www.metricon.com.au/,"Aug 7, 2025",98734,128.00 GB,128,hxxp://ijzn3sicrcy7guixkzjkib4ukbiilwc3xhnmby4mcbccnsd7j2rekvqd[.]onion/site/blog?uuid=d216d907-ca73-4136-b1d6-2ee150b878f4,hxxp://ijzn3sicrcy7guixkzjkib4ukbiilwc3xhnmby4mcbccnsd7j2rekvqd[.]onion/?page=55,Australia,domain_tld,Company URL uses the country-code domain suffix .com.au; verify against headquarters evidence.,Medium,tld_inferred
Qilin,807,55,St Thomas More Catholic High School,Education,hxxp://www.stmcougars.net,"Aug 7, 2025",6420,14.00 GB,14,hxxp://ijzn3sicrcy7guixkzjkib4ukbiilwc3xhnmby4mcbccnsd7j2rekvqd[.]onion/site/blog?uuid=3728c25d-15dd-4a06-b746-f1bbaf75016e,hxxp://ijzn3sicrcy7guixkzjkib4ukbiilwc3xhnmby4mcbccnsd7j2rekvqd[.]onion/?page=55,United States,official_website,"Visible text contains address details: 450 E. Farrel Road Lafayette LA 70508, indicating Louisiana (LA), United States.",High,enriched
Qilin,806,55,shinko plastics co. ltd,Furniture,hxxps://www.shinkopla.co.jp/eng/,"Aug 7, 2025",56167,22.00 GB,22,hxxp://ijzn3sicrcy7guixkzjkib4ukbiilwc3xhnmby4mcbccnsd7j2rekvqd[.]onion/site/blog?uuid=1db1950f-80c6-4c69-b332-69d6c3148ab8,hxxp://ijzn3sicrcy7guixkzjkib4ukbiilwc3xhnmby4mcbccnsd7j2rekvqd[.]onion/?page=55,Japan,domain_tld,Company URL uses the country-code domain suffix .co.jp; verify against headquarters evidence.,Medium,tld_inferred
Qilin,804,55,Belmont christian college,Accounting Services,hxxps://bcc.nsw.edu.au/,"Aug 7, 2025",,,,hxxp://ijzn3sicrcy7guixkzjkib4ukbiilwc3xhnmby4mcbccnsd7j2rekvqd[.]onion/site/blog?uuid=f2f1aef6-7050-4670-b253-504cdd131c5a,hxxp://ijzn3sicrcy7guixkzjkib4ukbiilwc3xhnmby4mcbccnsd7j2rekvqd[.]onion/?page=55,Australia,domain_tld,Company URL uses the country-code domain suffix .au; verify against headquarters evidence.,Medium,tld_inferred
Qilin,803,56,CIMEXSTEEL.CZ,Accounting Services,hxxps://www.cssteel.cz/,"Aug 7, 2025",,,,hxxp://ijzn3sicrcy7guixkzjkib4ukbiilwc3xhnmby4mcbccnsd7j2rekvqd[.]onion/site/blog?uuid=1c908494-6dc5-4c1b-8769-59ed6d892ff1,hxxp://ijzn3sicrcy7guixkzjkib4ukbiilwc3xhnmby4mcbccnsd7j2rekvqd[.]onion/?page=56,Czechia,domain_tld,Company URL uses the country-code domain suffix .cz; verify against headquarters evidence.,Medium,tld_inferred
Qilin,802,56,sotaconstruction.com,Accounting Services,hxxps://sotaconstruction.com/,"Aug 7, 2025",0,320.00 GB,320,hxxp://ijzn3sicrcy7guixkzjkib4ukbiilwc3xhnmby4mcbccnsd7j2rekvqd[.]onion/site/blog?uuid=e09fd78a-3fa6-4a31-874c-92b01c08560c,hxxp://ijzn3sicrcy7guixkzjkib4ukbiilwc3xhnmby4mcbccnsd7j2rekvqd[.]onion/?page=56,United States,official_website,"The visible text and metadata explicitly mention 'Pittsburgh, Pa', 'Pittsburgh, Pennsylvania, West Virgina, Ohio', and state headquarters information indicating operations in the United States.",High,enriched
Qilin,801,56,Studebaker Submetering,"Energy, Utilities & Waste",hxxps://www.studebakersubmetering.com/,"Aug 7, 2025",74184,46.00 GB,46,hxxp://ijzn3sicrcy7guixkzjkib4ukbiilwc3xhnmby4mcbccnsd7j2rekvqd[.]onion/site/blog?uuid=7bb3593e-71f6-451a-b48c-804185335085,hxxp://ijzn3sicrcy7guixkzjkib4ukbiilwc3xhnmby4mcbccnsd7j2rekvqd[.]onion/?page=56,United States,official_website,"Corporate Headquarters: 5350 Shawnee Road Suite 103 Alexandria, VA 22312-2318",High,enriched
Qilin,800,56,Çağrı Group,Accounting Services,hxxps://www.cagrielektrik.com.tr/,"Aug 7, 2025",0,517.00 GB,517,hxxp://ijzn3sicrcy7guixkzjkib4ukbiilwc3xhnmby4mcbccnsd7j2rekvqd[.]onion/site/blog?uuid=b5bdf775-0628-4cff-ac77-fec35a9e1504,hxxp://ijzn3sicrcy7guixkzjkib4ukbiilwc3xhnmby4mcbccnsd7j2rekvqd[.]onion/?page=56,Türkiye,domain_tld,Company URL uses the country-code domain suffix .tr; verify against headquarters evidence.,Medium,tld_inferred
Qilin,799,56,CS Repair Services,Accounting Services,hxxps://csrepair.com/,"Aug 7, 2025",0,12.00 GB,12,hxxp://ijzn3sicrcy7guixkzjkib4ukbiilwc3xhnmby4mcbccnsd7j2rekvqd[.]onion/site/blog?uuid=6c27d9c4-d3b9-4364-bc33-650677943179,hxxp://ijzn3sicrcy7guixkzjkib4ukbiilwc3xhnmby4mcbccnsd7j2rekvqd[.]onion/?page=56,United States,official_website,"Meta description and visible text explicitly reference Atlanta, GA (Atlanta, Georgia in the United States) for CS Truck & Trailer operating at csrepair.com.",High,enriched
Qilin,798,56,Lodi Police Department,Government,hxxps://lodipd.org/,"Aug 7, 2025",0,197.00 GB,197,hxxp://ijzn3sicrcy7guixkzjkib4ukbiilwc3xhnmby4mcbccnsd7j2rekvqd[.]onion/site/blog?uuid=066a98fb-729e-4bef-a048-6eb20da65a54,hxxp://ijzn3sicrcy7guixkzjkib4ukbiilwc3xhnmby4mcbccnsd7j2rekvqd[.]onion/?page=56,United States,model_inference,"The company name 'Lodi Police Department' and the .org domain strongly indicate a municipal police department in Lodi, United States (such as Lodi, New Jersey or Lodi, California), as police departments are governmental entities tied to specific municipalities.",Medium,enriched
Qilin,796,56,camdon.ca,Accounting Services,hxxps://www.camdon.ca/,"Aug 7, 2025",100189,60.00 GB,60,hxxp://ijzn3sicrcy7guixkzjkib4ukbiilwc3xhnmby4mcbccnsd7j2rekvqd[.]onion/site/blog?uuid=305c637e-11dc-4c29-b169-04fa8b4c95e5,hxxp://ijzn3sicrcy7guixkzjkib4ukbiilwc3xhnmby4mcbccnsd7j2rekvqd[.]onion/?page=56,Canada,domain_tld,Company URL uses the country-code domain suffix .ca; verify against headquarters evidence.,Medium,tld_inferred
Qilin,795,56,avosinamed.com,Accounting Services,hxxps://www.avosinamed.com/,"Aug 7, 2025",,,,hxxp://ijzn3sicrcy7guixkzjkib4ukbiilwc3xhnmby4mcbccnsd7j2rekvqd[.]onion/site/blog?uuid=d8497d42-a61d-48ff-9325-f1e071cb9f90,hxxp://ijzn3sicrcy7guixkzjkib4ukbiilwc3xhnmby4mcbccnsd7j2rekvqd[.]onion/?page=56,United States,official_website,"The contact section displays a US telephone area code (571), which corresponds to the state of Virginia, USA.",Medium,enriched
Qilin,793,56,Lawrence Paper,Manufacturing,hxxps://lpco.co/,"Aug 7, 2025",0,"1,600.00 GB",1600,hxxp://ijzn3sicrcy7guixkzjkib4ukbiilwc3xhnmby4mcbccnsd7j2rekvqd[.]onion/site/blog?uuid=a3dea14d-a63f-4f08-b30e-ec67de3a156d,hxxp://ijzn3sicrcy7guixkzjkib4ukbiilwc3xhnmby4mcbccnsd7j2rekvqd[.]onion/?page=56,United States,official_website,"Meta description and text reference providing custom packaging design, production and fulfillment for commercial and retail companies throughout Kansas, Nebraska, and Missouri.",High,enriched
Qilin,792,56,ryeco.com,Accounting Services,hxxps://www.ryeco.com/,"Aug 7, 2025",50292,49.00 GB,49,hxxp://ijzn3sicrcy7guixkzjkib4ukbiilwc3xhnmby4mcbccnsd7j2rekvqd[.]onion/site/blog?uuid=946233e9-c99d-421b-b42c-3a2e5e65c991,hxxp://ijzn3sicrcy7guixkzjkib4ukbiilwc3xhnmby4mcbccnsd7j2rekvqd[.]onion/?page=56,United States,official_website,"The webpage text displays a US telephone number format (770-423-0934, corresponding to a Georgia area code) and mentions US-based entities/clients such as Graphic Packaging Incorporated.",Medium,enriched
Qilin,789,56,Tape Ruvicha,Accounting Services,hxxps://www.taperuvicha.com/,"Aug 6, 2025",,,,hxxp://ijzn3sicrcy7guixkzjkib4ukbiilwc3xhnmby4mcbccnsd7j2rekvqd[.]onion/site/blog?uuid=1d1798f2-012e-4179-aa9c-0bdc0f54fb62,hxxp://ijzn3sicrcy7guixkzjkib4ukbiilwc3xhnmby4mcbccnsd7j2rekvqd[.]onion/?page=56,Paraguay,official_website,"The official website metadata and visible text explicitly state that Tape Ruvicha is the official representative in Paraguay, and list its headquarters and branches with addresses in Asunción, Paraguay (e.g., Avda. Madame Lynch 1516, Asuncion - Paraguay).",High,enriched
Qilin,788,56,Moniz Silva international,Healthcare Services,hxxp://www.monizsilva.co.ao,"Aug 6, 2025",30703,27.00 GB,27,hxxp://ijzn3sicrcy7guixkzjkib4ukbiilwc3xhnmby4mcbccnsd7j2rekvqd[.]onion/site/blog?uuid=b5a0edb6-1502-4cc0-9f9f-fcfab9b48789,hxxp://ijzn3sicrcy7guixkzjkib4ukbiilwc3xhnmby4mcbccnsd7j2rekvqd[.]onion/?page=56,Angola,official_website,"The company URL uses the top-level domain .ao, which is the country code for Angola.",Medium,enriched
Qilin,786,56,ferrocortes,Accounting Services,hxxp://www.ferrocortes.com.co,"Aug 6, 2025",90063,107.00 GB,107,hxxp://ijzn3sicrcy7guixkzjkib4ukbiilwc3xhnmby4mcbccnsd7j2rekvqd[.]onion/site/blog?uuid=a8cb2c05-ada4-4277-a4ee-a7fe434b27fb,hxxp://ijzn3sicrcy7guixkzjkib4ukbiilwc3xhnmby4mcbccnsd7j2rekvqd[.]onion/?page=56,Colombia,official_website,"Ferrocortes S.A.S... Atendemos diversos sectores industriales en Colombia... Sede Guayabal Calle 8 sur # 50 FF 123 Medellín, Antioquia Sede Belén Calle 29D 55-205 Unidad Industrial Medellín, Antioquia Sede Cartagena Diagonal 30 # 54-98 Sector Ceballos Bolívar, Colombia",High,enriched
Qilin,785,56,Kengen,Accounting Services,hxxp://www.kengen.co.ke,"Aug 6, 2025",,,,hxxp://ijzn3sicrcy7guixkzjkib4ukbiilwc3xhnmby4mcbccnsd7j2rekvqd[.]onion/site/blog?uuid=e9b30ba6-b5ef-42b7-b19b-d19360e8bf52,hxxp://ijzn3sicrcy7guixkzjkib4ukbiilwc3xhnmby4mcbccnsd7j2rekvqd[.]onion/?page=56,Kenya,domain_tld,Company URL uses the country-code domain suffix .ke; verify against headquarters evidence.,Medium,tld_inferred
Qilin,782,56,Bricotech,Accounting Services,hxxp://www.esd-bricotech.fr,"Aug 4, 2025",,,,hxxp://ijzn3sicrcy7guixkzjkib4ukbiilwc3xhnmby4mcbccnsd7j2rekvqd[.]onion/site/blog?uuid=d1443420-2e96-4d1c-b78d-6039e16c5389,hxxp://ijzn3sicrcy7guixkzjkib4ukbiilwc3xhnmby4mcbccnsd7j2rekvqd[.]onion/?page=56,France,domain_tld,Company URL uses the country-code domain suffix .fr; verify against headquarters evidence.,Medium,tld_inferred
Qilin,780,56,alpresor.se,Accounting Services,hxxp://www.alpresor.se,"Aug 4, 2025",52443,28.00 GB,28,hxxp://ijzn3sicrcy7guixkzjkib4ukbiilwc3xhnmby4mcbccnsd7j2rekvqd[.]onion/site/blog?uuid=bf2db7d1-40ee-482b-8533-92f46acb2436,hxxp://ijzn3sicrcy7guixkzjkib4ukbiilwc3xhnmby4mcbccnsd7j2rekvqd[.]onion/?page=56,Sweden,domain_tld,Company URL uses the country-code domain suffix .se; verify against headquarters evidence.,Medium,tld_inferred
Qilin,772,56,Ahtna Incorporated,Accounting Services,hxxps://www.ahtna.com/,"Jul 31, 2025",,,,hxxp://ijzn3sicrcy7guixkzjkib4ukbiilwc3xhnmby4mcbccnsd7j2rekvqd[.]onion/site/blog?uuid=0c4c7e18-9d6c-4ec4-afe1-90b067e6141b,hxxp://ijzn3sicrcy7guixkzjkib4ukbiilwc3xhnmby4mcbccnsd7j2rekvqd[.]onion/?page=56,Unknown,unknown,No evidence or webpage text was supplied to determine the headquarters or primary registration country.,Unknown,unknown
Qilin,770,56,www.afmco.jo,Accounting Services,hxxps://www.aseza.jo/Default/Ar,"Jul 30, 2025",155117,105.00 GB,105,hxxp://ijzn3sicrcy7guixkzjkib4ukbiilwc3xhnmby4mcbccnsd7j2rekvqd[.]onion/site/blog?uuid=baff235c-5528-4765-b097-db5bb19c0193,hxxp://ijzn3sicrcy7guixkzjkib4ukbiilwc3xhnmby4mcbccnsd7j2rekvqd[.]onion/?page=56,Jordan,official_website,The website domain extension .jo and visible text referring to سلطة منطقة العقبة الاقتصادية الخاصة (Aqaba Special Economic Zone Authority) and locations in Jordan explicitly point to Jordan.,High,enriched
Qilin,768,56,Custom Food Ingredients,Accounting Services,hxxps://cfigroup.com.my/,"Jul 29, 2025",129818,64.00 GB,64,hxxp://ijzn3sicrcy7guixkzjkib4ukbiilwc3xhnmby4mcbccnsd7j2rekvqd[.]onion/site/blog?uuid=5790b852-865a-44ad-b029-6f7177dcf1ed,hxxp://ijzn3sicrcy7guixkzjkib4ukbiilwc3xhnmby4mcbccnsd7j2rekvqd[.]onion/?page=56,Malaysia,domain_tld,Company URL uses the country-code domain suffix .com.my; verify against headquarters evidence.,Medium,tld_inferred
Qilin,765,56,Yapi Teknik Proje,Accounting Services,hxxps://yapiteknikproje.com/,"Jul 28, 2025",52983,40.00 GB,40,hxxp://ijzn3sicrcy7guixkzjkib4ukbiilwc3xhnmby4mcbccnsd7j2rekvqd[.]onion/site/blog?uuid=329008ac-45da-4242-9df6-2af621511f83,hxxp://ijzn3sicrcy7guixkzjkib4ukbiilwc3xhnmby4mcbccnsd7j2rekvqd[.]onion/?page=56,Turkey,official_website,"The company was established in Istanbul in 1988 ('İstanbul’da kurulmuştur'), lists a phone number with country code +90, and provides an address in Kadıköy/İstanbul ('Dumlupınar Mahallesi, İstanbul 216 II.Etap C blok Kat:16 34774 Kadıköy/İstanbul').",High,enriched
Qilin,763,57,Astro Industries Inc.,Accounting Services,hxxps://www.astro-ind.com/,"Jul 25, 2025",0,56.00 GB,56,hxxp://ijzn3sicrcy7guixkzjkib4ukbiilwc3xhnmby4mcbccnsd7j2rekvqd[.]onion/site/blog?uuid=8945d698-420e-4838-88ab-b4f7ccdea959,hxxp://ijzn3sicrcy7guixkzjkib4ukbiilwc3xhnmby4mcbccnsd7j2rekvqd[.]onion/?page=57,United States,official_website,"Address: 4403 Dayton-Xenia Road Dayton, OH 45432, United States",High,enriched
Qilin,762,57,morgan911.org,0,hxxps://www.morgan911.org,"Jul 24, 2025",27023,17.00 GB,17,hxxp://ijzn3sicrcy7guixkzjkib4ukbiilwc3xhnmby4mcbccnsd7j2rekvqd[.]onion/site/blog?uuid=b98a6112-6788-4f2f-ac5e-0fe02275350d,hxxp://ijzn3sicrcy7guixkzjkib4ukbiilwc3xhnmby4mcbccnsd7j2rekvqd[.]onion/?page=57,United States,official_website,"Contact address and location references explicitly state Morgan County, Alabama, Decatur AL 35603, United States.",High,enriched
Qilin,760,57,BALNEARIO DE MONDARIZ,Accounting Services,hxxps://www.balneariomondariz.es/,"Jul 24, 2025",82514,109.00 GB,109,hxxp://ijzn3sicrcy7guixkzjkib4ukbiilwc3xhnmby4mcbccnsd7j2rekvqd[.]onion/site/blog?uuid=f1e60fe5-5d2f-4931-a81b-1af1b424f656,hxxp://ijzn3sicrcy7guixkzjkib4ukbiilwc3xhnmby4mcbccnsd7j2rekvqd[.]onion/?page=57,Spain,domain_tld,Company URL uses the country-code domain suffix .es; verify against headquarters evidence.,Medium,tld_inferred
Qilin,759,57,foiegrasespinet,Accounting Services,hxxps://www.foiegrasespinet.com/,"Jul 24, 2025",108564,101.00 GB,101,hxxp://ijzn3sicrcy7guixkzjkib4ukbiilwc3xhnmby4mcbccnsd7j2rekvqd[.]onion/site/blog?uuid=4e805732-51dd-4e64-940c-de472fdf37df,hxxp://ijzn3sicrcy7guixkzjkib4ukbiilwc3xhnmby4mcbccnsd7j2rekvqd[.]onion/?page=57,France,official_website,Zone Industrielle de Boulazac Avenue Firmin Bouvier 24750 - Périgueux Tél. : +33 (0)5 53 04 64 69,High,enriched
Qilin,758,57,moonsafari,Consumer Electronics & Computers Retail,hxxps://www.moonsafari.archi/,"Jul 24, 2025",63180,114.00 GB,114,hxxp://ijzn3sicrcy7guixkzjkib4ukbiilwc3xhnmby4mcbccnsd7j2rekvqd[.]onion/site/blog?uuid=7e4db425-8905-4658-9d20-d595ff418837,hxxp://ijzn3sicrcy7guixkzjkib4ukbiilwc3xhnmby4mcbccnsd7j2rekvqd[.]onion/?page=57,France,official_website,"Agence d'architecture à Bordeaux, Lyon, Anglet. ... Bordeaux, Lyon, Bayonne, Paris ... Centre Hospitalier de Mont de Marsan ... Bordeaux Euratlantique",High,enriched
Qilin,756,57,jaegerndorfer.at,Accounting Services,hxxp://jaegerndorfer.at,"Jul 23, 2025",38313,96.00 GB,96,hxxp://ijzn3sicrcy7guixkzjkib4ukbiilwc3xhnmby4mcbccnsd7j2rekvqd[.]onion/site/blog?uuid=08c934aa-2d11-41a0-bb34-1da4b8248239,hxxp://ijzn3sicrcy7guixkzjkib4ukbiilwc3xhnmby4mcbccnsd7j2rekvqd[.]onion/?page=57,Austria,domain_tld,Company URL uses the country-code domain suffix .at; verify against headquarters evidence.,Medium,tld_inferred
Qilin,755,57,www.barobinson.com,Accounting Services,hxxps://www.barobinson.com/,"Jul 23, 2025",26435,20.00 GB,20,hxxp://ijzn3sicrcy7guixkzjkib4ukbiilwc3xhnmby4mcbccnsd7j2rekvqd[.]onion/site/blog?uuid=6a7f328d-6014-4456-acc0-bb8f41315075,hxxp://ijzn3sicrcy7guixkzjkib4ukbiilwc3xhnmby4mcbccnsd7j2rekvqd[.]onion/?page=57,Canada,official_website,"Canadian owned distributor operating in Manitoba, Ontario, Saskatchewan, Alberta, and British Columbia; Robinson Supply is a fully diversified distributor of plumbing, HVAC, lighting and electrical products in Western Canada.",High,enriched
Qilin,754,57,DelCampo,Accounting Services,hxxp://www.delcampo.com.mx,"Jul 23, 2025",0,15.00 GB,15,hxxp://ijzn3sicrcy7guixkzjkib4ukbiilwc3xhnmby4mcbccnsd7j2rekvqd[.]onion/site/blog?uuid=594610e4-2245-47b1-8202-5066d239edce,hxxp://ijzn3sicrcy7guixkzjkib4ukbiilwc3xhnmby4mcbccnsd7j2rekvqd[.]onion/?page=57,Mexico,domain_tld,Company URL uses the country-code domain suffix .com.mx; verify against headquarters evidence.,Medium,tld_inferred
Qilin,752,57,Windsor Door,Accounting Services,hxxps://windsordoor.com/,"Jul 21, 2025",106215,64.00 GB,64,hxxp://ijzn3sicrcy7guixkzjkib4ukbiilwc3xhnmby4mcbccnsd7j2rekvqd[.]onion/site/blog?uuid=0880b3a8-472d-400f-a2b9-f432364307f8,hxxp://ijzn3sicrcy7guixkzjkib4ukbiilwc3xhnmby4mcbccnsd7j2rekvqd[.]onion/?page=57,United States,official_website,"The website text explicitly mentions 'Made in America' and 'American Quality & Service', indicating operations and headquarters in the United States.",High,enriched
Qilin,750,57,chainstoreguide.com,Accounting Services,hxxps://www.chainstoreguide.com/,"Jul 21, 2025",0,111.00 GB,111,hxxp://ijzn3sicrcy7guixkzjkib4ukbiilwc3xhnmby4mcbccnsd7j2rekvqd[.]onion/site/blog?uuid=784821dc-d936-46cb-a17d-b6e9e22e2244,hxxp://ijzn3sicrcy7guixkzjkib4ukbiilwc3xhnmby4mcbccnsd7j2rekvqd[.]onion/?page=57,United States,official_website,"Customer testimonials mention US cities and states (Alexandria, VA; New York, NY), and sales representatives list US phone numbers with area codes like (813) and US states/territories assigned to them (AK, AR, CA, etc.).",High,enriched
Qilin,748,57,Bronze Craft,,hxxp://www.bronzecraft.com,"Jul 21, 2025",,,,hxxp://ijzn3sicrcy7guixkzjkib4ukbiilwc3xhnmby4mcbccnsd7j2rekvqd[.]onion/site/blog?uuid=5ce1086a-0fd8-4db5-a327-8bacc5619230,hxxp://ijzn3sicrcy7guixkzjkib4ukbiilwc3xhnmby4mcbccnsd7j2rekvqd[.]onion/?page=57,United States,official_website,"Address : 37 Will Street, Nashua, NH 03060, USA",High,enriched
Qilin,747,57,Krusell,Business Services,hxxps://adiantes.com/,"Jul 21, 2025",0,111.00 GB,111,hxxp://ijzn3sicrcy7guixkzjkib4ukbiilwc3xhnmby4mcbccnsd7j2rekvqd[.]onion/site/blog?uuid=0565c886-9a85-45ca-a32b-280ac0cbc951,hxxp://ijzn3sicrcy7guixkzjkib4ukbiilwc3xhnmby4mcbccnsd7j2rekvqd[.]onion/?page=57,Thailand,official_website,"A Thailand based manufacturer of leather goods... located in the heart of Bangkok, Thailand.",High,enriched
Qilin,745,57,ARCTICGROUP,Accounting Services,hxxps://arcticglacier.com/,"Jul 19, 2025",254313,147.00 GB,147,hxxp://ijzn3sicrcy7guixkzjkib4ukbiilwc3xhnmby4mcbccnsd7j2rekvqd[.]onion/site/blog?uuid=141d3ba5-c8eb-46eb-b052-50c7fbfb3f6f,hxxp://ijzn3sicrcy7guixkzjkib4ukbiilwc3xhnmby4mcbccnsd7j2rekvqd[.]onion/?page=57,United States,official_website,"The website footer states 'Copyright Arctic Glacier Inc. All Rights Reserved' and mentions 'US Customers' and 'Canadian Customers' with a primary focus on U.S. operations ('75,000 customers across the U.S', U.S. toll-free phone numbers, and U.S. bill pay options). Although it operates in North America, the company name 'Arctic Glacier Inc.' combined with U.S.-focused customer service indicates incorporation/headquarters in the United States.",Medium,enriched
Qilin,744,57,WIBAIE,Accounting Services,hxxps://www.wibaie.fr/,"Jul 18, 2025",105504,227.00 GB,227,hxxp://ijzn3sicrcy7guixkzjkib4ukbiilwc3xhnmby4mcbccnsd7j2rekvqd[.]onion/site/blog?uuid=9202de7e-b7eb-4b12-86ba-af07e4e9c50a,hxxp://ijzn3sicrcy7guixkzjkib4ukbiilwc3xhnmby4mcbccnsd7j2rekvqd[.]onion/?page=57,France,domain_tld,Company URL uses the country-code domain suffix .fr; verify against headquarters evidence.,Medium,tld_inferred
Qilin,742,57,www.balkankalip.com,Accounting Services,hxxp://www.balkankalip.com,"Jul 17, 2025",0,126.00 GB,126,hxxp://ijzn3sicrcy7guixkzjkib4ukbiilwc3xhnmby4mcbccnsd7j2rekvqd[.]onion/site/blog?uuid=732434ae-6edd-4050-b7d1-c0631232e57f,hxxp://ijzn3sicrcy7guixkzjkib4ukbiilwc3xhnmby4mcbccnsd7j2rekvqd[.]onion/?page=57,Turkey,official_website,Address listed as 'Adile Naşit Blv. 174. Sokak Esenyurt/İstanbul' and Turkish phone code/format.,High,enriched
Qilin,741,57,KEP Credit Union KEP,Hospitality,hxxp://www.kep.cw,"Jul 16, 2025",101381,146.00 GB,146,hxxp://ijzn3sicrcy7guixkzjkib4ukbiilwc3xhnmby4mcbccnsd7j2rekvqd[.]onion/site/blog?uuid=bfdc90a7-e1bb-4c78-b346-7770656827ae,hxxp://ijzn3sicrcy7guixkzjkib4ukbiilwc3xhnmby4mcbccnsd7j2rekvqd[.]onion/?page=57,Curaçao,official_website,"The company URL uses the top-level domain '.cw' (Curaçao), and the official website text features languages and terms specific to the region such as 'Papiamentu' and 'Solido i Konfiabel'.",Medium,enriched
Qilin,738,57,Halvorsen Family Law Group,Accounting Services,hxxps://halvorsenfamilylaw.com/index.php/partner-bios/,"Jul 15, 2025",0,167.00 GB,167,hxxp://ijzn3sicrcy7guixkzjkib4ukbiilwc3xhnmby4mcbccnsd7j2rekvqd[.]onion/site/blog?uuid=d31dd0c8-442e-4fd3-82f6-03ffee2c2349,hxxp://ijzn3sicrcy7guixkzjkib4ukbiilwc3xhnmby4mcbccnsd7j2rekvqd[.]onion/?page=57,Unknown,unknown,"The provided text and metadata do not contain explicit headquarters, registered-office, contact-address, or official registry evidence indicating the country of the company.",Unknown,unknown
Qilin,736,57,City of Green River,Accounting Services,hxxp://www.greenriverutah.com,"Jul 15, 2025",28757,42.00 GB,42,hxxp://ijzn3sicrcy7guixkzjkib4ukbiilwc3xhnmby4mcbccnsd7j2rekvqd[.]onion/site/blog?uuid=3ba9dc4a-ae09-4d14-9173-2720248597e6,hxxp://ijzn3sicrcy7guixkzjkib4ukbiilwc3xhnmby4mcbccnsd7j2rekvqd[.]onion/?page=57,United States,official_website,"The URL 'greenriverutah.com' explicitly indicates Green River, Utah, which refers to the municipality in the United States.",High,enriched
Qilin,733,57,"Culver's Lawn & Landscape, Inc.",Accounting Services,hxxps://culverslandscape.com,"Jul 14, 2025",206769,122.00 GB,122,hxxp://ijzn3sicrcy7guixkzjkib4ukbiilwc3xhnmby4mcbccnsd7j2rekvqd[.]onion/site/blog?uuid=c4f1e58d-9a5b-4dee-9b87-43a816865d68,hxxp://ijzn3sicrcy7guixkzjkib4ukbiilwc3xhnmby4mcbccnsd7j2rekvqd[.]onion/?page=57,United States,official_website,"The website text explicitly mentions operating throughout Iowa, serving the Cedar Rapids, Marion and Eastern Iowa area, and provides a U.S. telephone country code (+1 319 377 4195).",High,enriched
Qilin,728,57,Darien Telephone,Accounting Services,hxxp://www.darientel.net,"Jul 11, 2025",58180,65.00 GB,65,hxxp://ijzn3sicrcy7guixkzjkib4ukbiilwc3xhnmby4mcbccnsd7j2rekvqd[.]onion/site/blog?uuid=fa28af64-a470-4cba-ac1c-1cfbfa234f1c,hxxp://ijzn3sicrcy7guixkzjkib4ukbiilwc3xhnmby4mcbccnsd7j2rekvqd[.]onion/?page=57,Unknown,unknown,"The supplied evidence only provides the company name and URL, with no official website metadata, address, or registration details to conclusively determine the headquarters country.",Unknown,unknown
Qilin,727,58,nexa.bb,Accounting Services,hxxps://www.nexa.bb,"Jul 11, 2025",,,,hxxp://ijzn3sicrcy7guixkzjkib4ukbiilwc3xhnmby4mcbccnsd7j2rekvqd[.]onion/site/blog?uuid=22e7673e-c3e3-4117-8592-9d6eceae0c76,hxxp://ijzn3sicrcy7guixkzjkib4ukbiilwc3xhnmby4mcbccnsd7j2rekvqd[.]onion/?page=58,Barbados,official_website,"nexa , a trade name registered in Barbados to Nexa Financial Services Inc and Nexa Corporate Services Inc. Office: The Gables Haggatt Hall, St. Michael Bridgetown, BB11063",High,enriched
Qilin,722,58,Consorzio di Bonifica Adige Po,Accounting Services,hxxps://www.adigepo.it/,"Jul 10, 2025",137556,101.00 GB,101,hxxp://ijzn3sicrcy7guixkzjkib4ukbiilwc3xhnmby4mcbccnsd7j2rekvqd[.]onion/site/blog?uuid=77a7f4b4-b9e6-4a3e-bf9a-4e7084ea812b,hxxp://ijzn3sicrcy7guixkzjkib4ukbiilwc3xhnmby4mcbccnsd7j2rekvqd[.]onion/?page=58,Italy,domain_tld,Company URL uses the country-code domain suffix .it; verify against headquarters evidence.,Medium,tld_inferred
Qilin,721,58,lawforpersonalinjury.com,Accounting Services,hxxps://lawforpersonalinjury.com/,"Jul 9, 2025",0,54.00 GB,54,hxxp://ijzn3sicrcy7guixkzjkib4ukbiilwc3xhnmby4mcbccnsd7j2rekvqd[.]onion/site/blog?uuid=fbce0faa-f0ca-4bba-9dfd-9224f916a5c1,hxxp://ijzn3sicrcy7guixkzjkib4ukbiilwc3xhnmby4mcbccnsd7j2rekvqd[.]onion/?page=58,United States,official_website,"The webpage text explicitly mentions the law firm Prince & Schmidt serving clients in New Mexico (Santa Fe, Albuquerque, Taos, Las Vegas), which is a state in the United States.",High,enriched
Qilin,718,58,Microf,Banking,hxxp://www.microf.com,"Jul 9, 2025",227499,98.00 GB,98,hxxp://ijzn3sicrcy7guixkzjkib4ukbiilwc3xhnmby4mcbccnsd7j2rekvqd[.]onion/site/blog?uuid=5dd057c0-8df6-419c-adea-bb1ec6b1741a,hxxp://ijzn3sicrcy7guixkzjkib4ukbiilwc3xhnmby4mcbccnsd7j2rekvqd[.]onion/?page=58,United States,official_website,"Address listed on website footer: 2849 Paces Ferry Rd SE, Suite 625, Atlanta, GA 30339, and text mentioning 'Atlanta Top Workplace'.",High,enriched
Qilin,716,58,ResourceEnergy,Accounting Services,hxxp:// www.resourceenergy.com,"Jul 8, 2025",91123,84.00 GB,84,hxxp://ijzn3sicrcy7guixkzjkib4ukbiilwc3xhnmby4mcbccnsd7j2rekvqd[.]onion/site/blog?uuid=b8be4d16-d6b1-48e7-9b68-b104daba657a,hxxp://ijzn3sicrcy7guixkzjkib4ukbiilwc3xhnmby4mcbccnsd7j2rekvqd[.]onion/?page=58,Unknown,unknown,"The supplied evidence lacks any explicit headquarters, contact address, official registry information, or reliable company profile indicating the victim organization's country. The domain and company name cannot be used to infer the country.",Unknown,unknown
Qilin,714,58,volpatoindustrie.it,Accounting Services,hxxps://www.volpatoindustrie.it/,"Jul 7, 2025",272570,110.00 GB,110,hxxp://ijzn3sicrcy7guixkzjkib4ukbiilwc3xhnmby4mcbccnsd7j2rekvqd[.]onion/site/blog?uuid=f1174ba5-47b7-48ff-b598-2cbb748f239b,hxxp://ijzn3sicrcy7guixkzjkib4ukbiilwc3xhnmby4mcbccnsd7j2rekvqd[.]onion/?page=58,Italy,domain_tld,Company URL uses the country-code domain suffix .it; verify against headquarters evidence.,Medium,tld_inferred
Qilin,711,58,knightknox,,hxxps://knightknox.com/,"Jul 4, 2025",,,,hxxp://ijzn3sicrcy7guixkzjkib4ukbiilwc3xhnmby4mcbccnsd7j2rekvqd[.]onion/site/blog?uuid=d78e2e77-0418-406d-8868-3b59a901e5f1,hxxp://ijzn3sicrcy7guixkzjkib4ukbiilwc3xhnmby4mcbccnsd7j2rekvqd[.]onion/?page=58,United Kingdom,official_website,"Website metadata title ('Trusted UK Property Investment Specialists | Knight Knox'), meta description ('Secure high-yield buy-to-let properties in the UK with Knight Knox'), and visible text referring to UK property investment specialists and UK cities/locations such as Nottingham, Staffordshire, and the Isle of Wight.",High,enriched
Qilin,710,58,Cenomi Retail,,hxxps://www.cenomiretail.com/sa-en/contact-us/,"Jul 3, 2025",,,,hxxp://ijzn3sicrcy7guixkzjkib4ukbiilwc3xhnmby4mcbccnsd7j2rekvqd[.]onion/site/blog?uuid=7f846597-a83b-4863-be05-cbe2b04c9dd7,hxxp://ijzn3sicrcy7guixkzjkib4ukbiilwc3xhnmby4mcbccnsd7j2rekvqd[.]onion/?page=58,Saudi Arabia,official_website,"Contact address lists: U-Walk, A3 Building, 1st Floor University Walk Beside Muvi Cinema Prince Turki Ibn Abdulaziz Al Awwal Road P.O. Box 4925, Riyadh 12373, K.S.A.",High,enriched
Qilin,708,58,Punta Del Agua,Business Services,hxxps://www.puntadelagua.com.ar/,"Jul 2, 2025",,,,hxxp://ijzn3sicrcy7guixkzjkib4ukbiilwc3xhnmby4mcbccnsd7j2rekvqd[.]onion/site/blog?uuid=6e454482-5ba7-4b84-9bce-cfd16cc27a9a,hxxp://ijzn3sicrcy7guixkzjkib4ukbiilwc3xhnmby4mcbccnsd7j2rekvqd[.]onion/?page=58,Argentina,domain_tld,Company URL uses the country-code domain suffix .com.ar; verify against headquarters evidence.,Medium,tld_inferred
Qilin,701,58,conlonproducts.net,Accounting Services,hxxps://conlonproducts.net/catalog/,"Jul 1, 2025",0,25.00 GB,25,hxxp://ijzn3sicrcy7guixkzjkib4ukbiilwc3xhnmby4mcbccnsd7j2rekvqd[.]onion/site/blog?uuid=7c61dedb-4455-461a-a9a9-b4ec3ab74b29,hxxp://ijzn3sicrcy7guixkzjkib4ukbiilwc3xhnmby4mcbccnsd7j2rekvqd[.]onion/?page=58,Unknown,unknown,,Unknown,unknown
Qilin,700,58,corpdvs.com,Accounting Services,hxxps://www.corpdvs.com/,"Jul 1, 2025",0,26.00 GB,26,hxxp://ijzn3sicrcy7guixkzjkib4ukbiilwc3xhnmby4mcbccnsd7j2rekvqd[.]onion/site/blog?uuid=219e7cca-d750-4d7b-9c9b-3f9a2736ff05,hxxp://ijzn3sicrcy7guixkzjkib4ukbiilwc3xhnmby4mcbccnsd7j2rekvqd[.]onion/?page=58,United States,official_website,"Address: 48 Stiles Road #101, Salem, NH 03079",High,enriched
Qilin,699,58,capmark.org,Accounting Services,hxxps://capmark.org/,"Jul 1, 2025",,,,hxxp://ijzn3sicrcy7guixkzjkib4ukbiilwc3xhnmby4mcbccnsd7j2rekvqd[.]onion/site/blog?uuid=5633eed6-fbb1-47a2-9a3b-8e9de4d0bf20,hxxp://ijzn3sicrcy7guixkzjkib4ukbiilwc3xhnmby4mcbccnsd7j2rekvqd[.]onion/?page=58,Unknown,unknown,"The provided text mentions 'Capital Markets Advisors, LLC' and various municipal/school advisory services (such as School State Aid Services), which strongly suggest a United States context (municipal advisors, state aid), but the text lacks an explicit headquarters address, country name, state, or registration details confirming the country.",Unknown,unknown
Qilin,697,58,mpark.net,Accounting Services,hxxps://www.mpark.net/,"Jul 1, 2025",0,229.00 GB,229,hxxp://ijzn3sicrcy7guixkzjkib4ukbiilwc3xhnmby4mcbccnsd7j2rekvqd[.]onion/site/blog?uuid=42e03699-be08-496f-ba65-4b5a6cd575d3,hxxp://ijzn3sicrcy7guixkzjkib4ukbiilwc3xhnmby4mcbccnsd7j2rekvqd[.]onion/?page=58,Unknown,unknown,"No official website metadata, address, or registration details were provided in the evidence to determine the company's country.",Unknown,unknown
Qilin,695,58,parsons-peebles.com,Industrial Machinery & Equipment,hxxps://www.parsons-peebles.com/,"Jul 1, 2025",0,62.00 GB,62,hxxp://ijzn3sicrcy7guixkzjkib4ukbiilwc3xhnmby4mcbccnsd7j2rekvqd[.]onion/site/blog?uuid=d1303249-70ff-4693-930b-ec0891e507ec,hxxp://ijzn3sicrcy7guixkzjkib4ukbiilwc3xhnmby4mcbccnsd7j2rekvqd[.]onion/?page=58,United Kingdom,official_website,"Visible text explicitly gives the address: 'TDC Parsons Peebles Wood Road Rosyth Royal Dockyard Dunfermline, Fife KY11 2EA' and states 'UK manufacturer and repair specialist for motors, generators and rotary frequency converters.'",High,enriched
Qilin,694,58,villagecoin.com,Accounting Services,hxxps://www.villagecoin.com/,"Jul 1, 2025",0,100.00 GB,100,hxxp://ijzn3sicrcy7guixkzjkib4ukbiilwc3xhnmby4mcbccnsd7j2rekvqd[.]onion/site/blog?uuid=ac6fa9bf-f8fc-409b-939b-877948e18ec7,hxxp://ijzn3sicrcy7guixkzjkib4ukbiilwc3xhnmby4mcbccnsd7j2rekvqd[.]onion/?page=58,United States,official_website,"The Village Coin Shop is located in Plaistow, New Hampshire. Contact: P.O. Box 207 Plaistow, NH, 03865.",High,enriched
Qilin,693,58,steeplechasetool.com,Accounting Services,hxxps://steeplechasetool.com/,"Jul 1, 2025",0,76.00 GB,76,hxxp://ijzn3sicrcy7guixkzjkib4ukbiilwc3xhnmby4mcbccnsd7j2rekvqd[.]onion/site/blog?uuid=7daf9e13-9f85-43a1-b234-ca7aed9d62fd,hxxp://ijzn3sicrcy7guixkzjkib4ukbiilwc3xhnmby4mcbccnsd7j2rekvqd[.]onion/?page=58,United States,official_website,"9307 Howard City Edmore Road, Lakeview, MI 48850 USA",High,enriched
Qilin,690,58,Accu Reference Medical Lab,Accounting Services,hxxp://www.accureference.com,"Jul 1, 2025",0,667.00 GB,667,hxxp://ijzn3sicrcy7guixkzjkib4ukbiilwc3xhnmby4mcbccnsd7j2rekvqd[.]onion/site/blog?uuid=af019572-d219-403c-8d03-d70f40cafa42,hxxp://ijzn3sicrcy7guixkzjkib4ukbiilwc3xhnmby4mcbccnsd7j2rekvqd[.]onion/?page=58,Unknown,unknown,"No official website metadata, address, or registration details were provided in the evidence to determine the company's country.",Unknown,unknown
Qilin,685,58,"simmons-Boardman Publishing, Inc",Accounting Services,hxxps://simmonsboardman.com,"Jun 30, 2025",,,,hxxp://ijzn3sicrcy7guixkzjkib4ukbiilwc3xhnmby4mcbccnsd7j2rekvqd[.]onion/site/blog?uuid=4d1b9e45-de77-4efe-8dd4-566c92177d2e,hxxp://ijzn3sicrcy7guixkzjkib4ukbiilwc3xhnmby4mcbccnsd7j2rekvqd[.]onion/?page=58,United States,official_website,"One of the oldest, most well-respected, privately held B2B publishers in the U.S.",High,enriched
Qilin,684,58,Alert Medical Alarms,Accounting Services,hxxps://alertmedicalalarms.com/,"Jun 30, 2025",52436,70.00 GB,70,hxxp://ijzn3sicrcy7guixkzjkib4ukbiilwc3xhnmby4mcbccnsd7j2rekvqd[.]onion/site/blog?uuid=a7c790a5-c28a-4060-8850-a1e58da7538b,hxxp://ijzn3sicrcy7guixkzjkib4ukbiilwc3xhnmby4mcbccnsd7j2rekvqd[.]onion/?page=58,Unknown,unknown,"The provided text shows a toll-free North American phone number format (1-800-716-8035), but contains no explicit physical address, headquarters country, or registration country. While toll-free numbers are frequently used in the United States and Canada, there is insufficient explicit evidence to determine the exact country.",Unknown,unknown
Qilin,683,58,exhibits-intl.com,Accounting Services,hxxp://exhibits-intl.com,"Jun 29, 2025",82569,219.00 GB,219,hxxp://ijzn3sicrcy7guixkzjkib4ukbiilwc3xhnmby4mcbccnsd7j2rekvqd[.]onion/site/blog?uuid=2ab232c6-a3c4-4ffc-aa37-7cd3de6f44c3,hxxp://ijzn3sicrcy7guixkzjkib4ukbiilwc3xhnmby4mcbccnsd7j2rekvqd[.]onion/?page=58,Unknown,unknown,No evidence or webpage text was provided to determine the company's headquarters or registration country.,Unknown,unknown
Qilin,682,59,slyfoxbeer.com,Accounting Services,hxxp://www.slyfoxbeer.com,"Jun 28, 2025",21659,20.00 GB,20,hxxp://ijzn3sicrcy7guixkzjkib4ukbiilwc3xhnmby4mcbccnsd7j2rekvqd[.]onion/site/blog?uuid=65ebb7d0-9230-45f8-8555-e70389ba8ceb,hxxp://ijzn3sicrcy7guixkzjkib4ukbiilwc3xhnmby4mcbccnsd7j2rekvqd[.]onion/?page=59,United States,official_website,"Brewery address listed as: 331 Circle of Progress Drive Pottstown, PA 19464, and mentions Pennsylvania, Delaware Valley, and states distribution.",High,enriched
Qilin,681,59,SiloKing,Industrial Machinery & Equipment,hxxps://www.siloking.com,"Jun 27, 2025",485044,725.00 GB,725,hxxp://ijzn3sicrcy7guixkzjkib4ukbiilwc3xhnmby4mcbccnsd7j2rekvqd[.]onion/site/blog?uuid=04bbc82e-4c95-40ae-9cee-301258271e35,hxxp://ijzn3sicrcy7guixkzjkib4ukbiilwc3xhnmby4mcbccnsd7j2rekvqd[.]onion/?page=59,Unknown,unknown,"No official website metadata, address, or registry information was provided in the evidence to determine the company's headquarters or registration country.",Unknown,unknown
Qilin,677,59,schmitzmix.com,Accounting Services,hxxps://schmitzmix.com/,"Jun 27, 2025",0,81.00 GB,81,hxxp://ijzn3sicrcy7guixkzjkib4ukbiilwc3xhnmby4mcbccnsd7j2rekvqd[.]onion/site/blog?uuid=865fa2b8-05fd-439c-aaf0-06041508913a,hxxp://ijzn3sicrcy7guixkzjkib4ukbiilwc3xhnmby4mcbccnsd7j2rekvqd[.]onion/?page=59,United States,official_website,"The website text lists corporate offices and locations in Wisconsin cities (such as Milwaukee, Port Washington, Sheboygan, and Richfield) along with a Wisconsin address (11815 W Bradley Rd., Milwaukee, WI 53224) and references to Southeastern WI (Wisconsin).",High,enriched
Qilin,676,59,buffalomarine.com,Accounting Services,hxxps://www.buffalomarine.com/,"Jun 27, 2025",0,86.00 GB,86,hxxp://ijzn3sicrcy7guixkzjkib4ukbiilwc3xhnmby4mcbccnsd7j2rekvqd[.]onion/site/blog?uuid=e9801b4e-9a7f-46d8-b67c-fcc3202b5da9,hxxp://ijzn3sicrcy7guixkzjkib4ukbiilwc3xhnmby4mcbccnsd7j2rekvqd[.]onion/?page=59,United States,official_website,"Contact address lists Houston, TX 77012 (Texas, USA)",High,enriched
Qilin,675,59,artexmanagement.com,Accounting Services,hxxp://artexmanagement.com/,"Jun 27, 2025",0,98.00 GB,98,hxxp://ijzn3sicrcy7guixkzjkib4ukbiilwc3xhnmby4mcbccnsd7j2rekvqd[.]onion/site/blog?uuid=6b59742c-b2f4-493a-978e-2899dce39d0f,hxxp://ijzn3sicrcy7guixkzjkib4ukbiilwc3xhnmby4mcbccnsd7j2rekvqd[.]onion/?page=59,Unknown,unknown,,Unknown,unknown
Qilin,673,59,broadleafgame.com,Accounting Services,hxxps://broadleafgame.com/,"Jun 27, 2025",0,121.00 GB,121,hxxp://ijzn3sicrcy7guixkzjkib4ukbiilwc3xhnmby4mcbccnsd7j2rekvqd[.]onion/site/blog?uuid=547de0fb-81ef-4060-b099-90d67de3b5d5,hxxp://ijzn3sicrcy7guixkzjkib4ukbiilwc3xhnmby4mcbccnsd7j2rekvqd[.]onion/?page=59,United States,official_website,Copyright © 2026 Broadleaf Venison (USA) Inc. All Rights Reserved. ... supplying the highest quality meat and specialty foods to distributors and retailers across the United States and abroad.,High,enriched
Qilin,672,59,greatcdltraining.com,Accounting Services,hxxps://greatcdltraining.com/,"Jun 27, 2025",0,200.00 GB,200,hxxp://ijzn3sicrcy7guixkzjkib4ukbiilwc3xhnmby4mcbccnsd7j2rekvqd[.]onion/site/blog?uuid=9da1241f-4f0d-4a10-a21a-30ebf9a14886,hxxp://ijzn3sicrcy7guixkzjkib4ukbiilwc3xhnmby4mcbccnsd7j2rekvqd[.]onion/?page=59,Unknown,unknown,"The supplied webpage text mentions truck driving schools, Driver Solutions, and PAM Transport, but does not provide an explicit headquarters, registered office, contact address, or country of registration.",Unknown,unknown
Qilin,671,59,elpasoglass.com,Accounting Services,hxxps://elpasoglass.com/,"Jun 27, 2025",0,49.00 GB,49,hxxp://ijzn3sicrcy7guixkzjkib4ukbiilwc3xhnmby4mcbccnsd7j2rekvqd[.]onion/site/blog?uuid=15256888-43fa-43aa-98b8-5585e5c3ea38,hxxp://ijzn3sicrcy7guixkzjkib4ukbiilwc3xhnmby4mcbccnsd7j2rekvqd[.]onion/?page=59,United States,official_website,"Addresses provided in Aurora, CO, Colorado Springs, CO, and Grand Junction, Colorado clearly indicate operations in the United States.",High,enriched
Qilin,667,59,Airbus SLC México,Accounting Services,hxxp://www.airbus-slc.com.mx,"Jun 26, 2025",95803,51.00 GB,51,hxxp://ijzn3sicrcy7guixkzjkib4ukbiilwc3xhnmby4mcbccnsd7j2rekvqd[.]onion/site/blog?uuid=d56b692b-a525-42b9-95d0-71f61205af9e,hxxp://ijzn3sicrcy7guixkzjkib4ukbiilwc3xhnmby4mcbccnsd7j2rekvqd[.]onion/?page=59,Mexico,domain_tld,Company URL uses the country-code domain suffix .com.mx; verify against headquarters evidence.,Medium,tld_inferred
Qilin,665,59,"Habitat for Humanity of Greater Sioux Falls, Inc.",Accounting Services,hxxps://siouxfallshabitat.org,"Jun 25, 2025",99909,106.00 GB,106,hxxp://ijzn3sicrcy7guixkzjkib4ukbiilwc3xhnmby4mcbccnsd7j2rekvqd[.]onion/site/blog?uuid=774fbca0-a204-4c6f-8179-852c6085607d,hxxp://ijzn3sicrcy7guixkzjkib4ukbiilwc3xhnmby4mcbccnsd7j2rekvqd[.]onion/?page=59,United States,official_website,"We serve the South Dakota counties of Minnehaha, Lincoln and Turner. Your gift will change lives in South Dakota.",High,enriched
Qilin,663,59,gudeco.de,Accounting Services,hxxps://www.gudeco.de,"Jun 25, 2025",362233,380.00 GB,380,hxxp://ijzn3sicrcy7guixkzjkib4ukbiilwc3xhnmby4mcbccnsd7j2rekvqd[.]onion/site/blog?uuid=7efd3b69-b4b6-499d-ac2e-0ecbd41dd51b,hxxp://ijzn3sicrcy7guixkzjkib4ukbiilwc3xhnmby4mcbccnsd7j2rekvqd[.]onion/?page=59,Germany,domain_tld,Company URL uses the country-code domain suffix .de; verify against headquarters evidence.,Medium,tld_inferred
Qilin,659,59,www.covenanthealth.net,Accounting Services,hxxp://www.covenanthealth.net,"Jun 24, 2025",1347740,852.00 GB,852,hxxp://ijzn3sicrcy7guixkzjkib4ukbiilwc3xhnmby4mcbccnsd7j2rekvqd[.]onion/site/blog?uuid=43b5d83d-ebf2-4f3a-8f77-6f6c9b8ea23b,hxxp://ijzn3sicrcy7guixkzjkib4ukbiilwc3xhnmby4mcbccnsd7j2rekvqd[.]onion/?page=59,United States,official_website,"Covenant Health 40 Shattuck Road, Ste. 317 Andover, MA 01810",High,enriched
Qilin,658,59,Estes Forwarding Worldwide,Accounting Services,hxxp://www.efwnow.com,"Jun 23, 2025",302615,385.00 GB,385,hxxp://ijzn3sicrcy7guixkzjkib4ukbiilwc3xhnmby4mcbccnsd7j2rekvqd[.]onion/site/blog?uuid=2ddc558e-fe56-4d43-a9bf-83c3947a4692,hxxp://ijzn3sicrcy7guixkzjkib4ukbiilwc3xhnmby4mcbccnsd7j2rekvqd[.]onion/?page=59,United States,official_website,"Mention of multiple U.S. cities (Atlanta, Baltimore, Chicago, Dallas, El Paso, Greensboro, Harrisburg, Laredo, Los Angeles, Minneapolis, Phoenix, Salt Lake City, Savannah, Tacoma) and domestic shipping across the U.S. and Mexico cross-border solutions.",Medium,enriched
Qilin,657,59,"Quaser Machine Tools, Inc",,hxxps://www.quaser.com/,"Jun 23, 2025",,,,hxxp://ijzn3sicrcy7guixkzjkib4ukbiilwc3xhnmby4mcbccnsd7j2rekvqd[.]onion/site/blog?uuid=eaf6365e-c2ec-4aa5-99da-e8f950747a21,hxxp://ijzn3sicrcy7guixkzjkib4ukbiilwc3xhnmby4mcbccnsd7j2rekvqd[.]onion/?page=59,Taiwan,official_website,"Address No.3, Gong 6th Rd., Youshih Industrial Park, Dajia Dist, Taichung City 437106, Taiwan; phone country code +886; email ending in .tw",High,enriched
Qilin,651,59,fiestafranchise.com,Accounting Services,hxxps://fiestafranchise.com,"Jun 18, 2025",0,870.00 GB,870,hxxp://ijzn3sicrcy7guixkzjkib4ukbiilwc3xhnmby4mcbccnsd7j2rekvqd[.]onion/site/blog?uuid=98341298-76b0-41d8-aad7-478e475acabc,hxxp://ijzn3sicrcy7guixkzjkib4ukbiilwc3xhnmby4mcbccnsd7j2rekvqd[.]onion/?page=59,United States,official_website,"Operating in key states such as California, Texas, Florida, Colorado, New Mexico, Ohio, and Tennessee, and offering veteran discounts.",High,enriched
Qilin,650,59,gmaxequine.com,Accounting Services,hxxps://gmaxequine.com/,"Jun 18, 2025",0,8.00 GB,8,hxxp://ijzn3sicrcy7guixkzjkib4ukbiilwc3xhnmby4mcbccnsd7j2rekvqd[.]onion/site/blog?uuid=5aa75aed-743f-4f74-aeca-8e52d2b5fdcd,hxxp://ijzn3sicrcy7guixkzjkib4ukbiilwc3xhnmby4mcbccnsd7j2rekvqd[.]onion/?page=59,United Kingdom,official_website,"Visible text contains the copyright notice '© Gmax Technology Ltd 2026' and mentions Ascot Racecourse and TPD, combined with UK spelling/context.",Medium,enriched
Qilin,647,59,accu-search.com,Accounting Services,hxxps://www.accu-search.com/,"Jun 18, 2025",,,,hxxp://ijzn3sicrcy7guixkzjkib4ukbiilwc3xhnmby4mcbccnsd7j2rekvqd[.]onion/site/blog?uuid=bbda7083-384f-4327-84d6-a66235fe20e1,hxxp://ijzn3sicrcy7guixkzjkib4ukbiilwc3xhnmby4mcbccnsd7j2rekvqd[.]onion/?page=59,Canada,official_website,"The webpage explicitly references being an 'Authorized Alberta Registry Agent' with offices in 'Edmonton and Calgary', offering services such as 'Alberta Health Care', 'Alberta Incorporation', and 'Alberta Driver’s Licence', which clearly identifies the location as Alberta, Canada.",High,enriched
Qilin,645,59,KONTEK Systems,Electronics,hxxps://www.kontek.com/,"Jun 18, 2025",0,274.00 GB,274,hxxp://ijzn3sicrcy7guixkzjkib4ukbiilwc3xhnmby4mcbccnsd7j2rekvqd[.]onion/site/blog?uuid=37c49a93-3af4-4e97-bcae-a17e41be8def,hxxp://ijzn3sicrcy7guixkzjkib4ukbiilwc3xhnmby4mcbccnsd7j2rekvqd[.]onion/?page=59,United States,official_website,"Our clients include North Carolina’s most prestigious research universities, medical centers, life sciences, commercial, government agencies, and arts facilities.",High,enriched
Qilin,644,59,Hartshorne Plunkard Architecture,"Energy, Utilities & Waste",hxxps://hparchitecture.com/,"Jun 18, 2025",0,50.00 GB,50,hxxp://ijzn3sicrcy7guixkzjkib4ukbiilwc3xhnmby4mcbccnsd7j2rekvqd[.]onion/site/blog?uuid=8b13dd45-b649-4c81-80de-df544bb7da84,hxxp://ijzn3sicrcy7guixkzjkib4ukbiilwc3xhnmby4mcbccnsd7j2rekvqd[.]onion/?page=59,United States,official_website,"Contact address lists: 315 WEST WALTON CHICAGO, IL 60610; text mentions practice nationally from our Near North studio in Chicago.",High,enriched
Qilin,643,59,springbrooksoftware.com,Software,hxxps://springbrooksoftware.com/,"Jun 18, 2025",0,"1,200.00 GB",1200,hxxp://ijzn3sicrcy7guixkzjkib4ukbiilwc3xhnmby4mcbccnsd7j2rekvqd[.]onion/site/blog?uuid=32d66249-2037-4bee-a7d2-65721085bae3,hxxp://ijzn3sicrcy7guixkzjkib4ukbiilwc3xhnmby4mcbccnsd7j2rekvqd[.]onion/?page=59,United States,official_website,"References to local government entities, US-centric phone formats, and specific events such as 'Orlando, Florida' indicate operations in the United States.",Medium,enriched
Qilin,642,60,connexcu.org,Accounting Services,hxxps://www.connexcu.org/home/home,"Jun 18, 2025",0,161.00 GB,161,hxxp://ijzn3sicrcy7guixkzjkib4ukbiilwc3xhnmby4mcbccnsd7j2rekvqd[.]onion/site/blog?uuid=5d538590-5fd8-4aa3-bd7d-cb0e44449eed,hxxp://ijzn3sicrcy7guixkzjkib4ukbiilwc3xhnmby4mcbccnsd7j2rekvqd[.]onion/?page=60,United States,official_website,"References to American banking terms such as Routing Number, Zelle®, federally structured credit union terminology (NCUA implied/ADA standards), and US phone numbers (1-800-CR-UNION, area code 203 which serves Connecticut, USA).",High,enriched
Qilin,640,60,realityfinance.com,Banking,hxxps://www.realityfinance.com/,"Jun 18, 2025",0,130.00 GB,130,hxxp://ijzn3sicrcy7guixkzjkib4ukbiilwc3xhnmby4mcbccnsd7j2rekvqd[.]onion/site/blog?uuid=e7f25665-fb91-4313-adea-306f4929cb75,hxxp://ijzn3sicrcy7guixkzjkib4ukbiilwc3xhnmby4mcbccnsd7j2rekvqd[.]onion/?page=60,United Kingdom,official_website,"The eligibility criteria explicitly states 'UK-based business – Your company must be registered and trading in the UK', and the phone number format (01483) and references to HMRC, VAT, and Corporation Tax point directly to the United Kingdom.",High,enriched
Qilin,639,60,infiniteservices.org,Accounting Services,hxxps://infiniteservices.org/,"Jun 18, 2025",0,483.00 GB,483,hxxp://ijzn3sicrcy7guixkzjkib4ukbiilwc3xhnmby4mcbccnsd7j2rekvqd[.]onion/site/blog?uuid=4ad87c93-baa0-4315-801d-ff32e6ffc507,hxxp://ijzn3sicrcy7guixkzjkib4ukbiilwc3xhnmby4mcbccnsd7j2rekvqd[.]onion/?page=60,United States,official_website,Headquarters 2632 Atlantic Ave Brooklyn NY 11207,High,enriched
Qilin,638,60,windowmaster.com,Accounting Services,hxxps://www.windowmaster.com/,"Jun 17, 2025",0,530.00 GB,530,hxxp://ijzn3sicrcy7guixkzjkib4ukbiilwc3xhnmby4mcbccnsd7j2rekvqd[.]onion/site/blog?uuid=ff4c461e-dd53-4d57-909c-5b6630e540a8,hxxp://ijzn3sicrcy7guixkzjkib4ukbiilwc3xhnmby4mcbccnsd7j2rekvqd[.]onion/?page=60,Denmark,official_website,Investor Info Find information about our listing on Nasdaq First North Copenhagen.,High,enriched
Qilin,634,60,www.skv.com,Accounting Services,hxxp://www.skv.com,"Jun 16, 2025",285272,455.00 GB,455,hxxp://ijzn3sicrcy7guixkzjkib4ukbiilwc3xhnmby4mcbccnsd7j2rekvqd[.]onion/site/blog?uuid=e01dde19-2922-476c-96fe-1df17095b2d1,hxxp://ijzn3sicrcy7guixkzjkib4ukbiilwc3xhnmby4mcbccnsd7j2rekvqd[.]onion/?page=60,Unknown,unknown,"No official website text, address, or registration metadata were provided in the evidence to determine the company's headquarters or country.",Unknown,unknown
Qilin,632,60,spg.net,Accounting Services,hxxp://www.spg.net,"Jun 14, 2025",108811,120.00 GB,120,hxxp://ijzn3sicrcy7guixkzjkib4ukbiilwc3xhnmby4mcbccnsd7j2rekvqd[.]onion/site/blog?uuid=a3cb203c-b15b-4323-a5cf-57c0c8730cb4,hxxp://ijzn3sicrcy7guixkzjkib4ukbiilwc3xhnmby4mcbccnsd7j2rekvqd[.]onion/?page=60,United States,official_website,"Headquarters listed as 15 Cody Fowler Rd, Suite 100 Commerce, GA 30530, with licenses across multiple US states (GA, AL, SC, TX).",High,enriched
Qilin,627,60,talismancivil.com,Accounting Services,hxxps://talismancivil.com/,"Jun 12, 2025",0,576.00 GB,576,hxxp://ijzn3sicrcy7guixkzjkib4ukbiilwc3xhnmby4mcbccnsd7j2rekvqd[.]onion/site/blog?uuid=1ceb9c48-499f-4836-8a19-8d7a227fa0f3,hxxp://ijzn3sicrcy7guixkzjkib4ukbiilwc3xhnmby4mcbccnsd7j2rekvqd[.]onion/?page=60,United States,official_website,"Established in Salt Lake City in 2016, mentioning local U.S. landmarks/projects such as Powder Mountain.",High,enriched
Qilin,625,60,garmonandcompany.com,Accounting Services,hxxps://garmonandcompany.com/,"Jun 12, 2025",0,192.00 GB,192,hxxp://ijzn3sicrcy7guixkzjkib4ukbiilwc3xhnmby4mcbccnsd7j2rekvqd[.]onion/site/blog?uuid=242a932f-75d6-4d16-9aa0-5d304c0f4a02,hxxp://ijzn3sicrcy7guixkzjkib4ukbiilwc3xhnmby4mcbccnsd7j2rekvqd[.]onion/?page=60,United States,official_website,"Contact addresses listed on the website include Charlotte, NC 28208 and Kernersville, NC 27284, referencing North Carolina, USA.",High,enriched
Qilin,624,60,wilsonappliance.com,Accounting Services,hxxps://wilsonappliance.com/,"Jun 12, 2025",0,43.00 GB,43,hxxp://ijzn3sicrcy7guixkzjkib4ukbiilwc3xhnmby4mcbccnsd7j2rekvqd[.]onion/site/blog?uuid=cedec785-34c7-4a00-aadc-a03194d8367f,hxxp://ijzn3sicrcy7guixkzjkib4ukbiilwc3xhnmby4mcbccnsd7j2rekvqd[.]onion/?page=60,Unknown,unknown,,Unknown,unknown
Qilin,623,60,haydist.com,Accounting Services,hxxps://haydist.com/,"Jun 12, 2025",,,,hxxp://ijzn3sicrcy7guixkzjkib4ukbiilwc3xhnmby4mcbccnsd7j2rekvqd[.]onion/site/blog?uuid=9620ef44-a524-411e-af89-026d55969c27,hxxp://ijzn3sicrcy7guixkzjkib4ukbiilwc3xhnmby4mcbccnsd7j2rekvqd[.]onion/?page=60,Unknown,unknown,No evidence or webpage text was provided to determine the headquarters or primary registration country of the company.,Unknown,unknown
Qilin,621,60,dcinvestors.com,Accounting Services,hxxps://dcinvestors.com/,"Jun 12, 2025",0,"1,600.00 GB",1600,hxxp://ijzn3sicrcy7guixkzjkib4ukbiilwc3xhnmby4mcbccnsd7j2rekvqd[.]onion/site/blog?uuid=eb71e971-b1a4-4351-9e7f-691e0e6d5ea4,hxxp://ijzn3sicrcy7guixkzjkib4ukbiilwc3xhnmby4mcbccnsd7j2rekvqd[.]onion/?page=60,Unknown,unknown,"The supplied text mentions various subsidiary companies and brands such as Southern Tire Mart, KLLM, Frozen Food Express, and various Pine Belt dealerships, which are typically associated with the United States, but no explicit headquarters, registered office, or contact address country is stated in the text.",Unknown,unknown
Qilin,619,60,upstartpower.com,Accounting Services,hxxps://www.upstartpower.com/,"Jun 12, 2025",0,89.00 GB,89,hxxp://ijzn3sicrcy7guixkzjkib4ukbiilwc3xhnmby4mcbccnsd7j2rekvqd[.]onion/site/blog?uuid=31aef410-f40a-4dfa-802d-55871b22852f,hxxp://ijzn3sicrcy7guixkzjkib4ukbiilwc3xhnmby4mcbccnsd7j2rekvqd[.]onion/?page=60,United States,official_website,"Raleigh, NC mentioned in customer testimonial on the official website indicating a US location.",Medium,enriched
Qilin,617,60,550madison.com,Accounting Services,hxxps://550madison.com/,"Jun 12, 2025",0,700.00 GB,700,hxxp://ijzn3sicrcy7guixkzjkib4ukbiilwc3xhnmby4mcbccnsd7j2rekvqd[.]onion/site/blog?uuid=79ba367e-ef9b-4eef-8dee-986a40bf29bb,hxxp://ijzn3sicrcy7guixkzjkib4ukbiilwc3xhnmby4mcbccnsd7j2rekvqd[.]onion/?page=60,United States,official_website,"The website text references 'Midtown' and legal entities such as 'OAC 550 Owner LLC', and the address/name refers to 550 Madison Avenue, which is a well-known skyscraper located in New York City, United States.",High,enriched
Qilin,614,60,titantrailers.com,Accounting Services,hxxps://titantrailers.com/,"Jun 11, 2025",628679,"1,700.00 GB",1700,hxxp://ijzn3sicrcy7guixkzjkib4ukbiilwc3xhnmby4mcbccnsd7j2rekvqd[.]onion/site/blog?uuid=ac3d7d4a-51fb-4173-b942-845d23942817,hxxp://ijzn3sicrcy7guixkzjkib4ukbiilwc3xhnmby4mcbccnsd7j2rekvqd[.]onion/?page=60,Canada,official_website,"Titan Trailers Inc. is a company... in production facilities outside of Delhi, Ontario... 1129 Hwy#3 in Delhi, Ontario, Canada N4B 2W6",High,enriched
Qilin,611,60,Eaton Babb & Smith,Accounting Services,hxxp://www.ebs-cpa.com,"Jun 11, 2025",0,0.00 KB,0,hxxp://ijzn3sicrcy7guixkzjkib4ukbiilwc3xhnmby4mcbccnsd7j2rekvqd[.]onion/site/blog?uuid=c247ac95-0f48-4627-87c7-57bf1144ae88,hxxp://ijzn3sicrcy7guixkzjkib4ukbiilwc3xhnmby4mcbccnsd7j2rekvqd[.]onion/?page=60,United States,official_website,"Offices across North Mississippi, including New Albany, Tupelo, Ripley, MS, and references to U.S. federal income tax and federal legislation.",High,enriched
Qilin,608,60,palawancoop hospital,,hxxps://palawancoophospital.com/,"Jun 10, 2025",,,,hxxp://ijzn3sicrcy7guixkzjkib4ukbiilwc3xhnmby4mcbccnsd7j2rekvqd[.]onion/site/blog?uuid=296c63c8-a60f-441c-8bac-fb6c0874918f,hxxp://ijzn3sicrcy7guixkzjkib4ukbiilwc3xhnmby4mcbccnsd7j2rekvqd[.]onion/?page=60,Philippines,official_website,"The company is explicitly referred to as the Palawan Medical Mission Group Multipurpose Cooperative located in Puerto Princesa City, Palawan, referencing local addresses such as Malvar Street, Bgy. Mandaragat, Puerto Princesa City, and Philippine currency symbols (₱).",High,enriched
Qilin,607,60,rmzoilfield.com,Accounting Services,hxxps://www.rmzoilfield.com,"Jun 9, 2025",164067,206.00 GB,206,hxxp://ijzn3sicrcy7guixkzjkib4ukbiilwc3xhnmby4mcbccnsd7j2rekvqd[.]onion/site/blog?uuid=52bdf679-09ce-4d88-8639-e40b2e6c53fb,hxxp://ijzn3sicrcy7guixkzjkib4ukbiilwc3xhnmby4mcbccnsd7j2rekvqd[.]onion/?page=60,Singapore,official_website,Copyright notice references 'RMZ Oilfield Engineering Pte Ltd' and contact section displays Singapore phone country code (+65).,High,enriched
Qilin,606,60,Asefa Insuarance,Accounting Services,hxxp://www.asefa.es,"Jun 9, 2025",0,210.00 GB,210,hxxp://ijzn3sicrcy7guixkzjkib4ukbiilwc3xhnmby4mcbccnsd7j2rekvqd[.]onion/site/blog?uuid=aeb3fd76-2d45-48c3-b529-8f9e7dcc3887,hxxp://ijzn3sicrcy7guixkzjkib4ukbiilwc3xhnmby4mcbccnsd7j2rekvqd[.]onion/?page=60,Spain,domain_tld,Company URL uses the country-code domain suffix .es; verify against headquarters evidence.,Medium,tld_inferred
Qilin,597,60,www.waveny.org,Accounting Services,hxxp://www.waveny.org,"Jun 5, 2025",298070,224.00 GB,224,hxxp://ijzn3sicrcy7guixkzjkib4ukbiilwc3xhnmby4mcbccnsd7j2rekvqd[.]onion/site/blog?uuid=d08fb638-bac4-44e6-8b91-2a18411ac6e4,hxxp://ijzn3sicrcy7guixkzjkib4ukbiilwc3xhnmby4mcbccnsd7j2rekvqd[.]onion/?page=60,United States,official_website,"The webpage text mentions New Canaan, Connecticut (area code 203, Merritt Parkway, Route 106, LeadingAge Connecticut and Rhode Island), clearly placing the organization in the United States.",High,enriched
Qilin,593,60,britteninc.com,,hxxps://britteninc.com/,"Jun 5, 2025",,,,hxxp://ijzn3sicrcy7guixkzjkib4ukbiilwc3xhnmby4mcbccnsd7j2rekvqd[.]onion/site/blog?uuid=76c09363-cfc2-4795-a128-d08ac9d86480,hxxp://ijzn3sicrcy7guixkzjkib4ukbiilwc3xhnmby4mcbccnsd7j2rekvqd[.]onion/?page=60,Unknown,unknown,"No official website metadata, address, or registration details were provided in the supplied evidence.",Unknown,unknown
Qilin,590,61,microman.com,Accounting Services,hxxps://www.microman.com/,"Jun 5, 2025",0,8.00 GB,8,hxxp://ijzn3sicrcy7guixkzjkib4ukbiilwc3xhnmby4mcbccnsd7j2rekvqd[.]onion/site/blog?uuid=1c691328-8f9f-4fed-a163-6093814dd984,hxxp://ijzn3sicrcy7guixkzjkib4ukbiilwc3xhnmby4mcbccnsd7j2rekvqd[.]onion/?page=61,United States,official_website,"Meta description and text explicitly mention 'near Columbus, OH' and 'Central Ohio’s Choice for Managed IT Services' along with a US telephone area code (614).",High,enriched
Qilin,589,61,cityofbelvedere.org,Accounting Services,hxxps://www.cityofbelvedere.org/,"Jun 5, 2025",0,25.00 GB,25,hxxp://ijzn3sicrcy7guixkzjkib4ukbiilwc3xhnmby4mcbccnsd7j2rekvqd[.]onion/site/blog?uuid=b0617d8b-4e9e-41cc-9db9-7d747d6522ce,hxxp://ijzn3sicrcy7guixkzjkib4ukbiilwc3xhnmby4mcbccnsd7j2rekvqd[.]onion/?page=61,United States,official_website,"Contact address lists Belvedere, CA 94920, and text references Marin County, California law, and 450 San Rafael Ave Belvedere, CA.",High,enriched
Qilin,587,61,regen.com,Accounting Services,hxxps://www.regen.com/,"Jun 5, 2025",0,27.00 GB,27,hxxp://ijzn3sicrcy7guixkzjkib4ukbiilwc3xhnmby4mcbccnsd7j2rekvqd[.]onion/site/blog?uuid=e90349ec-37d9-453a-abdc-96caeb73b9fe,hxxp://ijzn3sicrcy7guixkzjkib4ukbiilwc3xhnmby4mcbccnsd7j2rekvqd[.]onion/?page=61,United States,official_website,"Contact and address information on the official website lists '1 Post Road, 3rd Floor, Fairfield, CT 06824' and mentions the FBI and CISA, indicating a United States location.",High,enriched
Qilin,586,61,frylite.com,Accounting Services,hxxps://frylite.com/,"Jun 5, 2025",0,70.00 GB,70,hxxp://ijzn3sicrcy7guixkzjkib4ukbiilwc3xhnmby4mcbccnsd7j2rekvqd[.]onion/site/blog?uuid=4dda8376-15d5-4ac2-bfe4-85c9e0ed3d04,hxxp://ijzn3sicrcy7guixkzjkib4ukbiilwc3xhnmby4mcbccnsd7j2rekvqd[.]onion/?page=61,United Kingdom,official_website,Group Head Office Orchard Road Industrial Estate Orchard Road Strabane Co Tyrone Northern Ireland BT82 9FR,High,enriched
Qilin,583,61,FLOE International,Accounting Services,hxxp://www.floeintl.com,"Jun 3, 2025",3370,123.00 GB,123,hxxp://ijzn3sicrcy7guixkzjkib4ukbiilwc3xhnmby4mcbccnsd7j2rekvqd[.]onion/site/blog?uuid=80662d5b-494d-4f28-b1a4-c5cbe341aa82,hxxp://ijzn3sicrcy7guixkzjkib4ukbiilwc3xhnmby4mcbccnsd7j2rekvqd[.]onion/?page=61,Unknown,unknown,"The provided evidence only contains the company name, sector, URL, and metadata regarding a ransomware leak (group, file count, data volume), but lacks any text, official address, registration details, or explicit country-identifying information.",Unknown,unknown
Qilin,574,61,Alten Sakai & Company LLP,Accounting Services,hxxps://www.altensakai.cpa/,"May 30, 2025",390000,555.00 GB,555,hxxp://ijzn3sicrcy7guixkzjkib4ukbiilwc3xhnmby4mcbccnsd7j2rekvqd[.]onion/site/blog?uuid=9ac5c663-d7a1-4280-ba2a-1f169e24b230,hxxp://ijzn3sicrcy7guixkzjkib4ukbiilwc3xhnmby4mcbccnsd7j2rekvqd[.]onion/?page=61,United States,official_website,"Alten Sakai & Company LLP 8625 SW Cascade Avenue, Suite 310 Beaverton, OR 97008 (mention of Portland's top 25 accounting firms, OR 97008 zip code)",High,enriched
Qilin,569,61,tmcousa.com,Accounting Services,hxxps://tmcousa.com/,"May 29, 2025",0,228.00 GB,228,hxxp://ijzn3sicrcy7guixkzjkib4ukbiilwc3xhnmby4mcbccnsd7j2rekvqd[.]onion/site/blog?uuid=5526bf6b-d539-4b3b-9dce-eb0ae420ced8,hxxp://ijzn3sicrcy7guixkzjkib4ukbiilwc3xhnmby4mcbccnsd7j2rekvqd[.]onion/?page=61,United States,official_website,"Copyright © 2021 TMCO Operating, LLC. All rights reserved. and phone number (713) 465-3255 (area code 713 is Houston, Texas, USA)",Medium,enriched
Qilin,567,61,ControlPoint Surveying,Construction,hxxps://www.cpshawaii.net/,"May 29, 2025",0,334.00 GB,334,hxxp://ijzn3sicrcy7guixkzjkib4ukbiilwc3xhnmby4mcbccnsd7j2rekvqd[.]onion/site/blog?uuid=3773a6d9-ada0-4c63-aa7e-2425c39b8988,hxxp://ijzn3sicrcy7guixkzjkib4ukbiilwc3xhnmby4mcbccnsd7j2rekvqd[.]onion/?page=61,United States,official_website,"The website domain and metadata explicitly reference Hawaii (cpshawaii.net, Oahu Land surveyor Hawaii, Licensed land surveyor Hawaii), indicating the company is based in the United States.",High,enriched
Qilin,563,61,personalassistants.com,Accounting Services,hxxps://www.personalassistants.com/,"May 29, 2025",0,130.00 GB,130,hxxp://ijzn3sicrcy7guixkzjkib4ukbiilwc3xhnmby4mcbccnsd7j2rekvqd[.]onion/site/blog?uuid=7cd6b053-fb55-4b89-855a-7048a763715f,hxxp://ijzn3sicrcy7guixkzjkib4ukbiilwc3xhnmby4mcbccnsd7j2rekvqd[.]onion/?page=61,United States,official_website,"Maestro Personal Assistant 16990 N. Dallas Parkway, Suite 200 Dallas , TX 75248",High,enriched
Qilin,562,61,Botetourt County Public Schools,Accounting Services,hxxps://www.bcps.k12.va.us/,"May 29, 2025",0,315.00 GB,315,hxxp://ijzn3sicrcy7guixkzjkib4ukbiilwc3xhnmby4mcbccnsd7j2rekvqd[.]onion/site/blog?uuid=17410c60-ff0c-49bf-b1cb-dca724e17a38,hxxp://ijzn3sicrcy7guixkzjkib4ukbiilwc3xhnmby4mcbccnsd7j2rekvqd[.]onion/?page=61,United States,domain_tld,Company URL uses the country-code domain suffix .us; verify against headquarters evidence.,Medium,tld_inferred
Qilin,556,61,Centralno grijanje Tuzla,Accounting Services,hxxps://www.grijanjetuzla.ba/,"May 26, 2025",0,191.00 GB,191,hxxp://ijzn3sicrcy7guixkzjkib4ukbiilwc3xhnmby4mcbccnsd7j2rekvqd[.]onion/site/blog?uuid=ab9fda30-9f6e-4286-bdc2-459f35513681,hxxp://ijzn3sicrcy7guixkzjkib4ukbiilwc3xhnmby4mcbccnsd7j2rekvqd[.]onion/?page=61,Bosnia and Herzegovina,official_website,"The company name 'Centralno grijanje Tuzla' and the country-code top-level domain '.ba' indicate Tuzla, Bosnia and Herzegovina.",Medium,enriched
Qilin,549,61,The Holiday:Adult Care Community & Retirement Homes,,hxxps://www.holidayretirement.com,"May 21, 2025",,,,hxxp://ijzn3sicrcy7guixkzjkib4ukbiilwc3xhnmby4mcbccnsd7j2rekvqd[.]onion/site/blog?uuid=335f53fc-a941-4299-afd2-9f076c714aff,hxxp://ijzn3sicrcy7guixkzjkib4ukbiilwc3xhnmby4mcbccnsd7j2rekvqd[.]onion/?page=61,United States,official_website,"Assisted Living Woonsocket, Rhode Island ... Skilled Nursing & Rehab Manville, Rhode Island",High,enriched
Qilin,542,61,gestionnaireimmobilier.ca,Accounting Services,hxxps://www.gestionnaireimmobilier.ca/,"May 16, 2025",0,355.00 GB,355,hxxp://ijzn3sicrcy7guixkzjkib4ukbiilwc3xhnmby4mcbccnsd7j2rekvqd[.]onion/site/blog?uuid=5aeb3187-ef75-47ab-ae60-d07c6ef2a0c4,hxxp://ijzn3sicrcy7guixkzjkib4ukbiilwc3xhnmby4mcbccnsd7j2rekvqd[.]onion/?page=61,Canada,domain_tld,Company URL uses the country-code domain suffix .ca; verify against headquarters evidence.,Medium,tld_inferred
Qilin,541,61,cwcglobal.com,Accounting Services,hxxps://cwcglobal.com/,"May 16, 2025",0,82.00 GB,82,hxxp://ijzn3sicrcy7guixkzjkib4ukbiilwc3xhnmby4mcbccnsd7j2rekvqd[.]onion/site/blog?uuid=346b214a-e1b6-4972-b862-b7cc435db66b,hxxp://ijzn3sicrcy7guixkzjkib4ukbiilwc3xhnmby4mcbccnsd7j2rekvqd[.]onion/?page=61,Unknown,unknown,"No official website metadata, address, or registration details were provided in the evidence to determine the company's headquarters or primary registration country.",Unknown,unknown
Qilin,540,61,chreynolds.com,Accounting Services,hxxps://chreynolds.com/,"May 16, 2025",0,481.00 GB,481,hxxp://ijzn3sicrcy7guixkzjkib4ukbiilwc3xhnmby4mcbccnsd7j2rekvqd[.]onion/site/blog?uuid=4a032c64-b4f7-4cd9-af2e-95c286e4397f,hxxp://ijzn3sicrcy7guixkzjkib4ukbiilwc3xhnmby4mcbccnsd7j2rekvqd[.]onion/?page=61,Unknown,unknown,"No official website metadata, address, or registration details were provided in the evidence to determine the company's country.",Unknown,unknown
Qilin,539,61,gmb.com,Accounting Services,hxxps://gmb.com/,"May 16, 2025",143823,150.00 GB,150,hxxp://ijzn3sicrcy7guixkzjkib4ukbiilwc3xhnmby4mcbccnsd7j2rekvqd[.]onion/site/blog?uuid=f1c0265d-71ff-4129-b74c-513b64da9078,hxxp://ijzn3sicrcy7guixkzjkib4ukbiilwc3xhnmby4mcbccnsd7j2rekvqd[.]onion/?page=61,Unknown,unknown,No text or metadata was collected from the official website or registry to determine the headquarters or primary registration country.,Unknown,unknown
Qilin,537,61,blainemn.gov,Accounting Services,hxxps://www.blainemn.gov/4013/Parks-Recreation,"May 16, 2025",0,489.00 GB,489,hxxp://ijzn3sicrcy7guixkzjkib4ukbiilwc3xhnmby4mcbccnsd7j2rekvqd[.]onion/site/blog?uuid=c7c4e3ac-6d93-49a4-a358-9ab33a8e5a1f,hxxp://ijzn3sicrcy7guixkzjkib4ukbiilwc3xhnmby4mcbccnsd7j2rekvqd[.]onion/?page=61,United States,official_website,"The webpage text references the City of Blaine, MN (Minnesota), including Blaine City Hall, local parks like Tom Ryan Park, and local government boards, indicating it is a United States municipal government website.",High,enriched
Qilin,535,61,Lingkaran Trans Kota Holdings Berhad,Industrial Machinery & Equipment,hxxp://www.litrak.com.my,"May 16, 2025",0,250.00 GB,250,hxxp://ijzn3sicrcy7guixkzjkib4ukbiilwc3xhnmby4mcbccnsd7j2rekvqd[.]onion/site/blog?uuid=fb96b296-75df-4808-8039-cbb9f7b04c5c,hxxp://ijzn3sicrcy7guixkzjkib4ukbiilwc3xhnmby4mcbccnsd7j2rekvqd[.]onion/?page=61,Malaysia,domain_tld,Company URL uses the country-code domain suffix .com.my; verify against headquarters evidence.,Medium,tld_inferred
Qilin,534,61,ITinSell group,Accounting Services,hxxps://itinsell.com,"May 15, 2025",99999,656.00 GB,656,hxxp://ijzn3sicrcy7guixkzjkib4ukbiilwc3xhnmby4mcbccnsd7j2rekvqd[.]onion/site/blog?uuid=51812fbf-c473-4377-a123-e12f3d763149,hxxp://ijzn3sicrcy7guixkzjkib4ukbiilwc3xhnmby4mcbccnsd7j2rekvqd[.]onion/?page=61,France,official_website,"Addresses listed on the official website include 'ZA Athélia III, 785 Voie Antiope, 13600 La Ciotat' and '61 rue Sully, 69006 Lyon', both of which are located in France (La Ciotat and Lyon).",High,enriched
Qilin,532,61,www.bestop.com,Accounting Services,hxxp://www.bestop.com,"May 14, 2025",300000,300.00 GB,300,hxxp://ijzn3sicrcy7guixkzjkib4ukbiilwc3xhnmby4mcbccnsd7j2rekvqd[.]onion/site/blog?uuid=8c58d2bb-381e-4dea-8c31-55101c209a96,hxxp://ijzn3sicrcy7guixkzjkib4ukbiilwc3xhnmby4mcbccnsd7j2rekvqd[.]onion/?page=61,Unknown,unknown,"The provided evidence only contains a domain name and a company name placeholder (www.bestop.com), along with ransomware leak site metadata. There is no explicit headquarters, registered office, contact address, or company profile evidence provided.",Unknown,unknown
Qilin,530,62,Southeastern Food Supplies,Accounting Services,hxxps://www.sefoodsupplies.com,"May 13, 2025",56572,107.00 GB,107,hxxp://ijzn3sicrcy7guixkzjkib4ukbiilwc3xhnmby4mcbccnsd7j2rekvqd[.]onion/site/blog?uuid=06177697-b2c3-4335-bb0a-998d1dd96efc,hxxp://ijzn3sicrcy7guixkzjkib4ukbiilwc3xhnmby4mcbccnsd7j2rekvqd[.]onion/?page=62,United States,official_website,"The website text explicitly states 'Southeastern Food Supplies is Florida’s market leader in Asian Food Service' and lists an address in Tampa, FL 33619.",High,enriched
Qilin,528,62,bicicletasmilan.com,Accounting Services,hxxp://www.bicicletasmilan.com,"May 12, 2025",172648,85.00 GB,85,hxxp://ijzn3sicrcy7guixkzjkib4ukbiilwc3xhnmby4mcbccnsd7j2rekvqd[.]onion/site/blog?uuid=9544f758-6876-4cc1-83d9-ae6a4ac7b8f4,hxxp://ijzn3sicrcy7guixkzjkib4ukbiilwc3xhnmby4mcbccnsd7j2rekvqd[.]onion/?page=62,Colombia,official_website,"Industrias Bicicletas Milan S.A es una marca líder en el sector del ciclismo... somos una marca colombiana... contamos con bodegas en las principales ciudades: Bogotá, Medellín, Cali, Barranquilla, Bucaramanga y Cúcuta.",High,enriched
Qilin,509,62,www.ancc.org,Accounting Services,hxxp://www.ancc.org,"May 1, 2025",377556,167.00 GB,167,hxxp://ijzn3sicrcy7guixkzjkib4ukbiilwc3xhnmby4mcbccnsd7j2rekvqd[.]onion/site/blog?uuid=7c8e6ad9-2763-49ca-98a1-72c5d8c8e5a3,hxxp://ijzn3sicrcy7guixkzjkib4ukbiilwc3xhnmby4mcbccnsd7j2rekvqd[.]onion/?page=62,Unknown,unknown,"No official website metadata, address, or registration details were provided in the evidence to determine the company's headquarters or primary registration country.",Unknown,unknown
Qilin,505,62,rfsd13.org,Accounting Services,hxxps://rfsd13.org/,"Apr 30, 2025",0,36.00 GB,36,hxxp://ijzn3sicrcy7guixkzjkib4ukbiilwc3xhnmby4mcbccnsd7j2rekvqd[.]onion/site/blog?uuid=02eed2a1-e0d3-4800-9552-77f342340bb1,hxxp://ijzn3sicrcy7guixkzjkib4ukbiilwc3xhnmby4mcbccnsd7j2rekvqd[.]onion/?page=62,United States,official_website,"Contact address lists Rock Falls, IL 61071 (Rock Falls Elementary School District, 602 Fourth Avenue, Rock Falls, IL)",High,enriched
Qilin,502,62,dlcid.com,Accounting Services,hxxps://dlcid.com/,"Apr 30, 2025",0,91.00 GB,91,hxxp://ijzn3sicrcy7guixkzjkib4ukbiilwc3xhnmby4mcbccnsd7j2rekvqd[.]onion/site/blog?uuid=5c6faa94-fa98-4a30-99be-2343feacc724,hxxp://ijzn3sicrcy7guixkzjkib4ukbiilwc3xhnmby4mcbccnsd7j2rekvqd[.]onion/?page=62,United States,official_website,based in San Francisco,High,enriched
Qilin,480,62,1sthealthinc.com,Accounting Services,hxxp://www.1sthealthinc.com,"Apr 17, 2025",231063,227.00 GB,227,hxxp://ijzn3sicrcy7guixkzjkib4ukbiilwc3xhnmby4mcbccnsd7j2rekvqd[.]onion/site/blog?uuid=a140508e-0c35-4658-8cfc-7377995cbf8f,hxxp://ijzn3sicrcy7guixkzjkib4ukbiilwc3xhnmby4mcbccnsd7j2rekvqd[.]onion/?page=62,United States,official_website,"The visible text mentions office locations in Oregon (Beaverton, OR and Portland, OR) as well as Albuquerque, and references US addresses and phone numbers.",High,enriched
Qilin,478,62,yankeetrails.com,Accounting Services,hxxps://www.yankeetrails.com/,"Apr 17, 2025",0,96.00 GB,96,hxxp://ijzn3sicrcy7guixkzjkib4ukbiilwc3xhnmby4mcbccnsd7j2rekvqd[.]onion/site/blog?uuid=ac2d1d26-7c68-4c00-9f60-619be3203313,hxxp://ijzn3sicrcy7guixkzjkib4ukbiilwc3xhnmby4mcbccnsd7j2rekvqd[.]onion/?page=62,United States,official_website,"Website metadata and text reference Albany, NY and multiple US locations (The Villages, FL; Treasure Coast, FL) and US telephone area codes.",High,enriched
Qilin,473,62,www.clubcar.com,Accounting Services,hxxp://www.clubcar.com,"Apr 15, 2025",0,200.00 GB,200,hxxp://ijzn3sicrcy7guixkzjkib4ukbiilwc3xhnmby4mcbccnsd7j2rekvqd[.]onion/site/blog?uuid=b2664901-822f-49ce-a3cd-0dfaa7807b21,hxxp://ijzn3sicrcy7guixkzjkib4ukbiilwc3xhnmby4mcbccnsd7j2rekvqd[.]onion/?page=62,United States,official_website,"Explore Club Car®, America’s trusted brand in golf carts... Rebates valid in US & Canada. Financing in US only.",High,enriched
Qilin,426,62,yuagam,Accounting Services,hxxps://yuagam.yeditepe.edu.tr/,"Apr 4, 2025",308575,113.00 GB,113,hxxp://ijzn3sicrcy7guixkzjkib4ukbiilwc3xhnmby4mcbccnsd7j2rekvqd[.]onion/site/blog?uuid=42f8ecff-d6b7-42d0-affd-ac29f954f857,hxxp://ijzn3sicrcy7guixkzjkib4ukbiilwc3xhnmby4mcbccnsd7j2rekvqd[.]onion/?page=62,Türkiye,domain_tld,Company URL uses the country-code domain suffix .tr; verify against headquarters evidence.,Medium,tld_inferred
Qilin,424,62,dgr.at,Accounting Services,hxxps://www.dgr.at/dgr.at/home/1/24/,"Apr 4, 2025",20663,7.00 GB,7,hxxp://ijzn3sicrcy7guixkzjkib4ukbiilwc3xhnmby4mcbccnsd7j2rekvqd[.]onion/site/blog?uuid=ae8a2f36-fdaf-42f7-961e-5b613212b423,hxxp://ijzn3sicrcy7guixkzjkib4ukbiilwc3xhnmby4mcbccnsd7j2rekvqd[.]onion/?page=62,Austria,domain_tld,Company URL uses the country-code domain suffix .at; verify against headquarters evidence.,Medium,tld_inferred
Qilin,422,62,yumaspazio.com,Accounting Services,hxxp://yumaspazio.com/,"Apr 4, 2025",52992,132.00 GB,132,hxxp://ijzn3sicrcy7guixkzjkib4ukbiilwc3xhnmby4mcbccnsd7j2rekvqd[.]onion/site/blog?uuid=1d7a668c-c063-4e33-a1c8-e7f6e922e4ba,hxxp://ijzn3sicrcy7guixkzjkib4ukbiilwc3xhnmby4mcbccnsd7j2rekvqd[.]onion/?page=62,Spain,official_website,"Visítanos en nuestro almacen de C/Remences 106, 08304 Mataró (Barcelona) O llámanos al +34 93 791 35 31",High,enriched
Qilin,408,62,frazerllp.com,Accounting Services,hxxps://frazerllp.com/,"Mar 28, 2025",93308,69.00 GB,69,hxxp://ijzn3sicrcy7guixkzjkib4ukbiilwc3xhnmby4mcbccnsd7j2rekvqd[.]onion/site/blog?uuid=d3508354-e9d1-4dca-bf76-88a7a1cfec60,hxxp://ijzn3sicrcy7guixkzjkib4ukbiilwc3xhnmby4mcbccnsd7j2rekvqd[.]onion/?page=62,United States,official_website,"Contact addresses listed in California (Anaheim, CA and Visalia, CA) with US telephone area codes.",High,enriched
Qilin,394,62,charlesjones.ca,Accounting Services,hxxps://charlesjones.ca/,"Mar 21, 2025",45673,58.00 GB,58,hxxp://ijzn3sicrcy7guixkzjkib4ukbiilwc3xhnmby4mcbccnsd7j2rekvqd[.]onion/site/blog?uuid=459aa7b3-5a8a-4d82-95e7-4e06823eaf7a,hxxp://ijzn3sicrcy7guixkzjkib4ukbiilwc3xhnmby4mcbccnsd7j2rekvqd[.]onion/?page=62,Canada,domain_tld,Company URL uses the country-code domain suffix .ca; verify against headquarters evidence.,Medium,tld_inferred
